date,reservoir,full_depth_ft,full_capacity_mcft,level_ft,storage_mcft,inflow_cusecs,outflow_cusecs,last_year_level_ft,last_year_storage_mcft,storage_percentage
08-06-2023,Amaravathi,90,4047,39.33,511,1002,850,40.62,554,12.63
08-06-2023,Bhavanisagar,105,32800,51.49,5525,201,130,54.13,6257,16.84
08-06-2023,Manimuthar,118,5511,66.5,1314,1045,1082,62.76,1137,23.84
08-06-2023,Mettur,120,93470,82.45,36581,842,723,78.94,32806,39.14
08-06-2023,Papanasam,143,5500,72.2,996,1203,1223,73.2,1031,18.11
08-06-2023,Vaigai,71,6091,21.42,305,941,1015,21.46,306,5.01
09-06-2023,Amaravathi,90,4047,37.98,468,136,72,39.63,521,11.56
09-06-2023,Bhavanisagar,105,32800,52.04,5672,226,218,51.36,5490,17.29
09-06-2023,Manimuthar,118,5511,63.26,1160,479,270,60.93,1056,21.05
09-06-2023,Mettur,120,93470,80.94,34922,108,57,84.38,38758,37.36
09-06-2023,Papanasam,143,5500,68.8,883,1685,1348,71.9,986,16.05
09-06-2023,Vaigai,71,6091,21.42,305,410,390,22.37,339,5.01
10-06-2023,Amaravathi,90,4047,37.7,459,760,566,39.34,511,11.34
10-06-2023,Bhavanisagar,105,32800,50.58,5282,294,210,49.62,5035,16.1
10-06-2023,Manimuthar,118,5511,63.95,1192,909,489,63.31,1162,21.63
10-06-2023,Mettur,120,93470,84.95,39410,13,14,88.24,43341,42.16
10-06-2023,Papanasam,143,5500,68.29,867,1588,1163,68.31,868,15.76
10-06-2023,Vaigai,71,6091,21.42,305,1025,642,21.54,309,5.01
11-06-2023,Amaravathi,90,4047,37.61,457,226,114,36.69,430,11.29
11-06-2023,Bhavanisagar,105,32800,50.01,5136,470,359,52.22,5721,15.66
11-06-2023,Manimuthar,118,5511,65.72,1276,717,415,64.32,1209,23.15
11-06-2023,Mettur,120,93470,83.09,37289,152,92,79.84,33747,39.89
11-06-2023,Papanasam,143,5500,71.39,968,255,228,75.45,1112,17.6
11-06-2023,Vaigai,71,6091,21.42,305,126,89,22.49,344,5.01
12-06-2023,Amaravathi,90,4047,35.62,399,489,501,37.32,448,9.86
12-06-2023,Bhavanisagar,105,32800,54.45,6351,95,103,52.77,5874,19.36
12-06-2023,Manimuthar,118,5511,64.32,1209,2263,2254,67.83,1381,21.94
12-06-2023,Mettur,120,93470,81.85,35915,361,243,82.94,37121,38.42
12-06-2023,Papanasam,143,5500,73.24,1033,33,27,71.41,969,18.78
12-06-2023,Vaigai,71,6091,21.42,305,575,329,21.42,305,5.01
13-06-2023,Amaravathi,90,4047,39.11,504,197,153,39.34,511,12.45
13-06-2023,Bhavanisagar,105,32800,53.21,5996,48,43,53.81,6168,18.28
13-06-2023,Manimuthar,118,5511,62.93,1145,1195,1210,63.51,1171,20.78
13-06-2023,Mettur,120,93470,76.45,30283,96,64,75.21,29069,32.4
13-06-2023,Papanasam,143,5500,70.72,946,91,87,68.26,866,17.2
13-06-2023,Vaigai,71,6091,21.42,305,529,323,22.17,332,5.01
14-06-2023,Amaravathi,90,4047,38.68,490,303,152,36.29,418,12.11
14-06-2023,Bhavanisagar,105,32800,47.44,4499,983,606,49.21,4932,13.72
14-06-2023,Manimuthar,118,5511,58.88,969,1090,664,55.61,840,17.58
14-06-2023,Mettur,120,93470,84.69,39114,142,114,85.62,40198,41.85
14-06-2023,Papanasam,143,5500,70.56,941,565,506,66.28,804,17.11
14-06-2023,Vaigai,71,6091,21.42,305,881,589,21.42,305,5.01
15-06-2023,Amaravathi,90,4047,36.78,432,395,313,34.57,370,10.67
15-06-2023,Bhavanisagar,105,32800,47.2,4443,669,502,46.96,4387,13.55
15-06-2023,Manimuthar,118,5511,64.89,1236,1890,949,68.45,1412,22.43
15-06-2023,Mettur,120,93470,80.73,34693,30,25,77.43,31264,37.12
15-06-2023,Papanasam,143,5500,70.19,928,177,134,68.75,881,16.87
15-06-2023,Vaigai,71,6091,21.42,305,498,534,21.42,305,5.01
16-06-2023,Amaravathi,90,4047,36.51,424,525,357,35.01,382,10.48
16-06-2023,Bhavanisagar,105,32800,51.2,5446,460,318,51.79,5603,16.6
16-06-2023,Manimuthar,118,5511,62.23,1113,765,757,60.28,1028,20.2
16-06-2023,Mettur,120,93470,79.81,33713,737,563,76.05,29891,36.07
16-06-2023,Papanasam,143,5500,72.67,1013,629,442,74.39,1074,18.42
16-06-2023,Vaigai,71,6091,21.42,305,759,707,21.58,310,5.01
17-06-2023,Amaravathi,90,4047,38.95,499,334,213,39.11,504,12.33
17-06-2023,Bhavanisagar,105,32800,48.71,4807,3492,2657,51.08,5413,14.66
17-06-2023,Manimuthar,118,5511,66.17,1298,943,926,64.14,1200,23.55
17-06-2023,Mettur,120,93470,80.56,34521,437,227,84.38,38760,36.93
17-06-2023,Papanasam,143,5500,72.84,1019,1187,1017,75.27,1106,18.53
17-06-2023,Vaigai,71,6091,21.42,305,2350,2146,22.4,341,5.01
18-06-2023,Amaravathi,90,4047,37.86,465,109,98,38.99,500,11.49
18-06-2023,Bhavanisagar,105,32800,49.27,4947,146,109,47.57,4531,15.08
18-06-2023,Manimuthar,118,5511,62.48,1124,1380,898,62.13,1109,20.4
18-06-2023,Mettur,120,93470,83.22,37433,239,194,83.68,37957,40.05
18-06-2023,Papanasam,143,5500,73.11,1028,239,226,70.46,937,18.69
18-06-2023,Vaigai,71,6091,21.42,305,219,149,22.13,330,5.01
19-06-2023,Amaravathi,90,4047,36.17,414,74,57,34.23,361,10.23
19-06-2023,Bhavanisagar,105,32800,49.72,5060,0,0,51.71,5582,15.43
19-06-2023,Manimuthar,118,5511,66.62,1320,652,669,66.82,1330,23.95
19-06-2023,Mettur,120,93470,78.25,32092,130,140,80.77,34741,34.33
19-06-2023,Papanasam,143,5500,75.38,1110,967,950,78.21,1217,20.18
19-06-2023,Vaigai,71,6091,21.42,305,225,188,21.42,305,5.01
20-06-2023,Amaravathi,90,4047,36.06,411,479,388,37.83,464,10.16
20-06-2023,Bhavanisagar,105,32800,48.88,4850,82,44,50.17,5176,14.79
20-06-2023,Manimuthar,118,5511,65.73,1276,237,129,65.29,1255,23.15
20-06-2023,Mettur,120,93470,83.02,37213,59,36,78.29,32136,39.81
20-06-2023,Papanasam,143,5500,69.1,893,67,63,72.2,996,16.24
20-06-2023,Vaigai,71,6091,21.42,305,132,108,21.42,305,5.01
21-06-2023,Amaravathi,90,4047,38.52,485,509,432,38.06,471,11.98
21-06-2023,Bhavanisagar,105,32800,50.72,5318,1691,1282,48.31,4711,16.21
21-06-2023,Manimuthar,118,5511,63.34,1163,984,510,63.99,1193,21.1
21-06-2023,Mettur,120,93470,81.68,35731,251,184,79.39,33280,38.23
21-06-2023,Papanasam,143,5500,71.9,986,673,394,75.51,1114,17.93
21-06-2023,Vaigai,71,6091,21.42,305,250,177,21.42,305,5.01
22-06-2023,Amaravathi,90,4047,38.67,490,362,360,40.13,537,12.11
22-06-2023,Bhavanisagar,105,32800,46.56,4295,300,261,47.76,4577,13.09
22-06-2023,Manimuthar,118,5511,65.28,1255,216,144,64.81,1232,22.77
22-06-2023,Mettur,120,93470,80.15,34079,211,174,76.58,30408,36.46
22-06-2023,Papanasam,143,5500,72.09,993,578,558,74.1,1063,18.05
22-06-2023,Vaigai,71,6091,21.42,305,664,473,21.86,320,5.01
23-06-2023,Amaravathi,90,4047,37.27,447,133,122,36.32,419,11.05
23-06-2023,Bhavanisagar,105,32800,50.22,5188,75,39,53.07,5958,15.82
23-06-2023,Manimuthar,118,5511,64.26,1206,282,265,65.34,1257,21.88
23-06-2023,Mettur,120,93470,83.76,38046,1037,564,88.45,43603,40.7
23-06-2023,Papanasam,143,5500,72.64,1011,2198,1250,73.33,1036,18.38
23-06-2023,Vaigai,71,6091,21.42,305,836,764,21.42,305,5.01
24-06-2023,Amaravathi,90,4047,36.61,427,827,527,34.31,363,10.55
24-06-2023,Bhavanisagar,105,32800,51.76,5596,267,204,52.83,5891,17.06
24-06-2023,Manimuthar,118,5511,65.24,1253,1640,1244,68.88,1435,22.74
24-06-2023,Mettur,120,93470,79.62,33514,3,2,81.56,35594,35.86
24-06-2023,Papanasam,143,5500,73.57,1044,1326,1441,73.68,1048,18.98
24-06-2023,Vaigai,71,6091,21.42,305,18,13,21.42,305,5.01
25-06-2023,Amaravathi,90,4047,36.61,427,803,483,34.81,377,10.55
25-06-2023,Bhavanisagar,105,32800,49.28,4951,455,462,51.38,5494,15.09
25-06-2023,Manimuthar,118,5511,65,1241,155,143,65.27,1254,22.52
25-06-2023,Mettur,120,93470,82.73,36882,835,803,78.32,32169,39.46
25-06-2023,Papanasam,143,5500,72.86,1019,1136,859,72.17,995,18.53
25-06-2023,Vaigai,71,6091,21.42,305,402,371,21.42,305,5.01
26-06-2023,Amaravathi,90,4047,37.12,442,413,217,39.13,504,10.92
26-06-2023,Bhavanisagar,105,32800,50.36,5226,422,460,51.87,5625,15.93
26-06-2023,Manimuthar,118,5511,63.78,1184,980,1036,65.52,1266,21.48
26-06-2023,Mettur,120,93470,79.21,33090,1272,1111,77.58,31411,35.4
26-06-2023,Papanasam,143,5500,73.71,1049,2723,1780,69.61,909,19.07
26-06-2023,Vaigai,71,6091,21.42,305,743,624,21.42,305,5.01
27-06-2023,Amaravathi,90,4047,36.26,417,805,558,35.46,394,10.3
27-06-2023,Bhavanisagar,105,32800,49.92,5112,182,149,52.75,5867,15.59
27-06-2023,Manimuthar,118,5511,66.44,1311,957,517,64.02,1195,23.79
27-06-2023,Mettur,120,93470,80.52,34475,42,28,78.81,32667,36.88
27-06-2023,Papanasam,143,5500,70.92,953,1081,942,74.68,1084,17.33
27-06-2023,Vaigai,71,6091,21.42,305,781,642,21.42,305,5.01
28-06-2023,Amaravathi,90,4047,40.08,536,101,61,41.76,593,13.24
28-06-2023,Bhavanisagar,105,32800,48.48,4751,4,2,46.9,4373,14.48
28-06-2023,Manimuthar,118,5511,59.97,1015,29,20,59.96,1014,18.42
28-06-2023,Mettur,120,93470,83.19,37407,1396,1093,79.26,33138,40.02
28-06-2023,Papanasam,143,5500,71.8,982,434,239,69.7,912,17.85
28-06-2023,Vaigai,71,6091,21.42,305,690,464,21.42,305,5.01
29-06-2023,Amaravathi,90,4047,36.84,434,189,137,38.42,482,10.72
29-06-2023,Bhavanisagar,105,32800,51.83,5615,1093,767,53.81,6167,17.12
29-06-2023,Manimuthar,118,5511,65.69,1274,152,91,65.76,1277,23.12
29-06-2023,Mettur,120,93470,84.44,38828,799,764,85.06,39541,41.54
29-06-2023,Papanasam,143,5500,71.95,988,86,54,68.42,871,17.96
29-06-2023,Vaigai,71,6091,21.42,305,109,96,22.35,339,5.01
30-06-2023,Amaravathi,90,4047,36.39,421,736,376,37.4,451,10.4
30-06-2023,Bhavanisagar,105,32800,48.78,4824,45,27,49.1,4904,14.71
30-06-2023,Manimuthar,118,5511,61.07,1062,566,588,60.88,1054,19.27
30-06-2023,Mettur,120,93470,81.19,35189,473,357,76.35,30179,37.65
30-06-2023,Papanasam,143,5500,74.09,1063,723,629,75.89,1128,19.33
30-06-2023,Vaigai,71,6091,21.42,305,904,903,22.37,339,5.01
01-07-2023,Amaravathi,90,4047,45.36,730,600,592,47.74,830,18.04
01-07-2023,Bhavanisagar,105,32800,57.56,7298,309,231,56.7,7028,22.25
01-07-2023,Manimuthar,118,5511,75.58,1809,1752,1850,71.73,1588,32.83
01-07-2023,Mettur,120,93470,98.02,56361,102,52,99.6,58667,60.3
01-07-2023,Papanasam,143,5500,84.22,1464,1588,1630,85.65,1527,26.62
01-07-2023,Vaigai,71,6091,21.42,305,840,853,21.42,305,5.01
02-07-2023,Amaravathi,90,4047,42.2,609,562,513,44.08,679,15.05
02-07-2023,Bhavanisagar,105,32800,55.95,6799,101,108,52.87,5902,20.73
02-07-2023,Manimuthar,118,5511,74.77,1761,798,602,73.19,1670,31.95
02-07-2023,Mettur,120,93470,95.28,52511,2143,1392,94.25,51099,56.18
02-07-2023,Papanasam,143,5500,84.59,1480,292,300,85.01,1499,26.91
02-07-2023,Vaigai,71,6091,21.42,305,617,483,21.42,305,5.01
03-07-2023,Amaravathi,90,4047,44.43,693,208,218,46.06,758,17.12
03-07-2023,Bhavanisagar,105,32800,58.36,7554,317,215,57.08,7147,23.03
03-07-2023,Manimuthar,118,5511,73.46,1685,921,461,77.43,1922,30.58
03-07-2023,Mettur,120,93470,91.21,47077,1267,807,86.39,41102,50.37
03-07-2023,Papanasam,143,5500,86.08,1546,2129,1115,85.01,1499,28.11
03-07-2023,Vaigai,71,6091,21.42,305,1839,1107,21.42,305,5.01
04-07-2023,Amaravathi,90,4047,43.76,667,107,72,44.35,690,16.48
04-07-2023,Bhavanisagar,105,32800,59,7762,117,103,56.24,6886,23.66
04-07-2023,Manimuthar,118,5511,75.09,1780,103,66,72.64,1638,32.3
04-07-2023,Mettur,120,93470,93.55,50158,2389,2352,95.03,52166,53.66
04-07-2023,Papanasam,143,5500,84.72,1486,937,957,87.46,1609,27.02
04-07-2023,Vaigai,71,6091,21.42,305,2422,2484,21.42,305,5.01
05-07-2023,Amaravathi,90,4047,43.98,676,1468,1526,44.63,701,16.7
05-07-2023,Bhavanisagar,105,32800,57.81,7377,65,67,55.6,6692,22.49
05-07-2023,Manimuthar,118,5511,74.7,1757,5004,2515,75.94,1831,31.88
05-07-2023,Mettur,120,93470,94.15,50960,1846,1813,90.5,46168,54.52
05-07-2023,Papanasam,143,5500,86.1,1547,895,974,87.99,1633,28.13
05-07-2023,Vaigai,71,6091,21.42,305,794,433,21.42,305,5.01
06-07-2023,Amaravathi,90,4047,44.02,677,626,329,43.21,646,16.73
06-07-2023,Bhavanisagar,105,32800,58.67,7655,72,77,56.85,7074,23.34
06-07-2023,Manimuthar,118,5511,75.42,1800,405,435,78.86,2012,32.66
06-07-2023,Mettur,120,93470,95.29,52525,1482,1537,93.18,49657,56.19
06-07-2023,Papanasam,143,5500,84.19,1463,437,423,80.65,1314,26.6
06-07-2023,Vaigai,71,6091,21.42,305,1872,1325,21.58,310,5.01
07-07-2023,Amaravathi,90,4047,43.56,660,177,157,43.38,653,16.31
07-07-2023,Bhavanisagar,105,32800,59.95,8081,1767,1062,62.42,8939,24.64
07-07-2023,Manimuthar,118,5511,76.06,1839,512,432,80.16,2096,33.37
07-07-2023,Mettur,120,93470,96.92,54803,104,66,96.07,53604,58.63
07-07-2023,Papanasam,143,5500,82.53,1392,3360,2315,81.82,1362,25.31
07-07-2023,Vaigai,71,6091,21.42,305,511,396,22.58,347,5.01
08-07-2023,Amaravathi,90,4047,41.69,591,2811,1767,41.77,594,14.6
08-07-2023,Bhavanisagar,105,32800,58.47,7589,1320,1400,61.24,8521,23.14
08-07-2023,Manimuthar,118,5511,74.8,1763,1691,1151,73.64,1695,31.99
08-07-2023,Mettur,120,93470,95.67,53045,6,4,94.71,51731,56.75
08-07-2023,Papanasam,143,5500,85.4,1516,54,31,87.86,1628,27.56
08-07-2023,Vaigai,71,6091,21.42,305,490,262,21.42,305,5.01
09-07-2023,Amaravathi,90,4047,44.1,680,1198,999,46.29,768,16.8
09-07-2023,Bhavanisagar,105,32800,58.08,7463,1541,1591,55.92,6789,22.75
09-07-2023,Manimuthar,118,5511,75.37,1797,162,101,76.77,1881,32.61
09-07-2023,Mettur,120,93470,95.6,52954,226,129,93.71,50374,56.65
09-07-2023,Papanasam,143,5500,81.63,1354,185,118,84.43,1473,24.62
09-07-2023,Vaigai,71,6091,21.42,305,1510,844,21.42,305,5.01
10-07-2023,Amaravathi,90,4047,43.66,663,83,71,42.53,621,16.38
10-07-2023,Bhavanisagar,105,32800,57.28,7209,425,312,57.58,7306,21.98
10-07-2023,Manimuthar,118,5511,72.44,1627,464,335,76.5,1865,29.52
10-07-2023,Mettur,120,93470,94.8,51850,658,606,93.23,49728,55.47
10-07-2023,Papanasam,143,5500,84.22,1464,21,14,86.19,1551,26.62
10-07-2023,Vaigai,71,6091,21.42,305,1158,971,21.42,305,5.01
11-07-2023,Amaravathi,90,4047,42.2,609,157,129,42.36,615,15.05
11-07-2023,Bhavanisagar,105,32800,57.25,7201,156,142,54.9,6483,21.95
11-07-2023,Manimuthar,118,5511,74.95,1772,1729,1266,78.54,1992,32.15
11-07-2023,Mettur,120,93470,95.87,53327,3211,3459,92.95,49356,57.05
11-07-2023,Papanasam,143,5500,82.95,1409,84,86,86.88,1583,25.62
11-07-2023,Vaigai,71,6091,21.42,305,1972,1893,22.2,333,5.01
12-07-2023,Amaravathi,90,4047,44.45,694,879,539,44.29,687,17.15
12-07-2023,Bhavanisagar,105,32800,58.5,7599,1432,1351,59.51,7931,23.17
12-07-2023,Manimuthar,118,5511,76.74,1880,3060,2246,78.37,1981,34.11
12-07-2023,Mettur,120,93470,91.35,47256,301,157,92.54,48810,50.56
12-07-2023,Papanasam,143,5500,83.59,1437,4,2,84.88,1493,26.13
12-07-2023,Vaigai,71,6091,21.42,305,551,561,22.48,343,5.01
13-07-2023,Amaravathi,90,4047,43.84,670,1146,937,43.29,649,16.56
13-07-2023,Bhavanisagar,105,32800,56.09,6840,152,125,53.2,5993,20.85
13-07-2023,Manimuthar,118,5511,73.02,1660,315,207,73.66,1697,30.12
13-07-2023,Mettur,120,93470,95.06,52202,628,333,92.48,48735,55.85
13-07-2023,Papanasam,143,5500,84.03,1456,363,363,86.17,1550,26.47
13-07-2023,Vaigai,71,6091,21.42,305,21,11,22.56,346,5.01
14-07-2023,Amaravathi,90,4047,45.12,720,2518,2273,42.72,628,17.79
14-07-2023,Bhavanisagar,105,32800,56.95,7107,36,23,59.95,8078,21.67
14-07-2023,Manimuthar,118,5511,74.8,1763,2497,2618,72.54,1633,31.99
14-07-2023,Mettur,120,93470,94.74,51769,140,111,100.04,59311,55.39
14-07-2023,Papanasam,143,5500,86.58,1569,2539,1411,84.53,1478,28.53
14-07-2023,Vaigai,71,6091,21.42,305,443,253,21.42,305,5.01
15-07-2023,Amaravathi,90,4047,42.82,632,555,574,40.65,555,15.62
15-07-2023,Bhavanisagar,105,32800,56.3,6906,2764,1966,53.08,5959,21.05
15-07-2023,Manimuthar,118,5511,75.43,1800,462,409,75.59,1810,32.66
15-07-2023,Mettur,120,93470,95.68,53059,249,224,98.61,57224,56.77
15-07-2023,Papanasam,143,5500,83.03,1413,560,447,83.45,1431,25.69
15-07-2023,Vaigai,71,6091,21.42,305,153,99,21.42,305,5.01
16-07-2023,Amaravathi,90,4047,45.14,721,487,372,45.86,750,17.82
16-07-2023,Bhavanisagar,105,32800,57.99,7435,2657,1553,59.78,8023,22.67
16-07-2023,Manimuthar,118,5511,74.27,1732,866,478,74.23,1730,31.43
16-07-2023,Mettur,120,93470,96.6,54339,412,362,98.12,56515,58.14
16-07-2023,Papanasam,143,5500,86.17,1550,932,789,82.03,1371,28.18
16-07-2023,Vaigai,71,6091,21.42,305,663,546,21.47,306,5.01
17-07-2023,Amaravathi,90,4047,43.9,672,1340,697,44.38,691,16.6
17-07-2023,Bhavanisagar,105,32800,57.05,7137,103,112,56.23,6884,21.76
17-07-2023,Manimuthar,118,5511,77.15,1905,2404,2495,75.62,1812,34.57
17-07-2023,Mettur,120,93470,93.35,49895,690,382,97,54913,53.38
17-07-2023,Papanasam,143,5500,82.31,1383,583,416,82.22,1379,25.15
17-07-2023,Vaigai,71,6091,21.42,305,7,3,21.42,305,5.01
18-07-2023,Amaravathi,90,4047,43.79,668,384,300,42.9,635,16.51
18-07-2023,Bhavanisagar,105,32800,57.67,7332,889,546,55.14,6553,22.35
18-07-2023,Manimuthar,118,5511,77.61,1933,373,201,77.66,1936,35.08
18-07-2023,Mettur,120,93470,93.2,49682,37,31,95.15,52329,53.15
18-07-2023,Papanasam,143,5500,84.38,1471,12,9,87.54,1612,26.75
18-07-2023,Vaigai,71,6091,21.42,305,206,213,22.48,344,5.01
19-07-2023,Amaravathi,90,4047,43.29,649,102,59,40.76,558,16.04
19-07-2023,Bhavanisagar,105,32800,59.81,8031,2503,2629,62.49,8964,24.48
19-07-2023,Manimuthar,118,5511,75.3,1793,828,416,71.5,1575,32.53
19-07-2023,Mettur,120,93470,94.02,50791,15,12,90.86,46624,54.34
19-07-2023,Papanasam,143,5500,85.81,1534,1362,1100,83.17,1419,27.89
19-07-2023,Vaigai,71,6091,21.42,305,3352,3564,21.42,305,5.01
20-07-2023,Amaravathi,90,4047,44.79,707,110,117,46.02,757,17.47
20-07-2023,Bhavanisagar,105,32800,59.82,8035,64,44,58.46,7586,24.5
20-07-2023,Manimuthar,118,5511,73.96,1714,700,473,71.93,1599,31.1
20-07-2023,Mettur,120,93470,93.05,49495,1056,773,97.75,55980,52.95
20-07-2023,Papanasam,143,5500,88.42,1653,8063,7147,90.44,1750,30.05
20-07-2023,Vaigai,71,6091,21.42,305,1476,1524,22.3,337,5.01
21-07-2023,Amaravathi,90,4047,44.22,685,913,809,45.91,752,16.93
21-07-2023,Bhavanisagar,105,32800,59.02,7769,908,647,56.44,6949,23.69
21-07-2023,Manimuthar,118,5511,73.11,1665,1831,1074,73.07,1663,30.21
21-07-2023,Mettur,120,93470,96,53509,133,93,91.38,47304,57.25
21-07-2023,Papanasam,143,5500,82.14,1375,608,433,85.14,1505,25
21-07-2023,Vaigai,71,6091,21.42,305,511,488,21.42,305,5.01
22-07-2023,Amaravathi,90,4047,44.27,687,1074,915,45.98,755,16.98
22-07-2023,Bhavanisagar,105,32800,59.88,8056,433,250,57.64,7323,24.56
22-07-2023,Manimuthar,118,5511,75.05,1778,1136,861,70.53,1522,32.26
22-07-2023,Mettur,120,93470,96.64,54397,1529,1273,96.98,54881,58.2
22-07-2023,Papanasam,143,5500,84.79,1489,549,296,86.62,1570,27.07
22-07-2023,Vaigai,71,6091,21.42,305,1529,1604,21.42,305,5.01
23-07-2023,Amaravathi,90,4047,43.38,653,67,61,43.55,659,16.14
23-07-2023,Bhavanisagar,105,32800,58.9,7730,244,165,59.9,8061,23.57
23-07-2023,Manimuthar,118,5511,75.57,1809,934,821,71.9,1597,32.83
23-07-2023,Mettur,120,93470,92.72,49054,249,138,96.99,54900,52.48
23-07-2023,Papanasam,143,5500,84.44,1474,42,27,82.94,1409,26.8
23-07-2023,Vaigai,71,6091,21.42,305,2692,1590,21.42,305,5.01
24-07-2023,Amaravathi,90,4047,42.87,634,872,902,42.85,633,15.67
24-07-2023,Bhavanisagar,105,32800,60.3,8196,405,402,58.1,7469,24.99
24-07-2023,Manimuthar,118,5511,76.11,1841,206,159,75.75,1820,33.41
24-07-2023,Mettur,120,93470,95.6,52950,372,263,98.14,56540,56.65
24-07-2023,Papanasam,143,5500,84.37,1471,26,22,83.47,1432,26.75
24-07-2023,Vaigai,71,6091,21.42,305,577,575,22,326,5.01
25-07-2023,Amaravathi,90,4047,43.22,647,1567,1161,41.08,570,15.99
25-07-2023,Bhavanisagar,105,32800,59.42,7900,569,557,57.07,7142,24.09
25-07-2023,Manimuthar,118,5511,74.74,1759,1498,1490,77.01,1896,31.92
25-07-2023,Mettur,120,93470,96.58,54315,2046,2111,99.74,58875,58.11
25-07-2023,Papanasam,143,5500,87.27,1600,2294,1834,89.42,1700,29.09
25-07-2023,Vaigai,71,6091,21.42,305,211,225,21.42,305,5.01
26-07-2023,Amaravathi,90,4047,42.87,634,1139,1077,40.46,548,15.67
26-07-2023,Bhavanisagar,105,32800,59.95,8078,23,21,58.6,7632,24.63
26-07-2023,Manimuthar,118,5511,73.9,1711,386,350,75.67,1815,31.05
26-07-2023,Mettur,120,93470,93.8,50494,158,164,94.99,52106,54.02
26-07-2023,Papanasam,143,5500,85.61,1525,1148,1196,80.61,1312,27.73
26-07-2023,Vaigai,71,6091,21.42,305,624,470,21.42,305,5.01
27-07-2023,Amaravathi,90,4047,43.24,648,224,148,43.49,657,16.01
27-07-2023,Bhavanisagar,105,32800,57.14,7166,51,44,55.32,6609,21.85
27-07-2023,Manimuthar,118,5511,74.56,1749,3017,2329,75.73,1818,31.74
27-07-2023,Mettur,120,93470,95.55,52878,8,4,97.4,55472,56.57
27-07-2023,Papanasam,143,5500,83.15,1418,533,483,78.96,1246,25.78
27-07-2023,Vaigai,71,6091,21.42,305,399,245,21.42,305,5.01
28-07-2023,Amaravathi,90,4047,43.94,674,395,384,43.99,676,16.65
28-07-2023,Bhavanisagar,105,32800,57.6,7312,143,97,54.66,6412,22.29
28-07-2023,Manimuthar,118,5511,73.06,1662,556,459,76.86,1887,30.16
28-07-2023,Mettur,120,93470,98.56,57148,949,602,101.03,60785,61.14
28-07-2023,Papanasam,143,5500,85.49,1520,515,561,80.75,1318,27.64
28-07-2023,Vaigai,71,6091,21.42,305,1439,1210,22.4,340,5.01
29-07-2023,Amaravathi,90,4047,43.15,644,123,116,42.61,624,15.91
29-07-2023,Bhavanisagar,105,32800,58.23,7512,2175,1095,58.12,7476,22.9
29-07-2023,Manimuthar,118,5511,75.05,1778,410,446,75.43,1800,32.26
29-07-2023,Mettur,120,93470,96,53510,243,168,98.78,57467,57.25
29-07-2023,Papanasam,143,5500,84.23,1464,1138,965,84.23,1465,26.62
29-07-2023,Vaigai,71,6091,21.42,305,910,831,21.85,320,5.01
30-07-2023,Amaravathi,90,4047,43.6,661,619,436,42.22,610,16.33
30-07-2023,Bhavanisagar,105,32800,58.02,7445,2344,1399,61.14,8486,22.7
30-07-2023,Manimuthar,118,5511,73.77,1703,137,105,69.34,1459,30.9
30-07-2023,Mettur,120,93470,96.91,54789,964,810,92,48110,58.62
30-07-2023,Papanasam,143,5500,84.97,1497,269,280,84.24,1465,27.22
30-07-2023,Vaigai,71,6091,21.42,305,65,66,22.12,330,5.01
31-07-2023,Amaravathi,90,4047,42.99,638,457,233,44.36,690,15.76
31-07-2023,Bhavanisagar,105,32800,57.6,7310,207,195,57.92,7412,22.29
31-07-2023,Manimuthar,118,5511,73.95,1713,529,578,75.43,1801,31.08
31-07-2023,Mettur,120,93470,95.89,53350,412,271,92.87,49253,57.08
31-07-2023,Papanasam,143,5500,85.52,1521,1514,1110,89.02,1681,27.65
31-07-2023,Vaigai,71,6091,21.42,305,253,243,21.42,305,5.01
01-08-2023,Amaravathi,90,4047,52.87,1070,2185,1739,50.94,976,26.44
01-08-2023,Bhavanisagar,105,32800,68.88,11432,994,613,66.03,10288,34.85
01-08-2023,Manimuthar,118,5511,87.48,2608,832,558,91.48,2916,47.32
01-08-2023,Mettur,120,93470,111.74,78205,2893,2542,115.59,85122,83.67
01-08-2023,Papanasam,143,5500,98.03,2140,1363,837,96.98,2083,38.91
01-08-2023,Vaigai,71,6091,21.42,305,2184,1097,21.42,305,5.01
02-08-2023,Amaravathi,90,4047,52.51,1052,1737,1597,50.87,972,25.99
02-08-2023,Bhavanisagar,105,32800,69.66,11757,3227,2248,68.57,11306,35.84
02-08-2023,Manimuthar,118,5511,88.41,2678,260,201,89.34,2748,48.59
02-08-2023,Mettur,120,93470,112.36,79298,907,767,112.26,79120,84.84
02-08-2023,Papanasam,143,5500,99.79,2238,242,124,96.25,2044,40.69
02-08-2023,Vaigai,71,6091,21.42,305,1586,940,21.8,318,5.01
03-08-2023,Amaravathi,90,4047,52.32,1043,1665,1022,51.96,1025,25.77
03-08-2023,Bhavanisagar,105,32800,68.07,11099,3949,3722,68.86,11423,33.84
03-08-2023,Manimuthar,118,5511,89.52,2763,342,248,92.58,3005,50.14
03-08-2023,Mettur,120,93470,112.78,80042,428,220,114.73,83535,85.63
03-08-2023,Papanasam,143,5500,97.39,2105,904,586,99.52,2222,38.27
03-08-2023,Vaigai,71,6091,21.42,305,204,124,21.42,305,5.01
04-08-2023,Amaravathi,90,4047,52.17,1035,96,70,53.65,1110,25.57
04-08-2023,Bhavanisagar,105,32800,69.83,11831,2766,1465,67.75,10969,36.07
04-08-2023,Manimuthar,118,5511,88.1,2654,976,723,82.89,2280,48.16
04-08-2023,Mettur,120,93470,110.57,76167,253,269,116.36,86539,81.49
04-08-2023,Papanasam,143,5500,102.95,2419,1583,1131,107.51,2695,43.98
04-08-2023,Vaigai,71,6091,21.42,305,354,225,21.42,305,5.01
05-08-2023,Amaravathi,90,4047,50.94,975,1176,1203,48.05,843,24.09
05-08-2023,Bhavanisagar,105,32800,67.33,10798,1770,1861,66.7,10551,32.92
05-08-2023,Manimuthar,118,5511,89.21,2739,945,603,83.76,2340,49.7
05-08-2023,Mettur,120,93470,111.52,77823,20,21,110.55,76146,83.26
05-08-2023,Papanasam,143,5500,101.08,2310,422,211,105.37,2563,42
05-08-2023,Vaigai,71,6091,21.42,305,1944,1810,21.42,305,5.01
06-08-2023,Amaravathi,90,4047,51.31,993,632,376,52.49,1051,24.54
06-08-2023,Bhavanisagar,105,32800,68.57,11305,544,585,68.12,11118,34.47
06-08-2023,Manimuthar,118,5511,88.43,2679,1377,1095,91.35,2906,48.61
06-08-2023,Mettur,120,93470,112.91,80273,4421,4766,117.55,88774,85.88
06-08-2023,Papanasam,143,5500,100.51,2278,2246,1289,98.97,2192,41.42
06-08-2023,Vaigai,71,6091,21.42,305,65,66,21.42,305,5.01
07-08-2023,Amaravathi,90,4047,52.26,1040,438,271,54.9,1176,25.7
07-08-2023,Bhavanisagar,105,32800,66.69,10546,3123,2627,68.74,11376,32.15
07-08-2023,Manimuthar,118,5511,84.72,2407,439,345,88.39,2677,43.68
07-08-2023,Mettur,120,93470,110.58,76194,2476,1708,106.06,68639,81.52
07-08-2023,Papanasam,143,5500,100.93,2302,2559,1494,100.08,2253,41.85
07-08-2023,Vaigai,71,6091,21.42,305,5636,5817,21.42,305,5.01
08-08-2023,Amaravathi,90,4047,51.54,1004,24,18,48.44,860,24.81
08-08-2023,Bhavanisagar,105,32800,68.6,11318,2171,1530,68.05,11093,34.51
08-08-2023,Manimuthar,118,5511,88.49,2684,56,60,93.51,3081,48.7
08-08-2023,Mettur,120,93470,109.56,74448,1057,1122,112.09,78826,79.65
08-08-2023,Papanasam,143,5500,101.03,2307,132,96,94.87,1972,41.95
08-08-2023,Vaigai,71,6091,21.42,305,603,408,21.42,305,5.01
09-08-2023,Amaravathi,90,4047,52.21,1037,504,291,51.43,999,25.62
09-08-2023,Bhavanisagar,105,32800,68.39,11230,2053,2185,69.39,11645,34.24
09-08-2023,Manimuthar,118,5511,86.03,2501,328,218,81.18,2164,45.38
09-08-2023,Mettur,120,93470,110.52,76097,1240,1356,105.59,67880,81.41
09-08-2023,Papanasam,143,5500,99.4,2215,2464,1320,96.06,2034,40.27
09-08-2023,Vaigai,71,6091,21.42,305,476,512,21.62,312,5.01
10-08-2023,Amaravathi,90,4047,49.39,903,1450,1405,49.57,911,22.31
10-08-2023,Bhavanisagar,105,32800,69.66,11759,1759,1729,72.46,12977,35.85
10-08-2023,Manimuthar,118,5511,89.17,2735,837,447,91.46,2915,49.63
10-08-2023,Mettur,120,93470,112.08,78809,949,974,115.25,84501,84.31
10-08-2023,Papanasam,143,5500,100.55,2280,390,285,104.11,2488,41.45
10-08-2023,Vaigai,71,6091,21.42,305,5706,4128,21.42,305,5.01
11-08-2023,Amaravathi,90,4047,51.13,984,440,262,49.55,910,24.31
11-08-2023,Bhavanisagar,105,32800,68.24,11168,668,604,67.83,11002,34.05
11-08-2023,Manimuthar,118,5511,86.61,2543,1023,1109,88.6,2692,46.14
11-08-2023,Mettur,120,93470,113.45,81237,579,391,117.55,88777,86.91
11-08-2023,Papanasam,143,5500,97.62,2118,87,47,100.59,2283,38.51
11-08-2023,Vaigai,71,6091,21.42,305,200,213,22.62,349,5.01
12-08-2023,Amaravathi,90,4047,52.32,1043,331,268,52.71,1063,25.77
12-08-2023,Bhavanisagar,105,32800,68.63,11330,1796,1282,69.73,11788,34.54
12-08-2023,Manimuthar,118,5511,87.43,2604,879,849,89.87,2790,47.25
12-08-2023,Mettur,120,93470,113.41,81161,2159,2202,118.84,91223,86.83
12-08-2023,Papanasam,143,5500,98.67,2175,764,714,100.79,2294,39.55
12-08-2023,Vaigai,71,6091,21.42,305,59,34,21.42,305,5.01
13-08-2023,Amaravathi,90,4047,52.81,1067,1067,696,51.27,991,26.37
13-08-2023,Bhavanisagar,105,32800,69.29,11602,1025,637,67.52,10877,35.37
13-08-2023,Manimuthar,118,5511,87.84,2635,2545,1732,92.31,2983,47.81
13-08-2023,Mettur,120,93470,112.62,79753,2081,1852,115.3,84585,85.32
13-08-2023,Papanasam,143,5500,100.39,2271,617,337,94.23,1939,41.29
13-08-2023,Vaigai,71,6091,21.42,305,179,138,21.42,305,5.01
14-08-2023,Amaravathi,90,4047,52.39,1046,52,35,53.89,1123,25.85
14-08-2023,Bhavanisagar,105,32800,68.07,11100,1794,1416,65.69,10154,33.84
14-08-2023,Manimuthar,118,5511,88.29,2669,428,452,93.01,3040,48.43
14-08-2023,Mettur,120,93470,117.39,88476,2065,2135,115.08,84176,94.66
14-08-2023,Papanasam,143,5500,100.55,2280,441,222,97.21,2096,41.45
14-08-2023,Vaigai,71,6091,21.42,305,563,313,21.42,305,5.01
15-08-2023,Amaravathi,90,4047,52.71,1062,789,724,52,1027,26.24
15-08-2023,Bhavanisagar,105,32800,68.67,11346,837,869,68.88,11431,34.59
15-08-2023,Manimuthar,118,5511,88.22,2664,871,723,90.24,2819,48.34
15-08-2023,Mettur,120,93470,110.69,76387,1122,585,110.23,75599,81.72
15-08-2023,Papanasam,143,5500,97.99,2138,143,148,98.98,2192,38.87
15-08-2023,Vaigai,71,6091,21.42,305,102,79,22.63,349,5.01
16-08-2023,Amaravathi,90,4047,52.54,1054,226,166,53.04,1079,26.04
16-08-2023,Bhavanisagar,105,32800,69.25,11587,1597,1040,68.81,11402,35.33
16-08-2023,Manimuthar,118,5511,88.01,2648,4486,4351,85.02,2429,48.05
16-08-2023,Mettur,120,93470,111.5,77788,1016,682,112.71,79908,83.22
16-08-2023,Papanasam,143,5500,99.03,2195,3542,2505,101.1,2312,39.91
16-08-2023,Vaigai,71,6091,21.42,305,1908,2055,22.12,330,5.01
17-08-2023,Amaravathi,90,4047,50.58,958,922,474,49.43,905,23.67
17-08-2023,Bhavanisagar,105,32800,68.51,11280,1,0,72.28,12895,34.39
17-08-2023,Manimuthar,118,5511,87.33,2597,1344,817,84.73,2408,47.12
17-08-2023,Mettur,120,93470,111.15,77173,176,143,114.66,83424,82.56
17-08-2023,Papanasam,143,5500,99.97,2247,180,90,104.96,2538,40.85
17-08-2023,Vaigai,71,6091,21.42,305,1857,1511,22.47,343,5.01
18-08-2023,Amaravathi,90,4047,52.11,1032,2228,1854,51.8,1017,25.5
18-08-2023,Bhavanisagar,105,32800,68.44,11252,360,323,71.15,12396,34.3
18-08-2023,Manimuthar,118,5511,87.69,2624,2847,1981,88.39,2676,47.61
18-08-2023,Mettur,120,93470,113.46,81253,316,276,107.59,71145,86.93
18-08-2023,Papanasam,143,5500,97.64,2119,1052,1111,95.66,2013,38.53
18-08-2023,Vaigai,71,6091,21.42,305,2266,2280,21.86,320,5.01
19-08-2023,Amaravathi,90,4047,51.35,995,627,627,54.12,1135,24.59
19-08-2023,Bhavanisagar,105,32800,67.66,10932,1693,1456,69.5,11690,33.33
19-08-2023,Manimuthar,118,5511,87.2,2587,586,436,91.2,2894,46.94
19-08-2023,Mettur,120,93470,111.92,78526,1011,892,114.9,83852,84.01
19-08-2023,Papanasam,143,5500,98.03,2140,1591,1335,102.85,2413,38.91
19-08-2023,Vaigai,71,6091,21.42,305,460,271,22.24,335,5.01
20-08-2023,Amaravathi,90,4047,51.31,993,750,552,53.38,1096,24.54
20-08-2023,Bhavanisagar,105,32800,68.91,11445,1909,2071,69.51,11697,34.89
20-08-2023,Manimuthar,118,5511,87.83,2634,509,370,90.74,2858,47.8
20-08-2023,Mettur,120,93470,110.88,76704,4840,3919,108.48,72630,82.06
20-08-2023,Papanasam,143,5500,97.07,2088,33,30,95.06,1982,37.96
20-08-2023,Vaigai,71,6091,21.42,305,2354,2327,21.79,318,5.01
21-08-2023,Amaravathi,90,4047,53.09,1082,341,322,53.29,1092,26.74
21-08-2023,Bhavanisagar,105,32800,69.88,11853,92,95,66.58,10500,36.14
21-08-2023,Manimuthar,118,5511,88.89,2714,3996,3905,87.89,2639,49.25
21-08-2023,Mettur,120,93470,110.86,76677,751,410,104.25,65759,82.03
21-08-2023,Papanasam,143,5500,99.37,2214,914,532,95.71,2016,40.25
21-08-2023,Vaigai,71,6091,21.42,305,11,11,21.42,305,5.01
22-08-2023,Amaravathi,90,4047,50.53,956,2152,2084,48.76,874,23.62
22-08-2023,Bhavanisagar,105,32800,67.51,10874,516,510,68.3,11191,33.15
22-08-2023,Manimuthar,118,5511,88.78,2706,2240,1803,86.36,2525,49.1
22-08-2023,Mettur,120,93470,113.12,80635,4273,4279,115.73,85375,86.27
22-08-2023,Papanasam,143,5500,97.52,2112,681,507,95.35,1997,38.4
22-08-2023,Vaigai,71,6091,21.42,305,1295,1039,21.49,307,5.01
23-08-2023,Amaravathi,90,4047,52.66,1060,552,333,49.37,902,26.19
23-08-2023,Bhavanisagar,105,32800,68.2,11153,2506,1764,71.13,12390,34
23-08-2023,Manimuthar,118,5511,86.83,2560,203,123,82.09,2224,46.45
23-08-2023,Mettur,120,93470,110.04,75270,221,143,110.69,76381,80.53
23-08-2023,Papanasam,143,5500,99.57,2225,1455,787,94.83,1970,40.45
23-08-2023,Vaigai,71,6091,21.42,305,84,81,21.5,307,5.01
24-08-2023,Amaravathi,90,4047,52.49,1051,779,554,52.84,1069,25.97
24-08-2023,Bhavanisagar,105,32800,66.51,10473,119,114,69.2,11565,31.93
24-08-2023,Manimuthar,118,5511,87.18,2585,2851,3018,88.08,2653,46.91
24-08-2023,Mettur,120,93470,111.35,77533,1630,1460,108.35,72414,82.95
24-08-2023,Papanasam,143,5500,99.3,2210,3221,2828,103.27,2438,40.18
24-08-2023,Vaigai,71,6091,21.42,305,38,19,21.71,315,5.01
25-08-2023,Amaravathi,90,4047,52.28,1041,387,246,52.16,1035,25.72
25-08-2023,Bhavanisagar,105,32800,68.49,11273,235,217,68.78,11393,34.37
25-08-2023,Manimuthar,118,5511,87.6,2617,3015,2423,82.86,2277,47.49
25-08-2023,Mettur,120,93470,114.95,83953,707,458,112.94,80326,89.82
25-08-2023,Papanasam,143,5500,99.15,2202,64,39,93.78,1915,40.04
25-08-2023,Vaigai,71,6091,21.42,305,1051,1029,21.7,315,5.01
26-08-2023,Amaravathi,90,4047,51.85,1019,898,564,50.4,950,25.18
26-08-2023,Bhavanisagar,105,32800,67.56,10894,1311,810,65.16,9952,33.21
26-08-2023,Manimuthar,118,5511,88.5,2684,198,135,83.43,2317,48.7
26-08-2023,Mettur,120,93470,113.38,81105,1843,937,107.96,71764,86.77
26-08-2023,Papanasam,143,5500,100.53,2279,271,202,95.75,2018,41.44
26-08-2023,Vaigai,71,6091,21.42,305,330,286,21.75,316,5.01
27-08-2023,Amaravathi,90,4047,52.42,1048,1911,1485,53.74,1115,25.9
27-08-2023,Bhavanisagar,105,32800,68.67,11344,1066,1081,70.02,11912,34.59
27-08-2023,Manimuthar,118,5511,87.59,2616,349,230,92.57,3004,47.47
27-08-2023,Mettur,120,93470,112.51,79567,835,466,112.4,79367,85.13
27-08-2023,Papanasam,143,5500,99.04,2196,540,421,98.2,2149,39.93
27-08-2023,Vaigai,71,6091,21.42,305,4526,2798,22.54,346,5.01
28-08-2023,Amaravathi,90,4047,51.49,1002,1731,1009,54.25,1142,24.76
28-08-2023,Bhavanisagar,105,32800,68.53,11289,743,796,70.3,12031,34.42
28-08-2023,Manimuthar,118,5511,87.84,2635,349,224,89.78,2783,47.81
28-08-2023,Mettur,120,93470,113,80431,833,503,112.1,78835,86.05
28-08-2023,Papanasam,143,5500,97.65,2119,1344,1427,92.88,1870,38.53
28-08-2023,Vaigai,71,6091,21.42,305,1004,906,21.42,305,5.01
29-08-2023,Amaravathi,90,4047,51.7,1012,267,153,49.38,902,25.01
29-08-2023,Bhavanisagar,105,32800,68.8,11398,389,206,70.63,12171,34.75
29-08-2023,Manimuthar,118,5511,87.66,2621,2709,1907,84.38,2383,47.56
29-08-2023,Mettur,120,93470,114.25,82673,1310,690,112.51,79563,88.45
29-08-2023,Papanasam,143,5500,101.38,2328,315,314,106.35,2623,42.33
29-08-2023,Vaigai,71,6091,21.42,305,1595,835,21.54,309,5.01
30-08-2023,Amaravathi,90,4047,52.42,1048,1792,1400,54.16,1137,25.9
30-08-2023,Bhavanisagar,105,32800,69.45,11671,168,114,69.72,11785,35.58
30-08-2023,Manimuthar,118,5511,89.21,2739,519,449,87.77,2630,49.7
30-08-2023,Mettur,120,93470,109.69,74669,1278,1024,114.24,82655,79.89
30-08-2023,Papanasam,143,5500,99.36,2213,1311,738,103.92,2476,40.24
30-08-2023,Vaigai,71,6091,21.42,305,120,131,22.41,341,5.01
31-08-2023,Amaravathi,90,4047,52.48,1051,1507,770,51.27,991,25.97
31-08-2023,Bhavanisagar,105,32800,70.56,12144,236,171,71.55,12571,37.02
31-08-2023,Manimuthar,118,5511,86.68,2549,1569,1111,86.22,2515,46.25
31-08-2023,Mettur,120,93470,110.38,75842,95,84,103.82,65069,81.14
31-08-2023,Papanasam,143,5500,100.19,2260,48,47,95.68,2014,41.09
31-08-2023,Vaigai,71,6091,21.42,305,1652,1264,21.81,319,5.01
01-09-2023,Amaravathi,90,4047,57.78,1337,1624,821,54.4,1149,33.04
01-09-2023,Bhavanisagar,105,32800,76.2,14714,5600,5244,79.92,16579,44.86
01-09-2023,Manimuthar,118,5511,97.01,3378,1305,1189,93.9,3113,61.3
01-09-2023,Mettur,120,93470,119.52,92535,1410,1500,119.52,92535,99
01-09-2023,Papanasam,143,5500,109.47,2820,402,340,106.32,2622,51.27
01-09-2023,Vaigai,71,6091,21.57,310,665,461,21.42,305,5.09
02-09-2023,Amaravathi,90,4047,57.18,1302,493,449,59.13,1416,32.17
02-09-2023,Bhavanisagar,105,32800,75.58,14416,341,306,76.68,14950,43.95
02-09-2023,Manimuthar,118,5511,96.78,3357,426,462,98.66,3523,60.91
02-09-2023,Mettur,120,93470,119.52,92535,980,810,119.52,92535,99
02-09-2023,Papanasam,143,5500,109.83,2843,183,163,115.21,3205,51.69
02-09-2023,Vaigai,71,6091,21.48,307,686,507,22.46,343,5.04
03-09-2023,Amaravathi,90,4047,57.42,1316,586,305,60.3,1487,32.52
03-09-2023,Bhavanisagar,105,32800,76.32,14773,1475,1170,76.58,14900,45.04
03-09-2023,Manimuthar,118,5511,97.05,3380,963,572,97.43,3414,61.33
03-09-2023,Mettur,120,93470,119.52,92535,780,839,119.52,92535,99
03-09-2023,Papanasam,143,5500,110.43,2882,281,241,108.3,2746,52.4
03-09-2023,Vaigai,71,6091,21.42,305,1098,907,22.55,346,5.01
04-09-2023,Amaravathi,90,4047,56.44,1261,1083,1040,54.51,1155,31.16
04-09-2023,Bhavanisagar,105,32800,75.37,14316,352,346,72.44,12967,43.65
04-09-2023,Manimuthar,118,5511,95.99,3289,840,782,92.35,2986,59.68
04-09-2023,Mettur,120,93470,119.52,92535,118,81,119.52,92535,99
04-09-2023,Papanasam,143,5500,106.47,2631,699,361,112.38,3011,47.84
04-09-2023,Vaigai,71,6091,21.53,309,745,538,21.42,305,5.07
05-09-2023,Amaravathi,90,4047,56.73,1276,502,324,59.94,1465,31.53
05-09-2023,Bhavanisagar,105,32800,73.47,13434,142,108,74.85,14072,40.96
05-09-2023,Manimuthar,118,5511,95,3205,2760,1920,94.36,3152,58.16
05-09-2023,Mettur,120,93470,119.52,92535,37,36,116.33,86479,99
05-09-2023,Papanasam,143,5500,108.19,2738,1568,1255,106.66,2643,49.78
05-09-2023,Vaigai,71,6091,21.42,305,194,183,22.1,329,5.01
06-09-2023,Amaravathi,90,4047,57.11,1298,4150,2440,60.21,1482,32.07
06-09-2023,Bhavanisagar,105,32800,73.8,13583,1306,924,77.49,15347,41.41
06-09-2023,Manimuthar,118,5511,96.86,3365,589,430,94.57,3169,61.06
06-09-2023,Mettur,120,93470,119.52,92535,1586,1628,119.52,92535,99
06-09-2023,Papanasam,143,5500,105.95,2599,713,554,103.05,2424,47.25
06-09-2023,Vaigai,71,6091,21.56,310,1407,884,22.54,346,5.09
07-09-2023,Amaravathi,90,4047,56.09,1241,4714,4858,54.12,1135,30.66
07-09-2023,Bhavanisagar,105,32800,74.79,14045,4094,3281,73.22,13320,42.82
07-09-2023,Manimuthar,118,5511,97.57,3426,1445,1010,100.16,3658,62.17
07-09-2023,Mettur,120,93470,119.52,92535,2603,1741,114.75,83581,99
07-09-2023,Papanasam,143,5500,109.43,2817,317,264,113.8,3107,51.22
07-09-2023,Vaigai,71,6091,21.42,305,8023,4428,22.32,338,5.01
08-09-2023,Amaravathi,90,4047,57.69,1331,6833,4156,59.49,1438,32.89
08-09-2023,Bhavanisagar,105,32800,73.48,13436,4051,2054,73.94,13649,40.96
08-09-2023,Manimuthar,118,5511,95.11,3214,594,375,93.84,3109,58.32
08-09-2023,Mettur,120,93470,119.52,92535,7451,5570,117.66,88982,99
08-09-2023,Papanasam,143,5500,108.98,2789,4237,3250,115.05,3193,50.71
08-09-2023,Vaigai,71,6091,21.54,309,3940,4271,21.42,305,5.07
09-09-2023,Amaravathi,90,4047,57.31,1310,661,400,56.77,1279,32.37
09-09-2023,Bhavanisagar,105,32800,74.91,14103,2159,1707,71.04,12349,43
09-09-2023,Manimuthar,118,5511,96.51,3334,1161,933,99.39,3588,60.5
09-09-2023,Mettur,120,93470,119.52,92535,2396,1687,119.52,92535,99
09-09-2023,Papanasam,143,5500,109.94,2850,562,362,111.74,2968,51.82
09-09-2023,Vaigai,71,6091,21.42,305,382,209,21.58,310,5.01
10-09-2023,Amaravathi,90,4047,56.8,1281,1233,1352,56.11,1242,31.65
10-09-2023,Bhavanisagar,105,32800,75.19,14231,1523,977,75.04,14161,43.39
10-09-2023,Manimuthar,118,5511,94.91,3198,1849,1818,93.51,3081,58.03
10-09-2023,Mettur,120,93470,119.52,92535,2223,2117,113.61,81518,99
10-09-2023,Papanasam,143,5500,110.27,2872,582,506,107.24,2679,52.22
10-09-2023,Vaigai,71,6091,21.42,305,121,89,21.42,305,5.01
11-09-2023,Amaravathi,90,4047,57.77,1336,1528,1098,57.02,1293,33.01
11-09-2023,Bhavanisagar,105,32800,75.55,14403,897,488,71.84,12702,43.91
11-09-2023,Manimuthar,118,5511,95.2,3222,2198,2264,98.18,3480,58.46
11-09-2023,Mettur,120,93470,119.52,92535,3725,2991,119.52,92535,99
11-09-2023,Papanasam,143,5500,106.92,2659,83,86,111.68,2964,48.35
11-09-2023,Vaigai,71,6091,21.42,305,2885,1805,21.42,305,5.01
12-09-2023,Amaravathi,90,4047,57.13,1300,1250,1201,54.21,1139,32.12
12-09-2023,Bhavanisagar,105,32800,74.78,14039,346,277,77.13,15171,42.8
12-09-2023,Manimuthar,118,5511,96.96,3373,2283,2483,96.16,3303,61.2
12-09-2023,Mettur,120,93470,119.52,92535,788,399,119.52,92535,99
12-09-2023,Papanasam,143,5500,109.28,2808,215,131,106.46,2630,51.05
12-09-2023,Vaigai,71,6091,21.51,308,395,214,22.06,328,5.06
13-09-2023,Amaravathi,90,4047,57.01,1292,379,303,53.57,1106,31.92
13-09-2023,Bhavanisagar,105,32800,75.68,14464,102,86,72.09,12812,44.1
13-09-2023,Manimuthar,118,5511,97.4,3411,111,86,91.86,2947,61.89
13-09-2023,Mettur,120,93470,119.52,92535,153,105,119.52,92535,99
13-09-2023,Papanasam,143,5500,110.71,2900,3533,2133,116.13,3268,52.73
13-09-2023,Vaigai,71,6091,21.56,309,792,760,21.42,305,5.07
14-09-2023,Amaravathi,90,4047,56.98,1291,24,15,57.08,1296,31.9
14-09-2023,Bhavanisagar,105,32800,75.11,14194,2972,1953,74.4,13861,43.27
14-09-2023,Manimuthar,118,5511,96.97,3373,592,539,100.61,3699,61.2
14-09-2023,Mettur,120,93470,119.52,92535,1598,1228,116.5,86795,99
14-09-2023,Papanasam,143,5500,110.66,2897,186,123,116.51,3296,52.67
14-09-2023,Vaigai,71,6091,21.42,305,2208,2299,21.42,305,5.01
15-09-2023,Amaravathi,90,4047,55.88,1229,1362,1437,56.84,1283,30.37
15-09-2023,Bhavanisagar,105,32800,74.7,14005,65,50,75.4,14331,42.7
15-09-2023,Manimuthar,118,5511,94.53,3166,872,906,89.57,2767,57.45
15-09-2023,Mettur,120,93470,119.52,92535,637,575,119.52,92535,99
15-09-2023,Papanasam,143,5500,108.81,2777,495,335,104.74,2525,50.49
15-09-2023,Vaigai,71,6091,21.42,305,1188,617,21.42,305,5.01
16-09-2023,Amaravathi,90,4047,57.34,1311,2458,1523,54.71,1166,32.39
16-09-2023,Bhavanisagar,105,32800,73.66,13522,606,341,72.47,12981,41.23
16-09-2023,Manimuthar,118,5511,96.59,3341,621,421,94.29,3145,60.62
16-09-2023,Mettur,120,93470,119.52,92535,153,121,112.9,80253,99
16-09-2023,Papanasam,143,5500,108.18,2737,1645,1271,108.87,2782,49.76
16-09-2023,Vaigai,71,6091,21.42,305,4311,3786,22.5,344,5.01
17-09-2023,Amaravathi,90,4047,56.82,1282,1802,1506,58.75,1393,31.68
17-09-2023,Bhavanisagar,105,32800,75.8,14521,167,160,79.87,16553,44.27
17-09-2023,Manimuthar,118,5511,96.6,3342,2668,2665,94.6,3171,60.64
17-09-2023,Mettur,120,93470,119.52,92535,1275,975,119.52,92535,99
17-09-2023,Papanasam,143,5500,108.02,2727,208,204,111.61,2960,49.58
17-09-2023,Vaigai,71,6091,21.62,312,2264,1272,21.42,305,5.12
18-09-2023,Amaravathi,90,4047,57.35,1312,6874,5637,54.59,1160,32.42
18-09-2023,Bhavanisagar,105,32800,76.44,14831,537,471,76.03,14633,45.22
18-09-2023,Manimuthar,118,5511,95.17,3219,1012,1112,91.14,2890,58.41
18-09-2023,Mettur,120,93470,119.52,92535,246,235,119.52,92535,99
18-09-2023,Papanasam,143,5500,108.51,2759,113,110,111.54,2955,50.16
18-09-2023,Vaigai,71,6091,21.42,305,1092,854,22.55,346,5.01
19-09-2023,Amaravathi,90,4047,57.74,1334,2818,1834,59.62,1445,32.96
19-09-2023,Bhavanisagar,105,32800,75.81,14528,1052,1004,73.79,13578,44.29
19-09-2023,Manimuthar,118,5511,96.53,3335,4717,4691,101.78,3808,60.52
19-09-2023,Mettur,120,93470,119.52,92535,170,93,119.52,92535,99
19-09-2023,Papanasam,143,5500,108.3,2746,3716,2385,107.73,2710,49.93
19-09-2023,Vaigai,71,6091,21.42,305,909,882,22.52,345,5.01
20-09-2023,Amaravathi,90,4047,56.94,1289,1450,1125,56,1236,31.85
20-09-2023,Bhavanisagar,105,32800,75.58,14420,92,72,79.2,16206,43.96
20-09-2023,Manimuthar,118,5511,95.72,3266,27,25,97.35,3407,59.26
20-09-2023,Mettur,120,93470,119.52,92535,141,153,117.69,89045,99
20-09-2023,Papanasam,143,5500,108.04,2729,1181,628,110.77,2905,49.62
20-09-2023,Vaigai,71,6091,21.42,305,1096,776,21.42,305,5.01
21-09-2023,Amaravathi,90,4047,56.99,1291,696,613,58.67,1388,31.9
21-09-2023,Bhavanisagar,105,32800,74.99,14140,1508,1248,72.69,13079,43.11
21-09-2023,Manimuthar,118,5511,95.65,3261,313,305,93.31,3064,59.17
21-09-2023,Mettur,120,93470,119.52,92535,740,730,119.52,92535,99
21-09-2023,Papanasam,143,5500,107.24,2679,1253,1249,104.24,2495,48.71
21-09-2023,Vaigai,71,6091,21.5,308,716,713,21.42,305,5.06
22-09-2023,Amaravathi,90,4047,56.28,1252,1089,1061,56.12,1242,30.94
22-09-2023,Bhavanisagar,105,32800,75.91,14578,1310,1059,72.13,12827,44.45
22-09-2023,Manimuthar,118,5511,96.02,3292,152,100,94.52,3165,59.74
22-09-2023,Mettur,120,93470,119.52,92535,2401,2004,118.42,90432,99
22-09-2023,Papanasam,143,5500,108.94,2786,337,305,111.67,2964,50.65
22-09-2023,Vaigai,71,6091,21.51,308,98,77,22.2,333,5.06
23-09-2023,Amaravathi,90,4047,57.28,1308,1230,1184,58.37,1371,32.32
23-09-2023,Bhavanisagar,105,32800,74.84,14067,25,26,73.72,13548,42.89
23-09-2023,Manimuthar,118,5511,95.16,3218,3055,2980,94.5,3163,58.39
23-09-2023,Mettur,120,93470,119.52,92535,3789,2147,119.41,92331,99
23-09-2023,Papanasam,143,5500,110.07,2859,6761,5576,106.98,2663,51.98
23-09-2023,Vaigai,71,6091,21.43,305,262,227,21.42,305,5.01
24-09-2023,Amaravathi,90,4047,57.45,1317,283,310,54.72,1167,32.54
24-09-2023,Bhavanisagar,105,32800,74.58,13944,1838,1947,75.25,14261,42.51
24-09-2023,Manimuthar,118,5511,96.77,3357,666,623,98.87,3541,60.91
24-09-2023,Mettur,120,93470,119.52,92535,92,52,113.83,81918,99
24-09-2023,Papanasam,143,5500,107.97,2724,1249,752,101.49,2334,49.53
24-09-2023,Vaigai,71,6091,21.42,305,638,547,21.42,305,5.01
25-09-2023,Amaravathi,90,4047,56.78,1280,24,24,55.01,1182,31.63
25-09-2023,Bhavanisagar,105,32800,75.32,14293,215,182,77.67,15435,43.58
25-09-2023,Manimuthar,118,5511,97.94,3459,1544,1344,100.05,3648,62.77
25-09-2023,Mettur,120,93470,119.52,92535,1676,1588,119.52,92535,99
25-09-2023,Papanasam,143,5500,107.44,2691,657,669,101.29,2322,48.93
25-09-2023,Vaigai,71,6091,21.61,311,536,401,21.42,305,5.11
26-09-2023,Amaravathi,90,4047,57.4,1315,3134,3431,55.96,1233,32.49
26-09-2023,Bhavanisagar,105,32800,75.94,14589,1673,1739,77.05,15130,44.48
26-09-2023,Manimuthar,118,5511,97.24,3397,283,291,95.37,3236,61.64
26-09-2023,Mettur,120,93470,119.52,92535,538,549,115.45,84862,99
26-09-2023,Papanasam,143,5500,110.31,2874,4898,5345,109.27,2807,52.25
26-09-2023,Vaigai,71,6091,21.97,325,1337,1193,21.46,306,5.34
27-09-2023,Amaravathi,90,4047,57.27,1307,1981,1127,56.63,1271,32.3
27-09-2023,Bhavanisagar,105,32800,74.98,14134,225,154,72.22,12870,43.09
27-09-2023,Manimuthar,118,5511,95.94,3285,213,183,94.5,3163,59.61
27-09-2023,Mettur,120,93470,119.52,92535,5284,2680,119.52,92535,99
27-09-2023,Papanasam,143,5500,108.11,2733,4805,2504,111.23,2935,49.69
27-09-2023,Vaigai,71,6091,21.56,310,216,206,22.44,342,5.09
28-09-2023,Amaravathi,90,4047,56.67,1273,1430,1147,57.65,1329,31.46
28-09-2023,Bhavanisagar,105,32800,75.32,14296,1805,1228,72.38,12941,43.59
28-09-2023,Manimuthar,118,5511,95.96,3287,1766,1209,92.52,3000,59.64
28-09-2023,Mettur,120,93470,119.52,92535,122,101,119.52,92535,99
28-09-2023,Papanasam,143,5500,107.07,2668,1132,653,111.7,2966,48.51
28-09-2023,Vaigai,71,6091,21.42,305,1104,905,21.83,319,5.01
29-09-2023,Amaravathi,90,4047,57.52,1322,5772,3079,58.03,1351,32.67
29-09-2023,Bhavanisagar,105,32800,75.41,14337,2259,1772,72.86,13158,43.71
29-09-2023,Manimuthar,118,5511,97.56,3426,785,678,99.38,3587,62.17
29-09-2023,Mettur,120,93470,119.52,92535,1184,1039,119.52,92535,99
29-09-2023,Papanasam,143,5500,109.43,2817,708,619,104.8,2529,51.22
29-09-2023,Vaigai,71,6091,21.42,305,67,62,21.42,305,5.01
30-09-2023,Amaravathi,90,4047,56.87,1285,130,108,55.71,1220,31.75
30-09-2023,Bhavanisagar,105,32800,74.81,14055,631,492,71.55,12571,42.85
30-09-2023,Manimuthar,118,5511,96.47,3330,1879,1989,91.88,2949,60.42
30-09-2023,Mettur,120,93470,119.52,92535,1404,1461,112.71,79917,99
30-09-2023,Papanasam,143,5500,107.6,2701,1118,890,103.28,2438,49.11
30-09-2023,Vaigai,71,6091,21.72,315,960,565,22.93,361,5.17
01-10-2023,Amaravathi,90,4047,59.9,1463,296,298,60.06,1472,36.15
01-10-2023,Bhavanisagar,105,32800,78.37,15784,7351,4597,74.77,14034,48.12
01-10-2023,Manimuthar,118,5511,100.27,3668,111,76,95.74,3268,66.56
01-10-2023,Mettur,120,93470,119.52,92535,580,620,119.52,92535,99
01-10-2023,Papanasam,143,5500,112.52,3020,2325,1667,108.16,2736,54.91
01-10-2023,Vaigai,71,6091,22.28,336,3873,3728,22.05,327,5.52
02-10-2023,Amaravathi,90,4047,58.49,1378,4253,2572,56.96,1290,34.05
02-10-2023,Bhavanisagar,105,32800,78.76,15982,975,818,74.02,13685,48.73
02-10-2023,Manimuthar,118,5511,102.1,3838,1506,1426,107.65,4381,69.64
02-10-2023,Mettur,120,93470,119.52,92535,571,349,119,91528,99
02-10-2023,Papanasam,143,5500,113.85,3111,2281,1800,114.2,3135,56.56
02-10-2023,Vaigai,71,6091,22.56,347,736,516,23.82,397,5.7
03-10-2023,Amaravathi,90,4047,59.08,1413,1280,842,56.97,1290,34.91
03-10-2023,Bhavanisagar,105,32800,77.75,15477,61,46,80.63,16947,47.19
03-10-2023,Manimuthar,118,5511,102.77,3901,3706,2116,100.75,3712,70.79
03-10-2023,Mettur,120,93470,119.52,92535,767,652,113.22,80813,99
03-10-2023,Papanasam,143,5500,110.98,2919,263,275,116.49,3294,53.07
03-10-2023,Vaigai,71,6091,22.33,338,1298,758,21.56,310,5.55
04-10-2023,Amaravathi,90,4047,58.81,1397,105,75,60.33,1489,34.52
04-10-2023,Bhavanisagar,105,32800,78.93,16068,864,862,75.33,14302,48.99
04-10-2023,Manimuthar,118,5511,99.52,3600,1384,1151,96.18,3306,65.32
04-10-2023,Mettur,120,93470,119.52,92535,651,643,119.52,92535,99
04-10-2023,Papanasam,143,5500,115.44,3220,9207,10105,120.24,3566,58.55
04-10-2023,Vaigai,71,6091,22.18,332,1092,820,22.91,360,5.45
05-10-2023,Amaravathi,90,4047,59.37,1431,1424,1073,59.84,1459,35.36
05-10-2023,Bhavanisagar,105,32800,78.34,15772,4821,4584,82.34,17860,48.09
05-10-2023,Manimuthar,118,5511,99.7,3616,2190,2058,93.7,3096,65.61
05-10-2023,Mettur,120,93470,119.52,92535,312,326,119.52,92535,99
05-10-2023,Papanasam,143,5500,113.76,3105,116,124,115.28,3210,56.45
05-10-2023,Vaigai,71,6091,22.31,337,771,840,21.43,305,5.53
06-10-2023,Amaravathi,90,4047,59.59,1444,99,89,62.3,1613,35.68
06-10-2023,Bhavanisagar,105,32800,77.45,15325,4899,3259,75.86,14553,46.72
06-10-2023,Manimuthar,118,5511,101.09,3744,1292,915,98.03,3467,67.94
06-10-2023,Mettur,120,93470,119.52,92535,4750,4843,112.71,79910,99
06-10-2023,Papanasam,143,5500,112.64,3028,677,526,107.7,2708,55.05
06-10-2023,Vaigai,71,6091,22.14,331,2329,2554,22.96,362,5.43
07-10-2023,Amaravathi,90,4047,59.16,1418,2867,1750,57.69,1331,35.04
07-10-2023,Bhavanisagar,105,32800,79.34,16280,2123,2036,83.28,18378,49.63
07-10-2023,Manimuthar,118,5511,100,3644,490,274,103.71,3991,66.12
07-10-2023,Mettur,120,93470,119.52,92535,47,34,119.52,92535,99
07-10-2023,Papanasam,143,5500,114.48,3154,777,788,107.85,2717,57.35
07-10-2023,Vaigai,71,6091,22.35,339,1427,1128,23.22,373,5.57
08-10-2023,Amaravathi,90,4047,59.01,1409,2940,2738,60.6,1506,34.82
08-10-2023,Bhavanisagar,105,32800,78.73,15967,2361,1270,77.65,15427,48.68
08-10-2023,Manimuthar,118,5511,99.99,3643,82,79,94.22,3139,66.1
08-10-2023,Mettur,120,93470,119.52,92535,6166,6198,119.52,92535,99
08-10-2023,Papanasam,143,5500,112.77,3037,4339,4465,106.15,2611,55.22
08-10-2023,Vaigai,71,6091,22.21,333,164,108,22.91,360,5.47
09-10-2023,Amaravathi,90,4047,59.4,1432,185,172,60.66,1509,35.38
09-10-2023,Bhavanisagar,105,32800,77.83,15518,584,398,82.16,17766,47.31
09-10-2023,Manimuthar,118,5511,99.75,3621,648,546,98.66,3523,65.7
09-10-2023,Mettur,120,93470,119.52,92535,1113,833,116.2,86245,99
09-10-2023,Papanasam,143,5500,112.79,3039,2451,2189,116.33,3283,55.25
09-10-2023,Vaigai,71,6091,22.17,332,3373,3262,22.51,345,5.45
10-10-2023,Amaravathi,90,4047,59.23,1422,283,236,62.09,1600,35.14
10-10-2023,Bhavanisagar,105,32800,79.29,16254,6610,4800,82.09,17726,49.55
10-10-2023,Manimuthar,118,5511,99.28,3578,2813,3050,97.44,3415,64.92
10-10-2023,Mettur,120,93470,119.52,92535,2578,2750,119.52,92535,99
10-10-2023,Papanasam,143,5500,113.36,3077,78,49,111.94,2982,55.95
10-10-2023,Vaigai,71,6091,22.71,352,872,876,23.18,371,5.78
11-10-2023,Amaravathi,90,4047,59.14,1416,874,880,55.42,1204,34.99
11-10-2023,Bhavanisagar,105,32800,78.95,16078,1003,1024,75.83,14537,49.02
11-10-2023,Manimuthar,118,5511,99.31,3581,70,36,102.33,3859,64.98
11-10-2023,Mettur,120,93470,119.52,92535,500,385,114.01,82241,99
11-10-2023,Papanasam,143,5500,113.07,3058,1051,1106,113.88,3113,55.6
11-10-2023,Vaigai,71,6091,22.34,338,2106,1730,23.34,377,5.55
12-10-2023,Amaravathi,90,4047,59.63,1446,179,154,59.28,1425,35.73
12-10-2023,Bhavanisagar,105,32800,79.14,16176,880,761,78.61,15907,49.32
12-10-2023,Manimuthar,118,5511,101.63,3794,2104,2197,106.18,4233,68.84
12-10-2023,Mettur,120,93470,119.52,92535,456,411,119.52,92535,99
12-10-2023,Papanasam,143,5500,112.96,3050,948,1023,114.29,3141,55.45
12-10-2023,Vaigai,71,6091,22.17,332,2646,2105,23.17,370,5.45
13-10-2023,Amaravathi,90,4047,59.11,1415,4907,2814,57.01,1292,34.96
13-10-2023,Bhavanisagar,105,32800,77.69,15447,2386,1519,73.4,13401,47.09
13-10-2023,Manimuthar,118,5511,100.49,3689,2732,2144,98.14,3476,66.94
13-10-2023,Mettur,120,93470,119.52,92535,780,443,119.52,92535,99
13-10-2023,Papanasam,143,5500,112.49,3019,1776,1648,116.05,3263,54.89
13-10-2023,Vaigai,71,6091,22.01,326,748,539,23,364,5.35
14-10-2023,Amaravathi,90,4047,59.23,1422,572,584,59.97,1467,35.14
14-10-2023,Bhavanisagar,105,32800,78.1,15649,323,230,77.15,15180,47.71
14-10-2023,Manimuthar,118,5511,101.35,3768,1658,1014,103.22,3944,68.37
14-10-2023,Mettur,120,93470,119.52,92535,1292,1306,119.52,92535,99
14-10-2023,Papanasam,143,5500,111.66,2963,3646,3424,114.83,3178,53.87
14-10-2023,Vaigai,71,6091,22.59,348,712,474,23.01,364,5.71
15-10-2023,Amaravathi,90,4047,59.01,1409,1675,1372,56,1236,34.82
15-10-2023,Bhavanisagar,105,32800,76.84,15025,104,88,80.26,16757,45.81
15-10-2023,Manimuthar,118,5511,103.94,4013,1073,935,100.61,3700,72.82
15-10-2023,Mettur,120,93470,119.52,92535,1448,1485,118.12,89856,99
15-10-2023,Papanasam,143,5500,113.79,3107,9981,9796,118.16,3414,56.49
15-10-2023,Vaigai,71,6091,21.67,314,224,230,22.38,340,5.16
16-10-2023,Amaravathi,90,4047,58.89,1402,1126,1020,61.45,1559,34.64
16-10-2023,Bhavanisagar,105,32800,78.51,15858,1923,1445,80.37,16815,48.35
16-10-2023,Manimuthar,118,5511,98.86,3541,3664,2904,95.51,3249,64.25
16-10-2023,Mettur,120,93470,119.52,92535,2143,1345,114.12,82441,99
16-10-2023,Papanasam,143,5500,115.96,3257,702,704,119.53,3513,59.22
16-10-2023,Vaigai,71,6091,22.44,342,1624,991,21.82,319,5.61
17-10-2023,Amaravathi,90,4047,59.08,1413,2434,2587,55.78,1224,34.91
17-10-2023,Bhavanisagar,105,32800,77.45,15326,930,746,72.65,13061,46.73
17-10-2023,Manimuthar,118,5511,99.93,3637,74,67,96.41,3325,66
17-10-2023,Mettur,120,93470,119.52,92535,25,17,119.52,92535,99
17-10-2023,Papanasam,143,5500,112.99,3052,2245,2465,109.66,2832,55.49
17-10-2023,Vaigai,71,6091,22.11,329,925,850,22.47,343,5.4
18-10-2023,Amaravathi,90,4047,58.69,1390,707,467,58.77,1394,34.35
18-10-2023,Bhavanisagar,105,32800,79.08,16147,68,49,83.45,18468,49.23
18-10-2023,Manimuthar,118,5511,100.25,3667,600,536,97.49,3419,66.54
18-10-2023,Mettur,120,93470,119.52,92535,4127,2925,119.52,92535,99
18-10-2023,Papanasam,143,5500,113.47,3085,660,393,118.68,3451,56.09
18-10-2023,Vaigai,71,6091,22.64,350,2496,2173,23.4,380,5.75
19-10-2023,Amaravathi,90,4047,58.77,1395,1020,823,59.97,1467,34.47
19-10-2023,Bhavanisagar,105,32800,79.23,16224,960,769,82.99,18219,49.46
19-10-2023,Manimuthar,118,5511,100.5,3689,3020,2068,106.15,4229,66.94
19-10-2023,Mettur,120,93470,119.52,92535,2694,1987,119.52,92535,99
19-10-2023,Papanasam,143,5500,114.87,3181,1592,1583,115.5,3224,57.84
19-10-2023,Vaigai,71,6091,22.35,339,716,736,22.66,350,5.57
20-10-2023,Amaravathi,90,4047,58.45,1375,319,226,60.11,1475,33.98
20-10-2023,Bhavanisagar,105,32800,78.75,15976,2813,2865,78.34,15770,48.71
20-10-2023,Manimuthar,118,5511,101.29,3762,133,94,104.11,4030,68.26
20-10-2023,Mettur,120,93470,119.52,92535,1081,1176,119.41,92330,99
20-10-2023,Papanasam,143,5500,112.35,3009,845,915,105.36,2563,54.71
20-10-2023,Vaigai,71,6091,22.35,339,433,357,22,326,5.57
21-10-2023,Amaravathi,90,4047,58.89,1402,2487,2238,56.97,1290,34.64
21-10-2023,Bhavanisagar,105,32800,79.5,16363,1134,829,83.78,18654,49.89
21-10-2023,Manimuthar,118,5511,100.56,3695,1873,1154,98.8,3535,67.05
21-10-2023,Mettur,120,93470,119.52,92535,701,616,115.7,85322,99
21-10-2023,Papanasam,143,5500,111.82,2974,7471,8130,118.2,3417,54.07
21-10-2023,Vaigai,71,6091,22.59,348,2104,1652,23.47,383,5.71
22-10-2023,Amaravathi,90,4047,60.13,1476,1165,966,60.07,1473,36.47
22-10-2023,Bhavanisagar,105,32800,77.89,15546,3497,2756,73.69,13535,47.4
22-10-2023,Manimuthar,118,5511,100.9,3726,743,509,97.26,3399,67.61
22-10-2023,Mettur,120,93470,119.52,92535,353,249,119.52,92535,99
22-10-2023,Papanasam,143,5500,113.66,3098,886,456,109.81,2842,56.33
22-10-2023,Vaigai,71,6091,22.56,347,430,468,23.46,382,5.7
23-10-2023,Amaravathi,90,4047,60.34,1489,1466,1362,57.4,1315,36.79
23-10-2023,Bhavanisagar,105,32800,78.46,15834,1404,1053,81.91,17628,48.27
23-10-2023,Manimuthar,118,5511,98.82,3537,925,571,104.09,4028,64.18
23-10-2023,Mettur,120,93470,119.52,92535,1130,1017,114.67,83439,99
23-10-2023,Papanasam,143,5500,113.05,3056,5114,2599,113.67,3098,55.56
23-10-2023,Vaigai,71,6091,22.55,346,2738,1911,22.65,350,5.68
24-10-2023,Amaravathi,90,4047,58.93,1404,121,131,62.04,1596,34.69
24-10-2023,Bhavanisagar,105,32800,78.68,15941,1435,764,82.96,18198,48.6
24-10-2023,Manimuthar,118,5511,98.33,3494,463,408,100.49,3688,63.4
24-10-2023,Mettur,120,93470,119.52,92535,342,189,113.88,82004,99
24-10-2023,Papanasam,143,5500,112.85,3043,162,164,114.08,3126,55.33
24-10-2023,Vaigai,71,6091,22.34,338,277,230,22.73,353,5.55
25-10-2023,Amaravathi,90,4047,59.49,1438,109,83,57.18,1302,35.53
25-10-2023,Bhavanisagar,105,32800,77.92,15560,1264,852,77.63,15418,47.44
25-10-2023,Manimuthar,118,5511,99.13,3565,1109,591,103.93,4012,64.69
25-10-2023,Mettur,120,93470,119.52,92535,1087,678,117.55,88767,99
25-10-2023,Papanasam,143,5500,112.63,3028,4090,3734,118.75,3456,55.05
25-10-2023,Vaigai,71,6091,22.07,328,870,695,23.03,365,5.38
26-10-2023,Amaravathi,90,4047,59.99,1468,5294,4661,58.93,1404,36.27
26-10-2023,Bhavanisagar,105,32800,77.95,15577,376,217,76.03,14633,47.49
26-10-2023,Manimuthar,118,5511,100.19,3661,1673,1288,98.01,3465,66.43
26-10-2023,Mettur,120,93470,119.52,92535,70,68,119.52,92535,99
26-10-2023,Papanasam,143,5500,115.5,3224,1511,1194,120.15,3559,58.62
26-10-2023,Vaigai,71,6091,22.35,339,329,171,21.48,307,5.57
27-10-2023,Amaravathi,90,4047,59.23,1422,1627,1118,62.04,1597,35.14
27-10-2023,Bhavanisagar,105,32800,78.88,16043,2665,2086,76.23,14731,48.91
27-10-2023,Manimuthar,118,5511,100.56,3695,141,109,104.3,4048,67.05
27-10-2023,Mettur,120,93470,119.52,92535,150,153,119.52,92535,99
27-10-2023,Papanasam,143,5500,113.25,3070,1820,1785,117.05,3334,55.82
27-10-2023,Vaigai,71,6091,22.26,335,2549,1894,23.22,373,5.5
28-10-2023,Amaravathi,90,4047,59.36,1430,691,467,55.88,1230,35.33
28-10-2023,Bhavanisagar,105,32800,77.91,15558,4949,3493,82.29,17836,47.43
28-10-2023,Manimuthar,118,5511,100.28,3669,3743,2360,96.35,3321,66.58
28-10-2023,Mettur,120,93470,119.52,92535,2888,2740,114.86,83777,99
28-10-2023,Papanasam,143,5500,113.66,3098,391,332,116.04,3262,56.33
28-10-2023,Vaigai,71,6091,22.22,334,2219,1256,22.97,363,5.48
29-10-2023,Amaravathi,90,4047,59.86,1460,2977,2292,58.59,1384,36.08
29-10-2023,Bhavanisagar,105,32800,77.55,15375,1168,709,81.07,17179,46.88
29-10-2023,Manimuthar,118,5511,99.96,3640,2604,1700,96.16,3304,66.05
29-10-2023,Mettur,120,93470,119.52,92535,413,298,119.3,92106,99
29-10-2023,Papanasam,143,5500,111.86,2977,10367,5373,106.16,2612,54.13
29-10-2023,Vaigai,71,6091,22.32,337,323,228,23,364,5.53
30-10-2023,Amaravathi,90,4047,60.02,1470,234,237,62.78,1645,36.32
30-10-2023,Bhavanisagar,105,32800,79.63,16429,7246,3841,75.63,14442,50.09
30-10-2023,Manimuthar,118,5511,98.87,3541,3647,3176,97.74,3441,64.25
30-10-2023,Mettur,120,93470,119.52,92535,1092,1035,112.57,79673,99
30-10-2023,Papanasam,143,5500,112.89,3045,3033,3052,116.03,3262,55.36
30-10-2023,Vaigai,71,6091,22.28,336,3112,1912,23.08,367,5.52
31-10-2023,Amaravathi,90,4047,59.19,1420,5160,3810,57.13,1299,35.09
31-10-2023,Bhavanisagar,105,32800,78.02,15611,2243,1500,74.98,14133,47.59
31-10-2023,Manimuthar,118,5511,98.68,3525,1345,1442,93.93,3116,63.96
31-10-2023,Mettur,120,93470,119.52,92535,512,475,119.52,92535,99
31-10-2023,Papanasam,143,5500,112.28,3005,3998,2773,106.51,2633,54.64
31-10-2023,Vaigai,71,6091,22.41,341,1885,1160,21.87,321,5.6
01-11-2023,Amaravathi,90,4047,56.61,1270,317,274,56.45,1261,31.38
01-11-2023,Bhavanisagar,105,32800,75.59,14422,1034,892,74.93,14112,43.97
01-11-2023,Manimuthar,118,5511,97.02,3378,83,74,91.9,2950,61.3
01-11-2023,Mettur,120,93470,119.52,92535,185,142,119.52,92535,99
01-11-2023,Papanasam,143,5500,110.77,2905,680,495,116.63,3304,52.82
01-11-2023,Vaigai,71,6091,21.58,310,373,330,22.81,356,5.09
02-11-2023,Amaravathi,90,4047,56.83,1282,3292,1709,57.8,1338,31.68
02-11-2023,Bhavanisagar,105,32800,76.25,14740,45,43,71.56,12575,44.94
02-11-2023,Manimuthar,118,5511,96.15,3303,98,77,101.23,3756,59.93
02-11-2023,Mettur,120,93470,119.52,92535,455,301,117.74,89129,99
02-11-2023,Papanasam,143,5500,110.94,2916,108,104,108.36,2749,53.02
02-11-2023,Vaigai,71,6091,21.43,305,19,15,21.62,312,5.01
03-11-2023,Amaravathi,90,4047,57.97,1348,3562,3339,60.84,1520,33.31
03-11-2023,Bhavanisagar,105,32800,76.28,14754,930,763,76.07,14652,44.98
03-11-2023,Manimuthar,118,5511,95.33,3233,10156,8319,93.88,3112,58.66
03-11-2023,Mettur,120,93470,119.52,92535,209,216,119.52,92535,99
03-11-2023,Papanasam,143,5500,111.1,2926,2016,1654,114.71,3170,53.2
03-11-2023,Vaigai,71,6091,21.65,313,1286,1006,21.42,305,5.14
04-11-2023,Amaravathi,90,4047,57.98,1348,663,531,54.44,1151,33.31
04-11-2023,Bhavanisagar,105,32800,76.17,14703,808,834,79.65,16441,44.83
04-11-2023,Manimuthar,118,5511,96.29,3315,799,492,96.43,3327,60.15
04-11-2023,Mettur,120,93470,119.52,92535,1864,1814,119.5,92492,99
04-11-2023,Papanasam,143,5500,108.67,2769,1426,958,111.66,2963,50.35
04-11-2023,Vaigai,71,6091,21.85,320,94,70,21.42,305,5.25
05-11-2023,Amaravathi,90,4047,57.35,1312,319,164,60.07,1473,32.42
05-11-2023,Bhavanisagar,105,32800,76.83,15020,4290,4621,76.91,15060,45.79
05-11-2023,Manimuthar,118,5511,95.56,3253,286,196,95.66,3261,59.03
05-11-2023,Mettur,120,93470,119.52,92535,1449,1372,118.53,90638,99
05-11-2023,Papanasam,143,5500,109.51,2823,3803,3146,114.21,3135,51.33
05-11-2023,Vaigai,71,6091,21.42,305,1250,725,22.49,344,5.01
06-11-2023,Amaravathi,90,4047,57.24,1305,13,12,54.77,1169,32.25
06-11-2023,Bhavanisagar,105,32800,74.72,14010,988,659,78.67,15938,42.71
06-11-2023,Manimuthar,118,5511,96.82,3361,98,58,101.82,3812,60.99
06-11-2023,Mettur,120,93470,119.52,92535,223,149,117.53,88734,99
06-11-2023,Papanasam,143,5500,109.77,2840,3515,2695,109.87,2846,51.64
06-11-2023,Vaigai,71,6091,21.76,317,3688,2264,21.42,305,5.2
07-11-2023,Amaravathi,90,4047,58.29,1366,8,8,60.84,1521,33.75
07-11-2023,Bhavanisagar,105,32800,76.16,14696,544,363,75.28,14277,44.8
07-11-2023,Manimuthar,118,5511,96.54,3336,1937,1040,99.25,3576,60.53
07-11-2023,Mettur,120,93470,119.52,92535,721,787,119.52,92535,99
07-11-2023,Papanasam,143,5500,108.22,2740,3698,3597,103.2,2433,49.82
07-11-2023,Vaigai,71,6091,21.47,306,718,467,22.5,344,5.02
08-11-2023,Amaravathi,90,4047,58.2,1361,3697,3310,57.11,1298,33.63
08-11-2023,Bhavanisagar,105,32800,75.1,14190,11020,5873,75.8,14524,43.26
08-11-2023,Manimuthar,118,5511,97.34,3406,2273,2024,100,3644,61.8
08-11-2023,Mettur,120,93470,119.52,92535,444,249,114.37,82898,99
08-11-2023,Papanasam,143,5500,107.19,2676,1545,1695,108.41,2752,48.65
08-11-2023,Vaigai,71,6091,21.7,315,3138,2660,21.76,317,5.17
09-11-2023,Amaravathi,90,4047,57.32,1310,1356,759,60.12,1476,32.37
09-11-2023,Bhavanisagar,105,32800,76.36,14791,491,338,72.42,12958,45.09
09-11-2023,Manimuthar,118,5511,97.51,3421,241,169,102.5,3876,62.08
09-11-2023,Mettur,120,93470,119.52,92535,338,226,114.69,83468,99
09-11-2023,Papanasam,143,5500,110.5,2887,707,511,113.41,3081,52.49
09-11-2023,Vaigai,71,6091,21.76,317,1278,653,21.42,305,5.2
10-11-2023,Amaravathi,90,4047,57.87,1342,248,157,58.27,1365,33.16
10-11-2023,Bhavanisagar,105,32800,73.66,13521,592,639,77.45,15325,41.22
10-11-2023,Manimuthar,118,5511,96.83,3362,1146,1238,91.87,2947,61.01
10-11-2023,Mettur,120,93470,119.52,92535,3724,2041,119.52,92535,99
10-11-2023,Papanasam,143,5500,110.54,2890,1136,956,113.32,3074,52.55
10-11-2023,Vaigai,71,6091,21.44,305,3591,3667,21.42,305,5.01
11-11-2023,Amaravathi,90,4047,57.87,1342,433,216,59.62,1445,33.16
11-11-2023,Bhavanisagar,105,32800,76.59,14906,3941,1985,79.37,16295,45.45
11-11-2023,Manimuthar,118,5511,96.53,3336,1631,892,92.66,3011,60.53
11-11-2023,Mettur,120,93470,119.52,92535,194,143,119.52,92535,99
11-11-2023,Papanasam,143,5500,108.89,2783,260,175,108.99,2789,50.6
11-11-2023,Vaigai,71,6091,21.7,315,2688,2033,21.42,305,5.17
12-11-2023,Amaravathi,90,4047,58.31,1367,6910,6812,58.03,1351,33.78
12-11-2023,Bhavanisagar,105,32800,74.48,13898,4860,2696,71.35,12487,42.37
12-11-2023,Manimuthar,118,5511,97.23,3397,491,466,93.19,3054,61.64
12-11-2023,Mettur,120,93470,119.52,92535,3290,3257,115.97,85815,99
12-11-2023,Papanasam,143,5500,110.74,2902,686,576,104.55,2514,52.76
12-11-2023,Vaigai,71,6091,21.85,320,932,721,21.99,325,5.25
13-11-2023,Amaravathi,90,4047,57.4,1315,1220,959,57.04,1294,32.49
13-11-2023,Bhavanisagar,105,32800,76,14621,23,15,75.54,14401,44.58
13-11-2023,Manimuthar,118,5511,97.17,3391,6370,3606,92.35,2986,61.53
13-11-2023,Mettur,120,93470,119.52,92535,4346,3624,119.52,92535,99
13-11-2023,Papanasam,143,5500,107.06,2668,1254,944,104.23,2495,48.51
13-11-2023,Vaigai,71,6091,21.48,307,1227,1008,21.42,305,5.04
14-11-2023,Amaravathi,90,4047,58.02,1350,2447,1996,56.72,1276,33.36
14-11-2023,Bhavanisagar,105,32800,76.41,14815,1936,1819,80.76,17017,45.17
14-11-2023,Manimuthar,118,5511,96.84,3362,2281,1567,99.31,3581,61.01
14-11-2023,Mettur,120,93470,119.52,92535,538,517,114.9,83847,99
14-11-2023,Papanasam,143,5500,109.93,2849,3845,2348,112.28,3005,51.8
14-11-2023,Vaigai,71,6091,21.51,308,2423,1962,21.79,318,5.06
15-11-2023,Amaravathi,90,4047,56.64,1271,262,233,57.85,1341,31.41
15-11-2023,Bhavanisagar,105,32800,76.22,14727,1249,928,73.1,13265,44.9
15-11-2023,Manimuthar,118,5511,97.08,3384,505,389,100.14,3657,61.4
15-11-2023,Mettur,120,93470,119.52,92535,1161,749,113.79,81843,99
15-11-2023,Papanasam,143,5500,109.81,2842,3428,1970,109.73,2837,51.67
15-11-2023,Vaigai,71,6091,21.87,321,28,20,22.95,362,5.27
16-11-2023,Amaravathi,90,4047,57.78,1336,2287,1834,60.42,1494,33.01
16-11-2023,Bhavanisagar,105,32800,74.52,13919,6219,6293,74.51,13912,42.44
16-11-2023,Manimuthar,118,5511,95.84,3276,2354,1905,100.58,3697,59.44
16-11-2023,Mettur,120,93470,119.52,92535,1546,1040,119.52,92535,99
16-11-2023,Papanasam,143,5500,110.63,2896,1001,505,109.88,2846,52.65
16-11-2023,Vaigai,71,6091,21.69,314,714,553,22.9,360,5.16
17-11-2023,Amaravathi,90,4047,56.66,1272,6676,4436,54.58,1159,31.43
17-11-2023,Bhavanisagar,105,32800,74.87,14083,1287,1180,75.01,14147,42.94
17-11-2023,Manimuthar,118,5511,96.38,3322,1560,1361,90.9,2870,60.28
17-11-2023,Mettur,120,93470,119.52,92535,1247,662,117.14,87999,99
17-11-2023,Papanasam,143,5500,111.37,2944,4568,2519,109.03,2792,53.53
17-11-2023,Vaigai,71,6091,21.99,325,2963,2794,21.42,305,5.34
18-11-2023,Amaravathi,90,4047,58.09,1355,957,511,61.29,1549,33.48
18-11-2023,Bhavanisagar,105,32800,76.38,14801,7599,6586,75.18,14228,45.12
18-11-2023,Manimuthar,118,5511,96.46,3329,1534,1111,99.26,3576,60.41
18-11-2023,Mettur,120,93470,119.52,92535,236,126,119.52,92535,99
18-11-2023,Papanasam,143,5500,108.44,2754,962,743,111.93,2981,50.07
18-11-2023,Vaigai,71,6091,21.42,305,27,21,22.32,337,5.01
19-11-2023,Amaravathi,90,4047,58.31,1367,1749,1396,54.89,1175,33.78
19-11-2023,Bhavanisagar,105,32800,75.48,14372,795,562,74.86,14078,43.82
19-11-2023,Manimuthar,118,5511,97.5,3420,2,1,100.35,3676,62.06
19-11-2023,Mettur,120,93470,119.52,92535,481,437,119.52,92535,99
19-11-2023,Papanasam,143,5500,109.23,2805,2030,2092,109.41,2816,51
19-11-2023,Vaigai,71,6091,21.7,315,964,930,22.31,337,5.17
20-11-2023,Amaravathi,90,4047,58.75,1393,1553,1443,58.15,1358,34.42
20-11-2023,Bhavanisagar,105,32800,76.36,14795,2496,1973,78.99,16100,45.11
20-11-2023,Manimuthar,118,5511,98.62,3519,469,365,103.92,4011,63.85
20-11-2023,Mettur,120,93470,119.52,92535,1484,1161,118.24,90088,99
20-11-2023,Papanasam,143,5500,109.67,2833,1427,853,105.9,2596,51.51
20-11-2023,Vaigai,71,6091,21.87,321,1266,699,22.95,362,5.27
21-11-2023,Amaravathi,90,4047,57.04,1294,410,244,56.16,1245,31.97
21-11-2023,Bhavanisagar,105,32800,74.49,13905,2723,1750,71.96,12755,42.39
21-11-2023,Manimuthar,118,5511,96.26,3312,388,324,101.26,3759,60.1
21-11-2023,Mettur,120,93470,119.52,92535,2911,3141,113.94,82106,99
21-11-2023,Papanasam,143,5500,109.28,2808,4318,3510,105.13,2549,51.05
21-11-2023,Vaigai,71,6091,21.42,305,1628,1472,21.42,305,5.01
22-11-2023,Amaravathi,90,4047,57.95,1346,3078,3067,57.12,1299,33.26
22-11-2023,Bhavanisagar,105,32800,76.67,14942,1151,755,71.93,12741,45.55
22-11-2023,Manimuthar,118,5511,96.53,3336,1538,1048,98.12,3475,60.53
22-11-2023,Mettur,120,93470,119.52,92535,2152,2287,114.81,83686,99
22-11-2023,Papanasam,143,5500,108,2726,507,370,109.58,2827,49.56
22-11-2023,Vaigai,71,6091,21.5,307,2974,2004,21.42,305,5.04
23-11-2023,Amaravathi,90,4047,58.45,1376,452,271,61.63,1571,34
23-11-2023,Bhavanisagar,105,32800,76.1,14666,967,1044,76.74,14979,44.71
23-11-2023,Manimuthar,118,5511,98.59,3516,284,250,97.76,3443,63.8
23-11-2023,Mettur,120,93470,119.52,92535,1401,1408,114.17,82535,99
23-11-2023,Papanasam,143,5500,107.34,2685,1364,879,101.69,2345,48.82
23-11-2023,Vaigai,71,6091,22,325,5519,5439,23.12,368,5.34
24-11-2023,Amaravathi,90,4047,57.89,1343,1576,1716,56.75,1278,33.19
24-11-2023,Bhavanisagar,105,32800,77.67,15437,3265,1905,78.31,15757,47.06
24-11-2023,Manimuthar,118,5511,98.96,3550,30,24,104.53,4071,64.42
24-11-2023,Mettur,120,93470,119.52,92535,2601,1615,114.54,83198,99
24-11-2023,Papanasam,143,5500,108.41,2752,40,26,102.88,2415,50.04
24-11-2023,Vaigai,71,6091,21.51,308,248,134,21.66,313,5.06
25-11-2023,Amaravathi,90,4047,56.92,1287,496,400,55.66,1217,31.8
25-11-2023,Bhavanisagar,105,32800,76.15,14692,2076,1501,72.28,12896,44.79
25-11-2023,Manimuthar,118,5511,97.55,3425,165,155,92.87,3029,62.15
25-11-2023,Mettur,120,93470,119.52,92535,1794,1460,117.47,88616,99
25-11-2023,Papanasam,143,5500,111.03,2922,2066,1790,115.59,3231,53.13
25-11-2023,Vaigai,71,6091,21.84,320,1828,1978,21.42,305,5.25
26-11-2023,Amaravathi,90,4047,57.94,1346,300,197,54.57,1158,33.26
26-11-2023,Bhavanisagar,105,32800,76.78,14996,1004,739,80.05,16648,45.72
26-11-2023,Manimuthar,118,5511,97.18,3392,524,441,98.25,3486,61.55
26-11-2023,Mettur,120,93470,119.52,92535,3439,2529,119.52,92535,99
26-11-2023,Papanasam,143,5500,108.94,2786,543,559,107.61,2702,50.65
26-11-2023,Vaigai,71,6091,21.53,308,1090,872,21.42,305,5.06
27-11-2023,Amaravathi,90,4047,57.47,1319,162,97,54.62,1161,32.59
27-11-2023,Bhavanisagar,105,32800,76.56,14892,5575,4270,74.89,14092,45.4
27-11-2023,Manimuthar,118,5511,97.83,3449,1476,1545,97.27,3400,62.58
27-11-2023,Mettur,120,93470,119.52,92535,1018,693,119.52,92535,99
27-11-2023,Papanasam,143,5500,107.92,2721,169,183,103.07,2426,49.47
27-11-2023,Vaigai,71,6091,21.42,305,970,696,21.42,305,5.01
28-11-2023,Amaravathi,90,4047,58.62,1386,1555,865,60.37,1492,34.25
28-11-2023,Bhavanisagar,105,32800,75.74,14493,1224,1117,73.63,13508,44.19
28-11-2023,Manimuthar,118,5511,98.6,3517,418,249,97.4,3412,63.82
28-11-2023,Mettur,120,93470,119.52,92535,1145,732,119.52,92535,99
28-11-2023,Papanasam,143,5500,107.83,2716,683,472,102.1,2369,49.38
28-11-2023,Vaigai,71,6091,22.12,330,1210,848,21.42,305,5.42
29-11-2023,Amaravathi,90,4047,57.71,1332,124,123,57.66,1329,32.91
29-11-2023,Bhavanisagar,105,32800,75.86,14553,715,492,75.78,14514,44.37
29-11-2023,Manimuthar,118,5511,95.75,3269,298,254,98.69,3525,59.32
29-11-2023,Mettur,120,93470,119.52,92535,3885,3397,113.82,81900,99
29-11-2023,Papanasam,143,5500,110.55,2890,680,390,112.46,3016,52.55
29-11-2023,Vaigai,71,6091,21.42,305,819,474,21.44,305,5.01
30-11-2023,Amaravathi,90,4047,57.86,1341,3076,2646,59.1,1414,33.14
30-11-2023,Bhavanisagar,105,32800,75.55,14405,634,390,73.79,13582,43.92
30-11-2023,Manimuthar,118,5511,97.77,3444,662,560,92.87,3028,62.49
30-11-2023,Mettur,120,93470,119.52,92535,4609,4040,117.11,87952,99
30-11-2023,Papanasam,143,5500,109.27,2807,9322,5960,106.32,2621,51.04
30-11-2023,Vaigai,71,6091,21.43,305,1933,1697,22.2,333,5.01
01-12-2023,Amaravathi,90,4047,53.27,1091,56,28,50.75,966,26.96
01-12-2023,Bhavanisagar,105,32800,70.93,12302,823,696,74.88,14086,37.51
01-12-2023,Manimuthar,118,5511,90.68,2853,8391,9122,93.65,3092,51.77
01-12-2023,Mettur,120,93470,115.97,85825,1354,1110,119.52,92535,91.82
01-12-2023,Papanasam,143,5500,100.48,2276,3770,4105,104.17,2491,41.38
01-12-2023,Vaigai,71,6091,21.42,305,2327,1760,21.93,323,5.01
02-12-2023,Amaravathi,90,4047,55.18,1191,1466,1231,55.53,1210,29.43
02-12-2023,Bhavanisagar,105,32800,71.31,12466,387,351,73.12,13273,38.01
02-12-2023,Manimuthar,118,5511,91.46,2915,28,23,86.75,2554,52.89
02-12-2023,Mettur,120,93470,114.9,83855,2175,1285,112.26,79119,89.71
02-12-2023,Papanasam,143,5500,102.63,2400,529,392,99.38,2214,43.64
02-12-2023,Vaigai,71,6091,21.42,305,798,599,22.08,328,5.01
03-12-2023,Amaravathi,90,4047,53.72,1114,3619,2672,54.52,1156,27.53
03-12-2023,Bhavanisagar,105,32800,70.3,12032,1581,851,71.11,12379,36.68
03-12-2023,Manimuthar,118,5511,91.09,2885,5022,4344,91.33,2904,52.35
03-12-2023,Mettur,120,93470,116.67,87111,47,39,119.52,92535,93.2
03-12-2023,Papanasam,143,5500,104.79,2528,253,192,106.43,2628,45.96
03-12-2023,Vaigai,71,6091,21.42,305,355,253,21.42,305,5.01
04-12-2023,Amaravathi,90,4047,53.41,1098,2118,2055,53.53,1104,27.13
04-12-2023,Bhavanisagar,105,32800,71.17,12405,1883,1179,74,13676,37.82
04-12-2023,Manimuthar,118,5511,91.15,2890,1024,749,90.81,2863,52.44
04-12-2023,Mettur,120,93470,114.27,82703,2931,2067,118.55,90674,88.48
04-12-2023,Papanasam,143,5500,101.35,2326,681,486,94.98,1977,42.29
04-12-2023,Vaigai,71,6091,21.42,305,1212,1186,22.14,331,5.01
05-12-2023,Amaravathi,90,4047,53.54,1104,3073,1979,52.09,1032,27.28
05-12-2023,Bhavanisagar,105,32800,69.67,11765,201,215,65.95,10256,35.87
05-12-2023,Manimuthar,118,5511,91.56,2923,1268,1286,95.42,3241,53.04
05-12-2023,Mettur,120,93470,115.11,84235,2234,1317,111.27,77393,90.12
05-12-2023,Papanasam,143,5500,102.76,2407,4884,4549,103.36,2443,43.76
05-12-2023,Vaigai,71,6091,21.42,305,2527,2370,22.05,327,5.01
06-12-2023,Amaravathi,90,4047,54.42,1151,76,74,53.87,1122,28.44
06-12-2023,Bhavanisagar,105,32800,70.81,12249,310,219,71.82,12690,37.34
06-12-2023,Manimuthar,118,5511,91.11,2887,1024,725,92.61,3007,52.39
06-12-2023,Mettur,120,93470,114.09,82383,1793,1671,116,85871,88.14
06-12-2023,Papanasam,143,5500,102.71,2405,439,482,103.81,2469,43.73
06-12-2023,Vaigai,71,6091,21.42,305,305,238,22.32,338,5.01
07-12-2023,Amaravathi,90,4047,53.26,1090,3243,3244,53.6,1108,26.93
07-12-2023,Bhavanisagar,105,32800,70.06,11927,478,307,67.58,10902,36.36
07-12-2023,Manimuthar,118,5511,89.98,2798,664,728,84.89,2419,50.77
07-12-2023,Mettur,120,93470,116.08,86021,406,287,111.51,77805,92.03
07-12-2023,Papanasam,143,5500,103.99,2480,2612,1321,100.4,2272,45.09
07-12-2023,Vaigai,71,6091,21.42,305,1241,1247,21.42,305,5.01
08-12-2023,Amaravathi,90,4047,53.25,1090,1340,1051,52.55,1054,26.93
08-12-2023,Bhavanisagar,105,32800,71.1,12376,741,683,68.62,11327,37.73
08-12-2023,Manimuthar,118,5511,90.78,2861,1670,1677,92.38,2988,51.91
08-12-2023,Mettur,120,93470,118.12,89846,3347,2845,116.7,87173,96.12
08-12-2023,Papanasam,143,5500,103.98,2480,1533,1589,106.25,2617,45.09
08-12-2023,Vaigai,71,6091,21.42,305,1199,688,21.9,322,5.01
09-12-2023,Amaravathi,90,4047,52.52,1053,965,747,52.64,1059,26.02
09-12-2023,Bhavanisagar,105,32800,69.83,11832,5248,5630,72.28,12897,36.07
09-12-2023,Manimuthar,118,5511,92.79,3022,785,435,97.74,3442,54.84
09-12-2023,Mettur,120,93470,116.42,86651,233,198,116.5,86804,92.7
09-12-2023,Papanasam,143,5500,100.24,2263,1874,1770,101.51,2335,41.15
09-12-2023,Vaigai,71,6091,21.42,305,185,139,21.42,305,5.01
10-12-2023,Amaravathi,90,4047,53.11,1083,211,170,51.43,999,26.76
10-12-2023,Bhavanisagar,105,32800,69.57,11722,387,209,68.02,11078,35.74
10-12-2023,Manimuthar,118,5511,91.54,2921,792,712,91.88,2949,53
10-12-2023,Mettur,120,93470,115.41,84796,1323,675,119.52,92535,90.72
10-12-2023,Papanasam,143,5500,101.11,2312,482,508,101.74,2348,42.04
10-12-2023,Vaigai,71,6091,21.42,305,751,548,22.02,326,5.01
11-12-2023,Amaravathi,90,4047,53.47,1101,1379,1291,54.6,1160,27.21
11-12-2023,Bhavanisagar,105,32800,71.03,12344,2105,2136,73.88,13622,37.63
11-12-2023,Manimuthar,118,5511,90.38,2829,5597,5273,90.08,2806,51.33
11-12-2023,Mettur,120,93470,115.65,85227,1670,1759,118.47,90525,91.18
11-12-2023,Papanasam,143,5500,101.74,2348,590,604,96,2031,42.69
11-12-2023,Vaigai,71,6091,21.42,305,32,33,21.89,322,5.01
12-12-2023,Amaravathi,90,4047,54.72,1167,890,652,53.9,1123,28.84
12-12-2023,Bhavanisagar,105,32800,69.44,11665,624,569,67.85,11010,35.56
12-12-2023,Manimuthar,118,5511,91.33,2904,1323,746,91.98,2957,52.69
12-12-2023,Mettur,120,93470,116.52,86838,231,195,118,89618,92.9
12-12-2023,Papanasam,143,5500,103.35,2442,1005,792,106.4,2626,44.4
12-12-2023,Vaigai,71,6091,21.42,305,48,47,21.42,305,5.01
13-12-2023,Amaravathi,90,4047,53.69,1112,2647,2712,51.5,1002,27.48
13-12-2023,Bhavanisagar,105,32800,71.12,12386,13,9,69.64,11752,37.76
13-12-2023,Manimuthar,118,5511,90.99,2877,1126,1153,93.4,3072,52.2
13-12-2023,Mettur,120,93470,117.73,89105,3813,4024,117.03,87791,95.33
13-12-2023,Papanasam,143,5500,101.37,2327,3647,3074,96.38,2051,42.31
13-12-2023,Vaigai,71,6091,21.42,305,762,787,21.42,305,5.01
14-12-2023,Amaravathi,90,4047,55.2,1192,205,180,53.86,1121,29.45
14-12-2023,Bhavanisagar,105,32800,70.69,12200,1654,1587,69,11483,37.2
14-12-2023,Manimuthar,118,5511,90.02,2801,401,414,90.8,2863,50.83
14-12-2023,Mettur,120,93470,114.76,83605,168,183,119.3,92105,89.45
14-12-2023,Papanasam,143,5500,101.63,2342,300,329,97.81,2128,42.58
14-12-2023,Vaigai,71,6091,21.42,305,109,116,22.46,343,5.01
15-12-2023,Amaravathi,90,4047,54.37,1148,314,201,54.51,1155,28.37
15-12-2023,Bhavanisagar,105,32800,70.47,12102,827,774,72.07,12802,36.9
15-12-2023,Manimuthar,118,5511,89.6,2769,2730,2889,92.49,2997,50.24
15-12-2023,Mettur,120,93470,115.57,85086,1252,925,109.13,73721,91.03
15-12-2023,Papanasam,143,5500,100.83,2296,3035,2892,102,2363,41.75
15-12-2023,Vaigai,71,6091,21.42,305,136,132,21.42,305,5.01
16-12-2023,Amaravathi,90,4047,54.26,1142,264,180,53.08,1081,28.22
16-12-2023,Bhavanisagar,105,32800,71.77,12669,6120,3886,73.15,13286,38.62
16-12-2023,Manimuthar,118,5511,91.31,2903,3956,2695,95.14,3217,52.68
16-12-2023,Mettur,120,93470,117.03,87801,571,560,109.74,74752,93.93
16-12-2023,Papanasam,143,5500,104.84,2531,15,15,104.14,2489,46.02
16-12-2023,Vaigai,71,6091,21.42,305,99,81,21.42,305,5.01
17-12-2023,Amaravathi,90,4047,53.46,1101,2175,1305,50.3,945,27.21
17-12-2023,Bhavanisagar,105,32800,71.64,12614,238,226,72.23,12872,38.46
17-12-2023,Manimuthar,118,5511,89.47,2759,1547,1408,87.14,2583,50.06
17-12-2023,Mettur,120,93470,114.04,82296,1079,1135,111.91,78502,88.05
17-12-2023,Papanasam,143,5500,102.53,2394,1658,897,105.48,2570,43.53
17-12-2023,Vaigai,71,6091,21.42,305,206,122,21.42,305,5.01
18-12-2023,Amaravathi,90,4047,53.42,1098,1389,1507,52.32,1043,27.13
18-12-2023,Bhavanisagar,105,32800,71.16,12403,449,352,69.72,11785,37.81
18-12-2023,Manimuthar,118,5511,90.85,2866,39,24,89.75,2780,52.01
18-12-2023,Mettur,120,93470,113.1,80616,596,561,112.45,79460,86.25
18-12-2023,Papanasam,143,5500,103.5,2451,577,410,98.59,2171,44.56
18-12-2023,Vaigai,71,6091,21.42,305,321,298,22.19,333,5.01
19-12-2023,Amaravathi,90,4047,53.86,1121,3315,3216,54.65,1163,27.7
19-12-2023,Bhavanisagar,105,32800,71.8,12685,1179,1036,71.97,12756,38.67
19-12-2023,Manimuthar,118,5511,90.41,2832,695,748,93.21,3057,51.39
19-12-2023,Mettur,120,93470,115.12,84262,212,128,115.1,84221,90.15
19-12-2023,Papanasam,143,5500,102.14,2372,556,575,100.51,2278,43.13
19-12-2023,Vaigai,71,6091,21.42,305,46,24,21.42,305,5.01
20-12-2023,Amaravathi,90,4047,53.08,1081,529,436,50.37,949,26.71
20-12-2023,Bhavanisagar,105,32800,71.16,12400,73,46,71.09,12371,37.8
20-12-2023,Manimuthar,118,5511,90.37,2829,539,577,91.93,2952,51.33
20-12-2023,Mettur,120,93470,113.33,81012,760,797,111.43,77668,86.67
20-12-2023,Papanasam,143,5500,102.09,2369,1804,991,103.2,2433,43.07
20-12-2023,Vaigai,71,6091,21.42,305,1099,1037,21.69,314,5.01
21-12-2023,Amaravathi,90,4047,54.51,1155,4694,3080,51.21,988,28.54
21-12-2023,Bhavanisagar,105,32800,70.16,11971,982,681,68.08,11102,36.5
21-12-2023,Manimuthar,118,5511,88.94,2718,740,473,87.71,2625,49.32
21-12-2023,Mettur,120,93470,118.08,89773,18,16,113.38,81102,96.04
21-12-2023,Papanasam,143,5500,103.07,2426,2621,2025,106.39,2626,44.11
21-12-2023,Vaigai,71,6091,21.42,305,2124,1525,22.02,326,5.01
22-12-2023,Amaravathi,90,4047,54.35,1147,1104,1020,56.2,1247,28.34
22-12-2023,Bhavanisagar,105,32800,70.5,12115,873,506,73.98,13670,36.94
22-12-2023,Manimuthar,118,5511,88.12,2656,1050,857,90.83,2865,48.19
22-12-2023,Mettur,120,93470,117.08,87885,4544,2677,115.87,85634,94.02
22-12-2023,Papanasam,143,5500,102.52,2394,300,251,97.07,2088,43.53
22-12-2023,Vaigai,71,6091,21.42,305,1007,949,22.43,342,5.01
23-12-2023,Amaravathi,90,4047,53.33,1094,1006,702,55.57,1212,27.03
23-12-2023,Bhavanisagar,105,32800,71.34,12481,157,151,73.91,13634,38.05
23-12-2023,Manimuthar,118,5511,92.4,2990,1208,1301,91.12,2887,54.26
23-12-2023,Mettur,120,93470,119.07,91666,97,92,114.81,83689,98.07
23-12-2023,Papanasam,143,5500,101.02,2307,1776,1410,103.99,2480,41.95
23-12-2023,Vaigai,71,6091,21.42,305,1003,661,22.5,344,5.01
24-12-2023,Amaravathi,90,4047,53.21,1088,898,879,53.72,1114,26.88
24-12-2023,Bhavanisagar,105,32800,71.61,12599,2044,1161,72.83,13143,38.41
24-12-2023,Manimuthar,118,5511,89.9,2792,3240,3215,91.37,2907,50.66
24-12-2023,Mettur,120,93470,115.58,85096,3196,1991,111.16,77199,91.04
24-12-2023,Papanasam,143,5500,101.7,2346,1013,559,104.51,2512,42.65
24-12-2023,Vaigai,71,6091,21.42,305,857,494,21.42,305,5.01
25-12-2023,Amaravathi,90,4047,53.28,1091,2492,1656,53.57,1106,26.96
25-12-2023,Bhavanisagar,105,32800,71.23,12433,1455,1127,71.47,12540,37.91
25-12-2023,Manimuthar,118,5511,90.16,2813,4200,2369,90.84,2866,51.04
25-12-2023,Mettur,120,93470,115.45,84855,1164,627,119.17,91869,90.78
25-12-2023,Papanasam,143,5500,104.46,2508,1952,1158,100.11,2256,45.6
25-12-2023,Vaigai,71,6091,21.42,305,1153,810,21.42,305,5.01
26-12-2023,Amaravathi,90,4047,54.49,1154,337,264,53.28,1091,28.51
26-12-2023,Bhavanisagar,105,32800,72.02,12781,48,42,68.26,11176,38.97
26-12-2023,Manimuthar,118,5511,91.17,2892,560,424,92.36,2987,52.48
26-12-2023,Mettur,120,93470,114.72,83521,845,688,113.9,82036,89.36
26-12-2023,Papanasam,143,5500,103.09,2427,102,70,102.76,2408,44.13
26-12-2023,Vaigai,71,6091,21.42,305,4023,3878,22.27,336,5.01
27-12-2023,Amaravathi,90,4047,54.03,1130,5803,2970,55.3,1198,27.92
27-12-2023,Bhavanisagar,105,32800,69.44,11667,1103,639,71.01,12338,35.57
27-12-2023,Manimuthar,118,5511,90.8,2862,6160,5271,86.98,2571,51.93
27-12-2023,Mettur,120,93470,117.25,88198,236,143,119.52,92535,94.36
27-12-2023,Papanasam,143,5500,103.71,2464,320,171,104.28,2498,44.8
27-12-2023,Vaigai,71,6091,21.42,305,930,577,21.42,305,5.01
28-12-2023,Amaravathi,90,4047,53.4,1097,408,213,52.77,1065,27.11
28-12-2023,Bhavanisagar,105,32800,70.51,12121,2218,1326,67.03,10682,36.95
28-12-2023,Manimuthar,118,5511,91.87,2948,295,274,86.7,2550,53.49
28-12-2023,Mettur,120,93470,112.49,79522,4089,2960,109.33,74053,85.08
28-12-2023,Papanasam,143,5500,103.91,2476,1686,1852,102.12,2371,45.02
28-12-2023,Vaigai,71,6091,21.42,305,592,344,22.65,350,5.01
29-12-2023,Amaravathi,90,4047,53.77,1117,2893,1592,54.92,1177,27.6
29-12-2023,Bhavanisagar,105,32800,68.87,11428,157,139,71.82,12690,34.84
29-12-2023,Manimuthar,118,5511,89.56,2766,794,754,89.12,2732,50.19
29-12-2023,Mettur,120,93470,113.9,82038,35,20,116.8,87354,87.77
29-12-2023,Papanasam,143,5500,102.23,2377,1637,1406,96.51,2058,43.22
29-12-2023,Vaigai,71,6091,21.42,305,842,572,21.6,311,5.01
30-12-2023,Amaravathi,90,4047,55.45,1206,1595,1437,58.28,1366,29.8
30-12-2023,Bhavanisagar,105,32800,72.74,13102,2465,2158,68.88,11433,39.95
30-12-2023,Manimuthar,118,5511,90.82,2864,249,162,89.36,2751,51.97
30-12-2023,Mettur,120,93470,117.95,89520,1505,776,113.91,82054,95.77
30-12-2023,Papanasam,143,5500,103.59,2456,114,58,101.96,2361,44.65
30-12-2023,Vaigai,71,6091,21.42,305,227,220,21.42,305,5.01
31-12-2023,Amaravathi,90,4047,52.12,1033,519,400,51.39,997,25.53
31-12-2023,Bhavanisagar,105,32800,70.46,12097,421,307,74.06,13705,36.88
31-12-2023,Manimuthar,118,5511,91.05,2882,1309,703,89.98,2798,52.3
31-12-2023,Mettur,120,93470,116.51,86827,27,15,119.52,92535,92.89
31-12-2023,Papanasam,143,5500,101.63,2342,1303,877,105.16,2551,42.58
31-12-2023,Vaigai,71,6091,21.42,305,3078,3082,21.7,314,5.01
01-01-2024,Amaravathi,90,4047,49.77,920,622,676,47.21,807,22.73
01-01-2024,Bhavanisagar,105,32800,66.01,10278,1036,1037,67.64,10926,31.34
01-01-2024,Manimuthar,118,5511,84.14,2366,587,411,84.72,2407,42.93
01-01-2024,Mettur,120,93470,106.23,68922,216,192,102.81,63509,73.74
01-01-2024,Papanasam,143,5500,96.66,2066,1761,1699,96.95,2081,37.56
01-01-2024,Vaigai,71,6091,21.42,305,540,433,22.1,329,5.01
02-01-2024,Amaravathi,90,4047,50.24,942,1075,1072,49.39,903,23.28
02-01-2024,Bhavanisagar,105,32800,66.71,10554,353,311,65.42,10051,32.18
02-01-2024,Manimuthar,118,5511,83.8,2342,1756,1048,84.99,2426,42.5
02-01-2024,Mettur,120,93470,107.65,71245,1409,1427,111.8,78303,76.22
02-01-2024,Papanasam,143,5500,97.12,2091,226,152,93.33,1892,38.02
02-01-2024,Vaigai,71,6091,21.42,305,621,434,21.42,305,5.01
03-01-2024,Amaravathi,90,4047,50.86,972,619,461,50.09,935,24.02
03-01-2024,Bhavanisagar,105,32800,65.88,10229,6669,4389,64.1,9551,31.19
03-01-2024,Manimuthar,118,5511,82.75,2270,774,528,84.97,2425,41.19
03-01-2024,Mettur,120,93470,107.44,70893,556,500,103.53,64619,75.85
03-01-2024,Papanasam,143,5500,95.06,1982,1233,1124,96.78,2072,36.04
03-01-2024,Vaigai,71,6091,21.42,305,1015,1116,21.42,305,5.01
04-01-2024,Amaravathi,90,4047,49.61,913,1061,621,49.75,919,22.56
04-01-2024,Bhavanisagar,105,32800,67.43,10841,1991,2159,71.13,12388,33.05
04-01-2024,Manimuthar,118,5511,83.52,2323,1211,1188,88.07,2652,42.15
04-01-2024,Mettur,120,93470,108.95,73423,14,7,105.03,66989,78.55
04-01-2024,Papanasam,143,5500,94.68,1962,2663,2142,93.61,1907,35.67
04-01-2024,Vaigai,71,6091,21.42,305,47,39,21.54,309,5.01
05-01-2024,Amaravathi,90,4047,50.15,938,7,4,51.2,988,23.18
05-01-2024,Bhavanisagar,105,32800,67.3,10789,74,73,68.47,11262,32.89
05-01-2024,Manimuthar,118,5511,88.28,2668,1091,1117,82.73,2268,48.41
05-01-2024,Mettur,120,93470,107.54,71064,29,17,108.6,72834,76.03
05-01-2024,Papanasam,143,5500,95.65,2013,977,601,91.29,1791,36.6
05-01-2024,Vaigai,71,6091,21.42,305,252,231,22.03,327,5.01
06-01-2024,Amaravathi,90,4047,50.57,958,2279,1630,47.69,827,23.67
06-01-2024,Bhavanisagar,105,32800,65.54,10098,1155,1258,68.67,11345,30.79
06-01-2024,Manimuthar,118,5511,83.16,2298,108,88,85.57,2468,41.7
06-01-2024,Mettur,120,93470,109.47,74288,1870,1318,106.23,68926,79.48
06-01-2024,Papanasam,143,5500,93.93,1923,308,318,94.27,1941,34.96
06-01-2024,Vaigai,71,6091,21.42,305,5118,3708,22.08,328,5.01
07-01-2024,Amaravathi,90,4047,50.26,943,2055,2151,52.14,1034,23.3
07-01-2024,Bhavanisagar,105,32800,66.74,10563,636,333,65.62,10127,32.2
07-01-2024,Manimuthar,118,5511,85.22,2442,584,526,85.11,2435,44.31
07-01-2024,Mettur,120,93470,107.74,71390,525,448,104.67,66422,76.38
07-01-2024,Papanasam,143,5500,95.23,1991,726,663,100.2,2260,36.2
07-01-2024,Vaigai,71,6091,21.42,305,663,647,22.1,329,5.01
08-01-2024,Amaravathi,90,4047,50.91,974,2624,1683,53.31,1093,24.07
08-01-2024,Bhavanisagar,105,32800,66.92,10636,676,360,66.33,10403,32.43
08-01-2024,Manimuthar,118,5511,82.83,2275,530,376,84.26,2375,41.28
08-01-2024,Mettur,120,93470,105.99,68526,883,672,103.32,64301,73.31
08-01-2024,Papanasam,143,5500,94.36,1946,387,305,96.49,2057,35.38
08-01-2024,Vaigai,71,6091,21.42,305,3080,2611,21.42,305,5.01
09-01-2024,Amaravathi,90,4047,49.57,911,407,441,48.24,851,22.51
09-01-2024,Bhavanisagar,105,32800,67.24,10763,696,735,68.36,11219,32.81
09-01-2024,Manimuthar,118,5511,84.37,2382,135,75,85.97,2497,43.22
09-01-2024,Mettur,120,93470,110.73,76459,3261,3124,105.79,68204,81.8
09-01-2024,Papanasam,143,5500,96.28,2046,305,250,98.38,2159,37.2
09-01-2024,Vaigai,71,6091,21.42,305,559,533,21.8,318,5.01
10-01-2024,Amaravathi,90,4047,50.47,953,714,452,51.7,1012,23.55
10-01-2024,Bhavanisagar,105,32800,66.65,10530,75,81,65.52,10088,32.1
10-01-2024,Manimuthar,118,5511,82.2,2232,181,135,84.98,2426,40.5
10-01-2024,Mettur,120,93470,107.97,71775,2474,2424,106.99,70164,76.79
10-01-2024,Papanasam,143,5500,97.43,2108,2239,1751,102.75,2407,38.33
10-01-2024,Vaigai,71,6091,21.42,305,761,721,21.58,310,5.01
11-01-2024,Amaravathi,90,4047,51.58,1006,232,192,50.02,932,24.86
11-01-2024,Bhavanisagar,105,32800,64.48,9692,714,509,65.87,10222,29.55
11-01-2024,Manimuthar,118,5511,86.82,2559,2424,2233,82.04,2221,46.43
11-01-2024,Mettur,120,93470,109.74,74757,24,15,110.29,75690,79.98
11-01-2024,Papanasam,143,5500,95.7,2015,86,43,94.31,1943,36.64
11-01-2024,Vaigai,71,6091,21.42,305,95,58,21.42,305,5.01
12-01-2024,Amaravathi,90,4047,49.81,922,588,376,49.75,920,22.78
12-01-2024,Bhavanisagar,105,32800,67.6,10907,343,236,64.45,9681,33.25
12-01-2024,Manimuthar,118,5511,83.58,2327,416,256,86.28,2519,42.22
12-01-2024,Mettur,120,93470,105.88,68349,165,165,111.78,78282,73.12
12-01-2024,Papanasam,143,5500,98.19,2149,711,408,94.19,1937,39.07
12-01-2024,Vaigai,71,6091,21.42,305,771,479,21.42,305,5.01
13-01-2024,Amaravathi,90,4047,49.73,918,2265,2100,50.2,940,22.68
13-01-2024,Bhavanisagar,105,32800,67.3,10790,1172,613,68.09,11106,32.9
13-01-2024,Manimuthar,118,5511,85.95,2496,1150,997,87.66,2621,45.29
13-01-2024,Mettur,120,93470,109.19,73816,820,494,106.14,68773,78.97
13-01-2024,Papanasam,143,5500,97.7,2122,2102,2145,99.71,2233,38.58
13-01-2024,Vaigai,71,6091,21.42,305,206,224,21.42,305,5.01
14-01-2024,Amaravathi,90,4047,50.46,953,200,194,48.91,881,23.55
14-01-2024,Bhavanisagar,105,32800,64.65,9755,88,79,67.07,10696,29.74
14-01-2024,Manimuthar,118,5511,84.62,2400,1103,972,87.51,2610,43.55
14-01-2024,Mettur,120,93470,108.34,72385,352,293,110.28,75673,77.44
14-01-2024,Papanasam,143,5500,97.3,2100,249,188,99.55,2224,38.18
14-01-2024,Vaigai,71,6091,21.42,305,235,214,21.42,305,5.01
15-01-2024,Amaravathi,90,4047,49.86,924,593,421,51.94,1024,22.83
15-01-2024,Bhavanisagar,105,32800,64.19,9585,308,231,66.73,10559,29.22
15-01-2024,Manimuthar,118,5511,83.08,2293,372,357,82.48,2251,41.61
15-01-2024,Mettur,120,93470,106.47,69316,1947,1214,99.93,59147,74.16
15-01-2024,Papanasam,143,5500,98.22,2151,847,432,103.37,2443,39.11
15-01-2024,Vaigai,71,6091,21.42,305,1962,1079,22.11,330,5.01
16-01-2024,Amaravathi,90,4047,50.4,950,168,155,52.77,1065,23.47
16-01-2024,Bhavanisagar,105,32800,66.07,10302,879,541,62.79,9071,31.41
16-01-2024,Manimuthar,118,5511,84.38,2383,3265,1983,86.13,2508,43.24
16-01-2024,Mettur,120,93470,108.43,72542,1009,907,104.08,65477,77.61
16-01-2024,Papanasam,143,5500,95.24,1991,1054,1110,90.45,1750,36.2
16-01-2024,Vaigai,71,6091,21.42,305,735,529,21.79,318,5.01
17-01-2024,Amaravathi,90,4047,49.5,908,627,497,51.95,1024,22.44
17-01-2024,Bhavanisagar,105,32800,66.88,10621,2662,2641,68.92,11449,32.38
17-01-2024,Manimuthar,118,5511,87.42,2603,945,570,82.67,2264,47.23
17-01-2024,Mettur,120,93470,109.56,74441,2704,2031,108,71831,79.64
17-01-2024,Papanasam,143,5500,96.87,2077,769,595,95.81,2021,37.76
17-01-2024,Vaigai,71,6091,21.42,305,3242,1701,22.46,343,5.01
18-01-2024,Amaravathi,90,4047,48.95,883,949,866,46.55,779,21.82
18-01-2024,Bhavanisagar,105,32800,64.49,9696,869,482,66.43,10443,29.56
18-01-2024,Manimuthar,118,5511,84.45,2388,227,246,86.61,2543,43.33
18-01-2024,Mettur,120,93470,107.04,70240,200,188,101.47,61449,75.15
18-01-2024,Papanasam,143,5500,95.37,1998,72,38,89.9,1724,36.33
18-01-2024,Vaigai,71,6091,21.42,305,532,416,22.34,338,5.01
19-01-2024,Amaravathi,90,4047,52.39,1046,1893,1441,49.59,912,25.85
19-01-2024,Bhavanisagar,105,32800,65.66,10142,960,587,63.13,9194,30.92
19-01-2024,Manimuthar,118,5511,85.52,2464,317,270,85.87,2490,44.71
19-01-2024,Mettur,120,93470,108.07,71941,1016,657,106.62,69552,76.97
19-01-2024,Papanasam,143,5500,97.43,2107,578,538,93.87,1920,38.31
19-01-2024,Vaigai,71,6091,21.42,305,589,483,21.42,305,5.01
20-01-2024,Amaravathi,90,4047,49.87,925,116,102,52.07,1030,22.86
20-01-2024,Bhavanisagar,105,32800,67.5,10867,19,10,68.08,11104,33.13
20-01-2024,Manimuthar,118,5511,85.62,2471,1960,1228,87.04,2575,44.84
20-01-2024,Mettur,120,93470,106.56,69460,1396,946,107.41,70844,74.31
20-01-2024,Papanasam,143,5500,97.78,2127,324,278,99.92,2244,38.67
20-01-2024,Vaigai,71,6091,21.42,305,1388,1179,21.42,305,5.01
21-01-2024,Amaravathi,90,4047,51.18,987,2405,2584,53.37,1096,24.39
21-01-2024,Bhavanisagar,105,32800,66.69,10544,1883,1310,65.47,10068,32.15
21-01-2024,Manimuthar,118,5511,85.91,2493,45,24,88.07,2652,45.24
21-01-2024,Mettur,120,93470,105.87,68340,710,637,111.22,77296,73.11
21-01-2024,Papanasam,143,5500,97.38,2105,691,485,98.76,2180,38.27
21-01-2024,Vaigai,71,6091,21.42,305,648,462,21.42,305,5.01
22-01-2024,Amaravathi,90,4047,49.92,927,1012,874,49.1,890,22.91
22-01-2024,Bhavanisagar,105,32800,64.88,9843,29,27,65.84,10214,30.01
22-01-2024,Manimuthar,118,5511,85.1,2434,2018,1469,80.25,2102,44.17
22-01-2024,Mettur,120,93470,106.67,69630,34,22,107.87,71616,74.49
22-01-2024,Papanasam,143,5500,95.84,2022,546,425,90.76,1765,36.76
22-01-2024,Vaigai,71,6091,21.42,305,96,99,21.42,305,5.01
23-01-2024,Amaravathi,90,4047,51.08,982,2583,2071,50.86,972,24.26
23-01-2024,Bhavanisagar,105,32800,67.04,10682,956,903,68.42,11244,32.57
23-01-2024,Manimuthar,118,5511,84.56,2395,1376,1455,86.72,2552,43.46
23-01-2024,Mettur,120,93470,109.12,73703,58,46,110.38,75845,78.85
23-01-2024,Papanasam,143,5500,96.42,2053,886,617,91.88,1820,37.33
23-01-2024,Vaigai,71,6091,21.42,305,1498,874,21.85,320,5.01
24-01-2024,Amaravathi,90,4047,50.27,944,216,174,52.11,1032,23.33
24-01-2024,Bhavanisagar,105,32800,65.84,10211,148,85,67.21,10751,31.13
24-01-2024,Manimuthar,118,5511,83.19,2300,17,15,80.44,2114,41.73
24-01-2024,Mettur,120,93470,109.81,74877,123,67,112.76,80002,80.11
24-01-2024,Papanasam,143,5500,95.73,2017,565,318,90.01,1729,36.67
24-01-2024,Vaigai,71,6091,21.42,305,18,10,21.42,305,5.01
25-01-2024,Amaravathi,90,4047,50.37,948,1649,1604,51.61,1008,23.42
25-01-2024,Bhavanisagar,105,32800,65.27,9992,2151,2318,66.26,10377,30.46
25-01-2024,Manimuthar,118,5511,85.54,2466,2148,1675,85.86,2489,44.75
25-01-2024,Mettur,120,93470,106.92,70035,752,686,106.07,68666,74.93
25-01-2024,Papanasam,143,5500,95.9,2026,1913,2008,92.44,1848,36.84
25-01-2024,Vaigai,71,6091,21.42,305,301,168,21.91,322,5.01
26-01-2024,Amaravathi,90,4047,50.71,964,2462,1517,48.38,857,23.82
26-01-2024,Bhavanisagar,105,32800,66.71,10554,1059,1026,68.31,11197,32.18
26-01-2024,Manimuthar,118,5511,85.98,2498,1131,1202,90.76,2859,45.33
26-01-2024,Mettur,120,93470,109.13,73723,1767,1620,106.08,68683,78.87
26-01-2024,Papanasam,143,5500,93.41,1897,748,569,90.77,1765,34.49
26-01-2024,Vaigai,71,6091,21.42,305,166,177,22.49,344,5.01
27-01-2024,Amaravathi,90,4047,49.97,930,4084,4169,52.25,1039,22.98
27-01-2024,Bhavanisagar,105,32800,67.62,10918,1978,1055,69.59,11729,33.29
27-01-2024,Manimuthar,118,5511,85.9,2492,3228,3210,87.98,2645,45.22
27-01-2024,Mettur,120,93470,107.14,70403,981,702,101.68,61777,75.32
27-01-2024,Papanasam,143,5500,96.35,2049,1325,763,90.96,1775,37.25
27-01-2024,Vaigai,71,6091,21.42,305,281,244,21.42,305,5.01
28-01-2024,Amaravathi,90,4047,50.35,947,1143,945,47.52,820,23.4
28-01-2024,Bhavanisagar,105,32800,65.95,10256,1125,774,69.44,11665,31.27
28-01-2024,Manimuthar,118,5511,84.12,2364,348,175,80.33,2107,42.9
28-01-2024,Mettur,120,93470,107.91,71678,225,185,112.59,79698,76.69
28-01-2024,Papanasam,143,5500,96.91,2079,759,592,96.88,2078,37.8
28-01-2024,Vaigai,71,6091,21.42,305,48,33,21.42,305,5.01
29-01-2024,Amaravathi,90,4047,50.99,978,1505,1208,51.88,1021,24.17
29-01-2024,Bhavanisagar,105,32800,67.13,10718,37,31,64.35,9646,32.68
29-01-2024,Manimuthar,118,5511,85.39,2455,636,373,89.37,2751,44.55
29-01-2024,Mettur,120,93470,109,73495,1449,1425,111.05,76996,78.63
29-01-2024,Papanasam,143,5500,97.51,2112,631,464,97.5,2111,38.4
29-01-2024,Vaigai,71,6091,21.42,305,549,495,21.42,305,5.01
30-01-2024,Amaravathi,90,4047,47.34,812,207,138,45.34,729,20.06
30-01-2024,Bhavanisagar,105,32800,65.58,10111,295,235,68.73,11369,30.83
30-01-2024,Manimuthar,118,5511,85.9,2492,1787,1907,90.82,2864,45.22
30-01-2024,Mettur,120,93470,109.33,74052,315,250,105.57,67859,79.23
30-01-2024,Papanasam,143,5500,98.54,2168,1366,992,97.51,2112,39.42
30-01-2024,Vaigai,71,6091,21.42,305,309,173,22.19,333,5.01
31-01-2024,Amaravathi,90,4047,51.16,986,239,259,48.96,883,24.36
31-01-2024,Bhavanisagar,105,32800,66.93,10641,261,153,68.97,11468,32.44
31-01-2024,Manimuthar,118,5511,84.32,2379,4115,3070,81.73,2201,43.17
31-01-2024,Mettur,120,93470,108.75,73073,4835,5156,102.47,62976,78.18
31-01-2024,Papanasam,143,5500,96.31,2047,514,422,95.77,2019,37.22
31-01-2024,Vaigai,71,6091,21.42,305,159,136,21.42,305,5.01
01-02-2024,Amaravathi,90,4047,46.89,793,847,501,48.5,863,19.59
01-02-2024,Bhavanisagar,105,32800,62.23,8869,142,126,60.18,8158,27.04
01-02-2024,Manimuthar,118,5511,77.34,1916,1477,1211,80,2085,34.77
01-02-2024,Mettur,120,93470,100.45,59928,179,150,105.29,67398,64.11
01-02-2024,Papanasam,143,5500,89.04,1682,2060,1906,93.87,1920,30.58
01-02-2024,Vaigai,71,6091,21.42,305,549,406,21.66,313,5.01
02-02-2024,Amaravathi,90,4047,45.08,719,1384,889,43.91,673,17.77
02-02-2024,Bhavanisagar,105,32800,61.28,8535,153,139,61.96,8775,26.02
02-02-2024,Manimuthar,118,5511,79.88,2078,290,233,80.49,2118,37.71
02-02-2024,Mettur,120,93470,100.06,59348,31,28,97.58,55740,63.49
02-02-2024,Papanasam,143,5500,89.54,1707,908,978,85.75,1532,31.04
02-02-2024,Vaigai,71,6091,21.42,305,608,414,21.57,310,5.01
03-02-2024,Amaravathi,90,4047,45.97,755,487,406,44.2,684,18.66
03-02-2024,Bhavanisagar,105,32800,60.39,8229,534,396,63.76,9424,25.09
03-02-2024,Manimuthar,118,5511,79.65,2063,836,540,76.6,1871,37.43
03-02-2024,Mettur,120,93470,99.63,58702,1782,1793,97.43,55516,62.8
03-02-2024,Papanasam,143,5500,88.69,1666,3693,2771,85.54,1522,30.29
03-02-2024,Vaigai,71,6091,21.42,305,185,154,22.33,338,5.01
04-02-2024,Amaravathi,90,4047,46.59,780,535,460,45.61,740,19.27
04-02-2024,Bhavanisagar,105,32800,62.44,8943,311,210,61.33,8553,27.27
04-02-2024,Manimuthar,118,5511,79.42,2048,1811,1693,76.62,1872,37.16
04-02-2024,Mettur,120,93470,100.89,60586,1589,829,102.05,62336,64.82
04-02-2024,Papanasam,143,5500,87.55,1613,663,589,85.58,1524,29.33
04-02-2024,Vaigai,71,6091,21.42,305,1929,1045,21.42,305,5.01
05-02-2024,Amaravathi,90,4047,46.84,791,351,352,44.52,697,19.55
05-02-2024,Bhavanisagar,105,32800,59.52,7934,2221,1464,62.25,8876,24.19
05-02-2024,Manimuthar,118,5511,77.09,1901,155,126,75.03,1777,34.49
05-02-2024,Mettur,120,93470,98.92,57670,72,66,96.99,54899,61.7
05-02-2024,Papanasam,143,5500,88.03,1635,356,257,86.91,1584,29.73
05-02-2024,Vaigai,71,6091,21.42,305,1305,1235,22.42,341,5.01
06-02-2024,Amaravathi,90,4047,46.76,787,1636,967,44.33,689,19.45
06-02-2024,Bhavanisagar,105,32800,61.73,8691,98,87,64.64,9752,26.5
06-02-2024,Manimuthar,118,5511,81.36,2175,91,70,82.23,2234,39.47
06-02-2024,Mettur,120,93470,99.15,57997,1161,626,96.91,54783,62.05
06-02-2024,Papanasam,143,5500,89.43,1701,95,90,87.97,1632,30.93
06-02-2024,Vaigai,71,6091,21.42,305,7,4,22.24,334,5.01
07-02-2024,Amaravathi,90,4047,46.03,757,2146,1540,44.83,709,18.71
07-02-2024,Bhavanisagar,105,32800,61.99,8784,1016,691,59.6,7963,26.78
07-02-2024,Manimuthar,118,5511,78.3,1977,268,138,74.66,1755,35.87
07-02-2024,Mettur,120,93470,102.21,62587,345,302,106.79,69834,66.96
07-02-2024,Papanasam,143,5500,88.8,1671,444,360,86.9,1583,30.38
07-02-2024,Vaigai,71,6091,21.42,305,52,44,21.6,311,5.01
08-02-2024,Amaravathi,90,4047,48.14,847,625,483,47.23,807,20.93
08-02-2024,Bhavanisagar,105,32800,61.2,8508,325,180,58.5,7599,25.94
08-02-2024,Manimuthar,118,5511,77.71,1940,134,81,80.46,2116,35.2
08-02-2024,Mettur,120,93470,100.04,59319,861,550,94.07,50855,63.46
08-02-2024,Papanasam,143,5500,91.36,1794,877,487,92.67,1859,32.62
08-02-2024,Vaigai,71,6091,21.42,305,32,25,21.7,315,5.01
09-02-2024,Amaravathi,90,4047,47.25,808,1725,1869,45.9,752,19.97
09-02-2024,Bhavanisagar,105,32800,61.08,8467,1428,835,58.28,7528,25.81
09-02-2024,Manimuthar,118,5511,76.85,1886,95,64,79.53,2055,34.22
09-02-2024,Mettur,120,93470,99.84,59020,2518,2465,105.56,67837,63.14
09-02-2024,Papanasam,143,5500,91.8,1816,500,271,95.98,2030,33.02
09-02-2024,Vaigai,71,6091,21.42,305,920,718,22.31,337,5.01
10-02-2024,Amaravathi,90,4047,47.04,799,1133,834,48.02,842,19.74
10-02-2024,Bhavanisagar,105,32800,60.27,8188,928,573,57.25,7200,24.96
10-02-2024,Manimuthar,118,5511,78.19,1970,407,242,77.28,1913,35.75
10-02-2024,Mettur,120,93470,101.56,61590,388,372,100.35,59778,65.89
10-02-2024,Papanasam,143,5500,90.74,1764,850,484,90.86,1770,32.07
10-02-2024,Vaigai,71,6091,21.42,305,377,248,22.62,349,5.01
11-02-2024,Amaravathi,90,4047,46.57,779,1174,1257,48.39,858,19.25
11-02-2024,Bhavanisagar,105,32800,60.74,8350,959,788,62.02,8793,25.46
11-02-2024,Manimuthar,118,5511,77.82,1946,889,655,73.02,1660,35.31
11-02-2024,Mettur,120,93470,103.65,64813,1862,2030,106.91,70030,69.34
11-02-2024,Papanasam,143,5500,87.38,1605,840,827,89.93,1725,29.18
11-02-2024,Vaigai,71,6091,21.42,305,25,16,21.42,305,5.01
12-02-2024,Amaravathi,90,4047,46.38,772,2098,2074,46.16,762,19.08
12-02-2024,Bhavanisagar,105,32800,62.43,8942,1033,906,60.64,8315,27.26
12-02-2024,Manimuthar,118,5511,78.54,1992,1008,934,79.74,2069,36.15
12-02-2024,Mettur,120,93470,99.05,57857,486,365,101.82,61981,61.9
12-02-2024,Papanasam,143,5500,88.51,1658,204,207,86.81,1579,30.15
12-02-2024,Vaigai,71,6091,21.42,305,1539,1425,22.61,349,5.01
13-02-2024,Amaravathi,90,4047,45.8,748,18,14,45.83,749,18.48
13-02-2024,Bhavanisagar,105,32800,61.22,8514,1994,1678,63.59,9363,25.96
13-02-2024,Manimuthar,118,5511,79.01,2022,440,404,79.79,2072,36.69
13-02-2024,Mettur,120,93470,98.95,57707,394,264,96.48,54181,61.74
13-02-2024,Papanasam,143,5500,92.37,1844,256,246,93.76,1914,33.53
13-02-2024,Vaigai,71,6091,21.42,305,1080,1187,21.95,324,5.01
14-02-2024,Amaravathi,90,4047,45.26,726,670,726,47.42,815,17.94
14-02-2024,Bhavanisagar,105,32800,60.67,8326,4304,2574,62.05,8805,25.38
14-02-2024,Manimuthar,118,5511,75.46,1802,76,67,77.13,1903,32.7
14-02-2024,Mettur,120,93470,99.19,58069,239,125,93.19,49670,62.13
14-02-2024,Papanasam,143,5500,87.95,1632,16,13,87.86,1627,29.67
14-02-2024,Vaigai,71,6091,21.42,305,1290,1371,21.42,305,5.01
15-02-2024,Amaravathi,90,4047,46.05,758,496,355,47.66,826,18.73
15-02-2024,Bhavanisagar,105,32800,62.08,8816,101,97,65.03,9901,26.88
15-02-2024,Manimuthar,118,5511,79.71,2067,1666,1008,83.45,2318,37.51
15-02-2024,Mettur,120,93470,99.63,58715,436,395,96.18,53752,62.82
15-02-2024,Papanasam,143,5500,88.03,1635,700,482,90.87,1771,29.73
15-02-2024,Vaigai,71,6091,21.42,305,2778,1740,21.43,305,5.01
16-02-2024,Amaravathi,90,4047,45.51,736,668,563,47.38,814,18.19
16-02-2024,Bhavanisagar,105,32800,60.58,8293,434,381,60.07,8119,25.28
16-02-2024,Manimuthar,118,5511,78.03,1959,523,488,80.89,2144,35.55
16-02-2024,Mettur,120,93470,100.11,59417,2695,2619,94.98,52098,63.57
16-02-2024,Papanasam,143,5500,89.43,1701,2397,1714,92.63,1857,30.93
16-02-2024,Vaigai,71,6091,21.42,305,1027,665,21.68,314,5.01
17-02-2024,Amaravathi,90,4047,46.12,761,1126,857,44.97,714,18.8
17-02-2024,Bhavanisagar,105,32800,59.24,7844,1292,1371,62.26,8881,23.91
17-02-2024,Manimuthar,118,5511,74.81,1764,2223,1419,72.58,1635,32.01
17-02-2024,Mettur,120,93470,101.42,61378,2606,2033,102.78,63466,65.67
17-02-2024,Papanasam,143,5500,84.43,1473,2508,2022,84.09,1459,26.78
17-02-2024,Vaigai,71,6091,21.42,305,524,428,21.42,305,5.01
18-02-2024,Amaravathi,90,4047,46.61,781,46,36,45.79,747,19.3
18-02-2024,Bhavanisagar,105,32800,60.62,8308,172,176,62.31,8900,25.33
18-02-2024,Manimuthar,118,5511,78.64,1998,403,409,82.63,2261,36.25
18-02-2024,Mettur,120,93470,99.32,58246,164,179,96.04,53557,62.32
18-02-2024,Papanasam,143,5500,88.46,1655,1004,659,86.57,1568,30.09
18-02-2024,Vaigai,71,6091,21.42,305,611,414,21.42,305,5.01
19-02-2024,Amaravathi,90,4047,47.07,801,1320,853,44.42,693,19.79
19-02-2024,Bhavanisagar,105,32800,61.17,8496,280,293,62.14,8836,25.9
19-02-2024,Manimuthar,118,5511,79.11,2028,268,290,80.02,2087,36.8
19-02-2024,Mettur,120,93470,99.99,59240,842,680,96.68,54454,63.38
19-02-2024,Papanasam,143,5500,88.83,1673,1577,1045,89.29,1695,30.42
19-02-2024,Vaigai,71,6091,21.42,305,166,93,22.05,327,5.01
20-02-2024,Amaravathi,90,4047,45.5,735,1699,859,47.8,832,18.16
20-02-2024,Bhavanisagar,105,32800,61.22,8513,1149,751,62.8,9073,25.95
20-02-2024,Manimuthar,118,5511,77.96,1956,6,3,74.56,1749,35.49
20-02-2024,Mettur,120,93470,100.56,60092,174,110,96.67,54439,64.29
20-02-2024,Papanasam,143,5500,89.27,1693,3198,2210,85.51,1521,30.78
20-02-2024,Vaigai,71,6091,21.42,305,327,350,21.96,324,5.01
21-02-2024,Amaravathi,90,4047,45.15,721,254,128,43.68,664,17.82
21-02-2024,Bhavanisagar,105,32800,61.19,8504,886,520,63.5,9329,25.93
21-02-2024,Manimuthar,118,5511,79.26,2038,226,244,80.54,2121,36.98
21-02-2024,Mettur,120,93470,98.56,57139,53,57,102.95,63718,61.13
21-02-2024,Papanasam,143,5500,84.56,1479,156,161,89.34,1697,26.89
21-02-2024,Vaigai,71,6091,21.42,305,667,365,21.42,305,5.01
22-02-2024,Amaravathi,90,4047,47.25,808,133,115,45.3,727,19.97
22-02-2024,Bhavanisagar,105,32800,60.95,8421,241,214,60.25,8181,25.67
22-02-2024,Manimuthar,118,5511,77.52,1928,1061,669,81.05,2155,34.98
22-02-2024,Mettur,120,93470,101.77,61913,2364,2593,97.67,55856,66.24
22-02-2024,Papanasam,143,5500,88.89,1675,756,729,92.6,1856,30.45
22-02-2024,Vaigai,71,6091,21.42,305,174,167,21.46,306,5.01
23-02-2024,Amaravathi,90,4047,48.36,856,318,165,45.55,738,21.15
23-02-2024,Bhavanisagar,105,32800,60.29,8195,15,15,58.59,7628,24.98
23-02-2024,Manimuthar,118,5511,79.64,2062,2821,1623,75.63,1813,37.42
23-02-2024,Mettur,120,93470,102.17,62518,1071,634,105.94,68441,66.89
23-02-2024,Papanasam,143,5500,88.34,1650,154,83,82.9,1407,30
23-02-2024,Vaigai,71,6091,21.42,305,216,179,22.6,348,5.01
24-02-2024,Amaravathi,90,4047,47.03,799,24,22,45.99,755,19.74
24-02-2024,Bhavanisagar,105,32800,61.52,8618,1541,1694,59.33,7872,26.27
24-02-2024,Manimuthar,118,5511,79.01,2022,1463,1491,79.8,2073,36.69
24-02-2024,Mettur,120,93470,98.68,57313,228,144,99.11,57949,61.32
24-02-2024,Papanasam,143,5500,88.59,1662,328,241,85.77,1532,30.22
24-02-2024,Vaigai,71,6091,21.42,305,68,45,21.42,305,5.01
25-02-2024,Amaravathi,90,4047,46.13,761,542,437,47.29,810,18.8
25-02-2024,Bhavanisagar,105,32800,62.2,8858,3028,3177,62.22,8866,27.01
25-02-2024,Manimuthar,118,5511,80.42,2113,328,210,80.3,2105,38.34
25-02-2024,Mettur,120,93470,102.38,62850,86,88,99.44,58430,67.24
25-02-2024,Papanasam,143,5500,88.6,1662,287,280,83.11,1416,30.22
25-02-2024,Vaigai,71,6091,21.42,305,1533,1606,21.42,305,5.01
26-02-2024,Amaravathi,90,4047,47.51,819,287,164,47.82,833,20.24
26-02-2024,Bhavanisagar,105,32800,59.92,8068,1426,829,63.21,9224,24.6
26-02-2024,Manimuthar,118,5511,76.69,1876,219,173,80.73,2133,34.04
26-02-2024,Mettur,120,93470,102.81,63499,124,128,108.21,72179,67.94
26-02-2024,Papanasam,143,5500,87.35,1604,1663,1784,89.57,1708,29.16
26-02-2024,Vaigai,71,6091,21.42,305,704,621,21.48,307,5.01
27-02-2024,Amaravathi,90,4047,45.86,750,937,746,46.52,777,18.53
27-02-2024,Bhavanisagar,105,32800,60.62,8308,285,282,59.73,8005,25.33
27-02-2024,Manimuthar,118,5511,77.71,1940,1504,1584,81.73,2200,35.2
27-02-2024,Mettur,120,93470,100.2,59552,958,795,95.04,52174,63.71
27-02-2024,Papanasam,143,5500,88.86,1674,211,231,91.7,1811,30.44
27-02-2024,Vaigai,71,6091,21.42,305,602,445,22.16,332,5.01
28-02-2024,Amaravathi,90,4047,44.78,707,707,667,45.86,750,17.47
28-02-2024,Bhavanisagar,105,32800,60.95,8421,83,58,64.33,9637,25.67
28-02-2024,Manimuthar,118,5511,80.01,2087,1034,648,75.4,1798,37.87
28-02-2024,Mettur,120,93470,100.29,59679,472,341,97.33,55378,63.85
28-02-2024,Papanasam,143,5500,88.7,1667,1167,836,89.18,1689,30.31
28-02-2024,Vaigai,71,6091,21.42,305,1298,753,21.42,305,5.01
29-02-2024,Amaravathi,90,4047,47.98,840,1861,1413,47.47,818,20.76
29-02-2024,Bhavanisagar,105,32800,59.98,8088,163,177,62.22,8867,24.66
29-02-2024,Manimuthar,118,5511,80.05,2089,563,504,75.27,1791,37.91
29-02-2024,Mettur,120,93470,99.64,58719,76,48,101.79,61947,62.82
29-02-2024,Papanasam,143,5500,90.37,1746,1098,603,88.78,1670,31.75
29-02-2024,Vaigai,71,6091,21.42,305,1755,938,21.49,307,5.01
01-03-2024,Amaravathi,90,4047,43.7,665,1098,932,41.36,579,16.43
01-03-2024,Bhavanisagar,105,32800,59.41,7897,251,136,56.11,6847,24.08
01-03-2024,Manimuthar,118,5511,73.14,1667,218,166,74.28,1732,30.25
01-03-2024,Mettur,120,93470,96.6,54348,60,60,96.55,54269,58.14
01-03-2024,Papanasam,143,5500,85.33,1513,432,283,81.87,1364,27.51
01-03-2024,Vaigai,71,6091,21.42,305,589,598,21.42,305,5.01
02-03-2024,Amaravathi,90,4047,44.11,680,2325,1238,44.62,700,16.8
02-03-2024,Bhavanisagar,105,32800,57.52,7286,2007,1601,59.82,8036,22.21
02-03-2024,Manimuthar,118,5511,74.13,1724,344,340,70.41,1516,31.28
02-03-2024,Mettur,120,93470,97.95,56262,1323,937,100.01,59267,60.19
02-03-2024,Papanasam,143,5500,82.11,1374,516,277,86.34,1558,24.98
02-03-2024,Vaigai,71,6091,21.42,305,1526,1622,22.64,350,5.01
03-03-2024,Amaravathi,90,4047,44.08,679,424,296,41.83,596,16.78
03-03-2024,Bhavanisagar,105,32800,56.07,6833,448,414,57.59,7309,20.83
03-03-2024,Manimuthar,118,5511,72.33,1621,865,584,74.83,1765,29.41
03-03-2024,Mettur,120,93470,92.13,48270,633,417,96.18,53753,51.64
03-03-2024,Papanasam,143,5500,81.03,1329,1101,1033,77.75,1199,24.16
03-03-2024,Vaigai,71,6091,21.42,305,2431,1224,21.42,305,5.01
04-03-2024,Amaravathi,90,4047,42.52,621,83,72,43.71,665,15.34
04-03-2024,Bhavanisagar,105,32800,56.71,7033,770,417,55.76,6740,21.44
04-03-2024,Manimuthar,118,5511,75.87,1827,2069,1060,71.2,1559,33.15
04-03-2024,Mettur,120,93470,94.32,51201,1444,1473,96.64,54402,54.78
04-03-2024,Papanasam,143,5500,83.9,1450,3073,2915,84.66,1483,26.36
04-03-2024,Vaigai,71,6091,21.42,305,1346,1393,21.42,305,5.01
05-03-2024,Amaravathi,90,4047,45.72,745,1108,1155,45.22,724,18.41
05-03-2024,Bhavanisagar,105,32800,55.95,6797,581,637,55.78,6745,20.72
05-03-2024,Manimuthar,118,5511,71.77,1590,1117,991,69.95,1491,28.85
05-03-2024,Mettur,120,93470,95.31,52555,1378,1265,97.34,55396,56.23
05-03-2024,Papanasam,143,5500,86.73,1575,1445,856,81.44,1346,28.64
05-03-2024,Vaigai,71,6091,21.42,305,734,771,21.42,305,5.01
06-03-2024,Amaravathi,90,4047,42.59,624,434,321,42.98,638,15.42
06-03-2024,Bhavanisagar,105,32800,56.94,7102,1209,1036,59.49,7925,21.65
06-03-2024,Manimuthar,118,5511,72.41,1626,162,122,75.23,1789,29.5
06-03-2024,Mettur,120,93470,95.83,53270,131,134,99.97,59212,56.99
06-03-2024,Papanasam,143,5500,81.64,1354,93,88,79.34,1261,24.62
06-03-2024,Vaigai,71,6091,21.42,305,358,303,21.42,305,5.01
07-03-2024,Amaravathi,90,4047,42.9,635,665,631,42.96,637,15.69
07-03-2024,Bhavanisagar,105,32800,58.8,7697,402,346,59.7,7997,23.47
07-03-2024,Manimuthar,118,5511,73.32,1677,496,422,76.51,1865,30.43
07-03-2024,Mettur,120,93470,94.44,51353,22,21,90.08,45636,54.94
07-03-2024,Papanasam,143,5500,83.24,1422,752,789,81.37,1343,25.85
07-03-2024,Vaigai,71,6091,21.42,305,13,14,21.53,309,5.01
08-03-2024,Amaravathi,90,4047,43.21,646,36,33,44.97,714,15.96
08-03-2024,Bhavanisagar,105,32800,55.93,6793,74,37,58.36,7554,20.71
08-03-2024,Manimuthar,118,5511,75.02,1776,1503,934,73.71,1700,32.23
08-03-2024,Mettur,120,93470,95.5,52811,133,131,99.2,58073,56.5
08-03-2024,Papanasam,143,5500,82.22,1379,106,56,77.99,1208,25.07
08-03-2024,Vaigai,71,6091,21.42,305,128,78,22.19,333,5.01
09-03-2024,Amaravathi,90,4047,43.14,644,432,456,43.6,661,15.91
09-03-2024,Bhavanisagar,105,32800,56.96,7111,205,128,58.55,7614,21.68
09-03-2024,Manimuthar,118,5511,71.67,1584,2965,3231,69.23,1453,28.74
09-03-2024,Mettur,120,93470,91.55,47523,538,271,89.17,44486,50.84
09-03-2024,Papanasam,143,5500,82.37,1385,429,297,84.37,1471,25.18
09-03-2024,Vaigai,71,6091,21.42,305,229,224,21.42,305,5.01
10-03-2024,Amaravathi,90,4047,44.28,687,267,190,46.37,771,16.98
10-03-2024,Bhavanisagar,105,32800,57.35,7233,134,144,59.7,7996,22.05
10-03-2024,Manimuthar,118,5511,73.13,1666,385,294,74.16,1726,30.23
10-03-2024,Mettur,120,93470,93.55,50157,759,497,95.04,52174,53.66
10-03-2024,Papanasam,143,5500,83.28,1424,574,322,85.34,1513,25.89
10-03-2024,Vaigai,71,6091,21.42,305,166,158,21.78,317,5.01
11-03-2024,Amaravathi,90,4047,43.71,665,1757,1907,45.75,745,16.43
11-03-2024,Bhavanisagar,105,32800,54.75,6441,1515,1127,56.44,6948,19.64
11-03-2024,Manimuthar,118,5511,72.95,1656,1746,1219,75.92,1830,30.05
11-03-2024,Mettur,120,93470,93.27,49779,590,571,88.7,43910,53.26
11-03-2024,Papanasam,143,5500,83.44,1431,342,188,86.77,1578,26.02
11-03-2024,Vaigai,71,6091,21.42,305,1954,1894,21.42,305,5.01
12-03-2024,Amaravathi,90,4047,43.49,657,400,437,43.35,652,16.23
12-03-2024,Bhavanisagar,105,32800,57.34,7228,461,373,53.79,6160,22.04
12-03-2024,Manimuthar,118,5511,72.22,1615,378,392,69.93,1490,29.31
12-03-2024,Mettur,120,93470,93.66,50309,2505,1766,95.14,52311,53.82
12-03-2024,Papanasam,143,5500,80.71,1316,1559,1623,79.12,1253,23.93
12-03-2024,Vaigai,71,6091,21.42,305,840,839,21.61,311,5.01
13-03-2024,Amaravathi,90,4047,43.2,646,613,501,42.26,612,15.96
13-03-2024,Bhavanisagar,105,32800,56.9,7089,417,388,56.5,6968,21.61
13-03-2024,Manimuthar,118,5511,73.34,1679,930,633,69.16,1449,30.47
13-03-2024,Mettur,120,93470,96.2,53780,2043,1147,101.06,60835,57.54
13-03-2024,Papanasam,143,5500,81.58,1352,333,282,83.82,1447,24.58
13-03-2024,Vaigai,71,6091,21.42,305,476,419,21.42,305,5.01
14-03-2024,Amaravathi,90,4047,43.01,639,1139,997,42.54,622,15.79
14-03-2024,Bhavanisagar,105,32800,56.19,6870,1274,1086,54.18,6274,20.95
14-03-2024,Manimuthar,118,5511,75.19,1786,400,348,78.68,2001,32.41
14-03-2024,Mettur,120,93470,92.29,48491,272,251,87.3,42197,51.88
14-03-2024,Papanasam,143,5500,82.97,1410,2320,1524,86.9,1583,25.64
14-03-2024,Vaigai,71,6091,21.42,305,202,110,21.42,305,5.01
15-03-2024,Amaravathi,90,4047,43.65,663,222,225,44.68,703,16.38
15-03-2024,Bhavanisagar,105,32800,58.19,7500,205,179,60.43,8242,22.87
15-03-2024,Manimuthar,118,5511,73.65,1696,1184,729,75.67,1815,30.77
15-03-2024,Mettur,120,93470,93.56,50165,663,469,94.9,51985,53.67
15-03-2024,Papanasam,143,5500,81.57,1352,2279,1507,84.01,1455,24.58
15-03-2024,Vaigai,71,6091,21.42,305,712,510,22.06,328,5.01
16-03-2024,Amaravathi,90,4047,45.3,727,72,56,43.58,660,17.96
16-03-2024,Bhavanisagar,105,32800,55.36,6621,1533,1382,55.01,6518,20.19
16-03-2024,Manimuthar,118,5511,75.87,1827,518,298,76.5,1865,33.15
16-03-2024,Mettur,120,93470,92.07,48197,1079,555,86.54,41287,51.56
16-03-2024,Papanasam,143,5500,84.09,1459,1213,786,86.23,1553,26.53
16-03-2024,Vaigai,71,6091,21.42,305,397,353,21.42,305,5.01
17-03-2024,Amaravathi,90,4047,44.22,685,177,158,46.32,769,16.93
17-03-2024,Bhavanisagar,105,32800,56.62,7002,508,316,57.47,7269,21.35
17-03-2024,Manimuthar,118,5511,73.35,1679,514,416,76.58,1870,30.47
17-03-2024,Mettur,120,93470,93.91,50644,297,235,96.89,54752,54.18
17-03-2024,Papanasam,143,5500,81.19,1336,1270,908,77.85,1203,24.29
17-03-2024,Vaigai,71,6091,21.42,305,2521,2676,22.29,336,5.01
18-03-2024,Amaravathi,90,4047,42.12,607,795,813,43.35,652,15
18-03-2024,Bhavanisagar,105,32800,54.76,6442,634,665,56.68,7023,19.64
18-03-2024,Manimuthar,118,5511,73.16,1668,462,373,73.33,1678,30.27
18-03-2024,Mettur,120,93470,92.08,48207,242,265,91.26,47139,51.57
18-03-2024,Papanasam,143,5500,83,1412,2904,2885,82.36,1384,25.67
18-03-2024,Vaigai,71,6091,21.42,305,584,552,21.92,322,5.01
19-03-2024,Amaravathi,90,4047,42.96,637,1543,1268,44.23,685,15.74
19-03-2024,Bhavanisagar,105,32800,53.69,6133,455,423,54.24,6291,18.7
19-03-2024,Manimuthar,118,5511,74.78,1762,2282,2030,72.74,1644,31.97
19-03-2024,Mettur,120,93470,96.76,54574,456,272,100.1,59401,58.39
19-03-2024,Papanasam,143,5500,81.23,1337,584,389,77.84,1202,24.31
19-03-2024,Vaigai,71,6091,21.42,305,1682,1563,22.65,350,5.01
20-03-2024,Amaravathi,90,4047,43,639,375,302,45.14,721,15.79
20-03-2024,Bhavanisagar,105,32800,55.55,6679,473,306,58.22,7510,20.36
20-03-2024,Manimuthar,118,5511,76.69,1876,775,659,73.63,1695,34.04
20-03-2024,Mettur,120,93470,91.14,46989,65,59,92.81,49167,50.27
20-03-2024,Papanasam,143,5500,77.53,1190,560,600,78.49,1228,21.64
20-03-2024,Vaigai,71,6091,21.42,305,909,831,21.42,305,5.01
21-03-2024,Amaravathi,90,4047,42.51,621,1576,915,40.79,560,15.34
21-03-2024,Bhavanisagar,105,32800,57.23,7194,310,332,57.46,7265,21.93
21-03-2024,Manimuthar,118,5511,74.19,1727,25,17,73.54,1690,31.34
21-03-2024,Mettur,120,93470,94.55,51509,242,259,90.46,46117,55.11
21-03-2024,Papanasam,143,5500,80.24,1297,707,407,84.82,1490,23.58
21-03-2024,Vaigai,71,6091,21.42,305,1170,1217,21.42,305,5.01
22-03-2024,Amaravathi,90,4047,42.08,605,724,754,44.33,689,14.95
22-03-2024,Bhavanisagar,105,32800,58.11,7474,105,76,55.21,6575,22.79
22-03-2024,Manimuthar,118,5511,74.34,1736,127,67,74.18,1727,31.5
22-03-2024,Mettur,120,93470,94.44,51357,413,364,93.27,49779,54.94
22-03-2024,Papanasam,143,5500,83.48,1432,406,325,83.7,1441,26.04
22-03-2024,Vaigai,71,6091,21.42,305,3466,2728,21.42,305,5.01
23-03-2024,Amaravathi,90,4047,42.5,620,805,807,42.63,625,15.32
23-03-2024,Bhavanisagar,105,32800,59.79,8024,741,569,61.73,8694,24.46
23-03-2024,Manimuthar,118,5511,72.95,1656,159,168,68.46,1413,30.05
23-03-2024,Mettur,120,93470,92.98,49398,243,264,91.96,48055,52.85
23-03-2024,Papanasam,143,5500,83.27,1423,163,148,87.16,1595,25.87
23-03-2024,Vaigai,71,6091,21.42,305,365,325,21.42,305,5.01
24-03-2024,Amaravathi,90,4047,43.47,656,615,581,41.97,601,16.21
24-03-2024,Bhavanisagar,105,32800,56.58,6992,396,418,57.99,7434,21.32
24-03-2024,Manimuthar,118,5511,74.44,1742,368,204,72.65,1639,31.61
24-03-2024,Mettur,120,93470,92.7,49027,182,94,94.37,51258,52.45
24-03-2024,Papanasam,143,5500,81.15,1334,743,681,79.39,1263,24.25
24-03-2024,Vaigai,71,6091,21.42,305,1443,780,22.64,350,5.01
25-03-2024,Amaravathi,90,4047,42,602,349,250,44.22,685,14.88
25-03-2024,Bhavanisagar,105,32800,56.7,7028,412,333,53.76,6151,21.43
25-03-2024,Manimuthar,118,5511,73.1,1665,523,319,72.81,1648,30.21
25-03-2024,Mettur,120,93470,93.86,50578,349,355,93.56,50171,54.11
25-03-2024,Papanasam,143,5500,84.34,1469,1283,1064,87.95,1632,26.71
25-03-2024,Vaigai,71,6091,21.42,305,911,544,21.42,305,5.01
26-03-2024,Amaravathi,90,4047,44.76,706,1056,696,45.14,721,17.45
26-03-2024,Bhavanisagar,105,32800,58.05,7454,88,94,55.71,6727,22.73
26-03-2024,Manimuthar,118,5511,74.34,1736,340,342,76.24,1849,31.5
26-03-2024,Mettur,120,93470,93.85,50553,1120,1127,96.72,54512,54.08
26-03-2024,Papanasam,143,5500,83.61,1438,15,9,79.34,1261,26.15
26-03-2024,Vaigai,71,6091,21.42,305,16,10,22.07,328,5.01
27-03-2024,Amaravathi,90,4047,43.04,640,1707,1340,45.25,726,15.81
27-03-2024,Bhavanisagar,105,32800,55.25,6588,793,513,56.67,7018,20.09
27-03-2024,Manimuthar,118,5511,70.86,1540,80,69,67.45,1361,27.94
27-03-2024,Mettur,120,93470,94.07,50851,747,432,88.55,43720,54.4
27-03-2024,Papanasam,143,5500,83.36,1427,443,458,83.03,1413,25.95
27-03-2024,Vaigai,71,6091,21.42,305,670,649,22.04,327,5.01
28-03-2024,Amaravathi,90,4047,43.57,660,366,388,43.21,647,16.31
28-03-2024,Bhavanisagar,105,32800,58.1,7470,724,749,55.04,6525,22.77
28-03-2024,Manimuthar,118,5511,72.19,1613,144,125,72.74,1644,29.27
28-03-2024,Mettur,120,93470,93.56,50171,1210,954,89.11,44411,53.68
28-03-2024,Papanasam,143,5500,81.95,1368,315,326,81.22,1337,24.87
28-03-2024,Vaigai,71,6091,21.42,305,785,471,22.6,348,5.01
29-03-2024,Amaravathi,90,4047,44.4,692,588,451,44.75,705,17.1
29-03-2024,Bhavanisagar,105,32800,58.58,7626,305,197,61.87,8743,23.25
29-03-2024,Manimuthar,118,5511,72.47,1629,147,160,71.78,1591,29.56
29-03-2024,Mettur,120,93470,94.55,51511,101,92,93.76,50434,55.11
29-03-2024,Papanasam,143,5500,84.26,1466,1185,760,88.63,1663,26.65
29-03-2024,Vaigai,71,6091,21.42,305,508,271,22.5,345,5.01
30-03-2024,Amaravathi,90,4047,42.78,630,1624,1245,43.23,647,15.57
30-03-2024,Bhavanisagar,105,32800,59.01,7765,877,550,57.11,7157,23.67
30-03-2024,Manimuthar,118,5511,73.84,1707,644,688,73.34,1678,30.97
30-03-2024,Mettur,120,93470,93.1,49553,50,42,90.46,46119,53.01
30-03-2024,Papanasam,143,5500,85.3,1511,71,56,89.26,1693,27.47
30-03-2024,Vaigai,71,6091,21.42,305,566,566,21.42,305,5.01
31-03-2024,Amaravathi,90,4047,43.32,651,113,56,41.97,601,16.09
31-03-2024,Bhavanisagar,105,32800,56.42,6942,251,187,54.58,6388,21.16
31-03-2024,Manimuthar,118,5511,73.42,1683,435,348,75.13,1783,30.54
31-03-2024,Mettur,120,93470,90.3,45918,1213,832,89.82,45301,49.13
31-03-2024,Papanasam,143,5500,83.48,1432,1592,840,81.48,1348,26.04
31-03-2024,Vaigai,71,6091,21.42,305,237,185,21.42,305,5.01
01-04-2024,Amaravathi,90,4047,38.83,495,1437,903,37.42,451,12.23
01-04-2024,Bhavanisagar,105,32800,51.99,5658,247,124,53.1,5964,17.25
01-04-2024,Manimuthar,118,5511,68.38,1409,17,12,68.47,1413,25.57
01-04-2024,Mettur,120,93470,83.74,38021,549,370,85.66,40245,40.68
01-04-2024,Papanasam,143,5500,72.67,1013,785,479,71.32,966,18.42
01-04-2024,Vaigai,71,6091,21.42,305,191,95,21.98,325,5.01
02-04-2024,Amaravathi,90,4047,39.75,525,120,61,41.02,568,12.97
02-04-2024,Bhavanisagar,105,32800,52.44,5782,1047,615,50.23,5192,17.63
02-04-2024,Manimuthar,118,5511,66.1,1294,560,372,65.52,1266,23.48
02-04-2024,Mettur,120,93470,79,32868,1180,1142,74.44,28329,35.16
02-04-2024,Papanasam,143,5500,74.82,1089,653,515,76.92,1167,19.8
02-04-2024,Vaigai,71,6091,21.42,305,1076,793,21.59,310,5.01
03-04-2024,Amaravathi,90,4047,39.75,525,125,83,39.63,521,12.97
03-04-2024,Bhavanisagar,105,32800,52.81,5883,27,23,51.57,5546,17.94
03-04-2024,Manimuthar,118,5511,70.1,1499,891,839,68.75,1428,27.2
03-04-2024,Mettur,120,93470,82.54,36676,166,181,78.88,32743,39.24
03-04-2024,Papanasam,143,5500,73.27,1033,321,166,69.95,921,18.78
03-04-2024,Vaigai,71,6091,21.42,305,7,5,21.79,318,5.01
04-04-2024,Amaravathi,90,4047,40.42,547,1851,1200,41.52,585,13.52
04-04-2024,Bhavanisagar,105,32800,53.83,6172,276,265,55.78,6748,18.82
04-04-2024,Manimuthar,118,5511,66.43,1310,4503,4544,64.47,1216,23.77
04-04-2024,Mettur,120,93470,84.66,39079,414,360,86.68,41452,41.81
04-04-2024,Papanasam,143,5500,76.76,1161,231,162,80.32,1300,21.11
04-04-2024,Vaigai,71,6091,21.42,305,1502,1094,22.09,329,5.01
05-04-2024,Amaravathi,90,4047,37.5,454,365,198,38.81,494,11.22
05-04-2024,Bhavanisagar,105,32800,52.9,5909,312,300,52.8,5880,18.02
05-04-2024,Manimuthar,118,5511,65.63,1271,361,364,67.77,1378,23.06
05-04-2024,Mettur,120,93470,84.27,38626,237,192,79.93,33850,41.32
05-04-2024,Papanasam,143,5500,72.29,999,238,164,70.76,947,18.16
05-04-2024,Vaigai,71,6091,21.42,305,304,210,22.38,340,5.01
06-04-2024,Amaravathi,90,4047,38.88,496,167,156,36.78,432,12.26
06-04-2024,Bhavanisagar,105,32800,51.93,5641,1366,1427,49.25,4943,17.2
06-04-2024,Manimuthar,118,5511,64.92,1237,1143,758,65.64,1272,22.45
06-04-2024,Mettur,120,93470,84.83,39274,259,134,80.37,34308,42.02
06-04-2024,Papanasam,143,5500,76.36,1146,670,548,75.3,1107,20.84
06-04-2024,Vaigai,71,6091,21.42,305,30,17,21.42,305,5.01
07-04-2024,Amaravathi,90,4047,39.61,520,2062,1622,40.67,556,12.85
07-04-2024,Bhavanisagar,105,32800,51.25,5459,981,990,49.93,5114,16.64
07-04-2024,Manimuthar,118,5511,65.66,1273,691,404,66.97,1337,23.1
07-04-2024,Mettur,120,93470,82.46,36586,502,458,85.36,39885,39.14
07-04-2024,Papanasam,143,5500,74.65,1083,923,523,76.62,1156,19.69
07-04-2024,Vaigai,71,6091,21.42,305,2,1,21.42,305,5.01
08-04-2024,Amaravathi,90,4047,39.65,521,277,169,39.38,512,12.87
08-04-2024,Bhavanisagar,105,32800,52.92,5914,1825,967,50.62,5293,18.03
08-04-2024,Manimuthar,118,5511,66.14,1296,626,617,63.18,1156,23.52
08-04-2024,Mettur,120,93470,84.13,38469,133,79,79.99,33905,41.16
08-04-2024,Papanasam,143,5500,74.82,1089,292,158,77.56,1191,19.8
08-04-2024,Vaigai,71,6091,21.42,305,587,532,21.42,305,5.01
09-04-2024,Amaravathi,90,4047,39.64,521,590,485,40.4,546,12.87
09-04-2024,Bhavanisagar,105,32800,55.28,6596,621,316,58.21,7507,20.11
09-04-2024,Manimuthar,118,5511,67.5,1364,651,490,69.33,1458,24.75
09-04-2024,Mettur,120,93470,87.85,42861,19,20,82.92,37100,45.86
09-04-2024,Papanasam,143,5500,72.21,997,1350,711,69.55,907,18.13
09-04-2024,Vaigai,71,6091,21.42,305,1107,1031,22.25,335,5.01
10-04-2024,Amaravathi,90,4047,38.54,485,74,61,37.53,454,11.98
10-04-2024,Bhavanisagar,105,32800,53.71,6139,27,15,50.43,5244,18.72
10-04-2024,Manimuthar,118,5511,67.81,1380,772,678,70.16,1502,25.04
10-04-2024,Mettur,120,93470,86.82,41620,467,432,90.57,46252,44.53
10-04-2024,Papanasam,143,5500,76.15,1138,836,773,74.19,1066,20.69
10-04-2024,Vaigai,71,6091,21.42,305,134,138,21.42,305,5.01
11-04-2024,Amaravathi,90,4047,38.5,484,6,3,39.31,510,11.96
11-04-2024,Bhavanisagar,105,32800,53.09,5964,657,652,49.85,5093,18.18
11-04-2024,Manimuthar,118,5511,64.85,1234,491,323,63.94,1191,22.39
11-04-2024,Mettur,120,93470,86.76,41543,248,245,82.21,36310,44.45
11-04-2024,Papanasam,143,5500,73.23,1032,435,455,69.04,891,18.76
11-04-2024,Vaigai,71,6091,21.42,305,157,102,21.42,305,5.01
12-04-2024,Amaravathi,90,4047,38.78,493,157,126,40.53,551,12.18
12-04-2024,Bhavanisagar,105,32800,52.26,5732,468,363,52.25,5730,17.48
12-04-2024,Manimuthar,118,5511,66.47,1312,10,7,68.87,1434,23.81
12-04-2024,Mettur,120,93470,86.19,40863,1351,1119,89.38,44753,43.72
12-04-2024,Papanasam,143,5500,74.03,1061,870,733,73.36,1037,19.29
12-04-2024,Vaigai,71,6091,21.42,305,1368,806,22.24,334,5.01
13-04-2024,Amaravathi,90,4047,38.52,485,279,215,36.98,438,11.98
13-04-2024,Bhavanisagar,105,32800,52.4,5770,419,401,52.3,5744,17.59
13-04-2024,Manimuthar,118,5511,66.27,1302,380,256,66.09,1294,23.63
13-04-2024,Mettur,120,93470,89.28,44627,448,420,84.62,39026,47.74
13-04-2024,Papanasam,143,5500,74.19,1066,1464,1319,73.63,1046,19.38
13-04-2024,Vaigai,71,6091,21.42,305,1517,1147,21.42,305,5.01
14-04-2024,Amaravathi,90,4047,41.07,569,603,433,42.75,629,14.06
14-04-2024,Bhavanisagar,105,32800,51.42,5504,97,86,49.33,4963,16.78
14-04-2024,Manimuthar,118,5511,66.76,1327,311,329,62.92,1144,24.08
14-04-2024,Mettur,120,93470,83.19,37402,37,23,79.68,33582,40.01
14-04-2024,Papanasam,143,5500,74.45,1076,510,483,76.83,1164,19.56
14-04-2024,Vaigai,71,6091,21.42,305,972,794,21.89,321,5.01
15-04-2024,Amaravathi,90,4047,40.07,535,271,169,41.37,580,13.22
15-04-2024,Bhavanisagar,105,32800,52.51,5800,102,109,52.62,5832,17.68
15-04-2024,Manimuthar,118,5511,68.21,1400,1920,1164,68.47,1413,25.4
15-04-2024,Mettur,120,93470,84.04,38366,2234,1568,80.74,34707,41.05
15-04-2024,Papanasam,143,5500,74.99,1095,208,183,74.22,1068,19.91
15-04-2024,Vaigai,71,6091,21.42,305,1117,689,22.49,344,5.01
16-04-2024,Amaravathi,90,4047,40.88,563,399,253,39.34,511,13.91
16-04-2024,Bhavanisagar,105,32800,53.41,6053,45,39,51.79,5605,18.45
16-04-2024,Manimuthar,118,5511,67.51,1364,26,20,64.36,1211,24.75
16-04-2024,Mettur,120,93470,85.72,40312,935,837,85.7,40290,43.13
16-04-2024,Papanasam,143,5500,76.82,1163,541,406,73.51,1042,21.15
16-04-2024,Vaigai,71,6091,21.42,305,173,162,21.42,305,5.01
17-04-2024,Amaravathi,90,4047,39.94,531,156,127,39.71,523,13.12
17-04-2024,Bhavanisagar,105,32800,52.82,5887,2316,1855,52.53,5807,17.95
17-04-2024,Manimuthar,118,5511,71.65,1583,2137,1908,69.79,1483,28.72
17-04-2024,Mettur,120,93470,88.55,43718,155,170,93.39,49946,46.77
17-04-2024,Papanasam,143,5500,78.99,1247,963,766,75.71,1122,22.67
17-04-2024,Vaigai,71,6091,21.42,305,826,688,22.37,340,5.01
18-04-2024,Amaravathi,90,4047,38.83,495,519,532,40.49,549,12.23
18-04-2024,Bhavanisagar,105,32800,52.79,5878,840,486,53.08,5960,17.92
18-04-2024,Manimuthar,118,5511,69.89,1488,165,95,71.99,1602,27
18-04-2024,Mettur,120,93470,85.75,40344,630,390,87.57,42525,43.16
18-04-2024,Papanasam,143,5500,74.64,1083,321,311,73.85,1054,19.69
18-04-2024,Vaigai,71,6091,21.42,305,220,201,22.06,328,5.01
19-04-2024,Amaravathi,90,4047,39.11,504,333,287,39.38,512,12.45
19-04-2024,Bhavanisagar,105,32800,50.88,5360,324,327,52.98,5933,16.34
19-04-2024,Manimuthar,118,5511,68.3,1405,25,23,69.45,1464,25.49
19-04-2024,Mettur,120,93470,84.19,38531,1216,1138,86.59,41336,41.22
19-04-2024,Papanasam,143,5500,75.41,1111,165,161,71.49,972,20.2
19-04-2024,Vaigai,71,6091,21.42,305,395,281,21.42,305,5.01
20-04-2024,Amaravathi,90,4047,39.41,514,632,374,40.1,536,12.7
20-04-2024,Bhavanisagar,105,32800,52.24,5727,62,34,50.72,5319,17.46
20-04-2024,Manimuthar,118,5511,69.43,1463,1992,1697,67.76,1377,26.55
20-04-2024,Mettur,120,93470,80.86,34842,332,234,79.6,33494,37.28
20-04-2024,Papanasam,143,5500,79,1248,446,278,74.72,1086,22.69
20-04-2024,Vaigai,71,6091,21.42,305,695,437,21.95,324,5.01
21-04-2024,Amaravathi,90,4047,40.04,534,248,229,37.77,462,13.19
21-04-2024,Bhavanisagar,105,32800,51.35,5487,585,417,53.09,5962,16.73
21-04-2024,Manimuthar,118,5511,64.63,1224,770,711,62.25,1114,22.21
21-04-2024,Mettur,120,93470,85.28,39790,346,323,85.14,39631,42.57
21-04-2024,Papanasam,143,5500,73.9,1056,736,696,75.88,1128,19.2
21-04-2024,Vaigai,71,6091,21.42,305,567,306,22.33,338,5.01
22-04-2024,Amaravathi,90,4047,38.67,490,314,289,37.37,450,12.11
22-04-2024,Bhavanisagar,105,32800,52.51,5802,159,140,50.8,5342,17.69
22-04-2024,Manimuthar,118,5511,65.97,1288,103,56,69.11,1447,23.37
22-04-2024,Mettur,120,93470,87.09,41940,1240,1290,86.27,40955,44.87
22-04-2024,Papanasam,143,5500,83.56,1435,316,277,84.32,1468,26.09
22-04-2024,Vaigai,71,6091,21.42,305,201,174,22.6,348,5.01
23-04-2024,Amaravathi,90,4047,40,533,531,378,39.92,530,13.17
23-04-2024,Bhavanisagar,105,32800,53.03,5945,81,82,53.62,6111,18.12
23-04-2024,Manimuthar,118,5511,65.45,1263,197,147,67.1,1344,22.92
23-04-2024,Mettur,120,93470,86.23,40908,1460,914,87.48,42417,43.77
23-04-2024,Papanasam,143,5500,78.82,1240,1765,1086,82.52,1391,22.55
23-04-2024,Vaigai,71,6091,21.42,305,353,189,22.17,332,5.01
24-04-2024,Amaravathi,90,4047,40.69,556,545,426,41.64,589,13.74
24-04-2024,Bhavanisagar,105,32800,52.63,5835,81,61,50.42,5242,17.79
24-04-2024,Manimuthar,118,5511,64.53,1219,1226,747,65.95,1287,22.12
24-04-2024,Mettur,120,93470,81.09,35083,599,562,77.38,31206,37.53
24-04-2024,Papanasam,143,5500,72.2,996,32,21,70.33,933,18.11
24-04-2024,Vaigai,71,6091,21.42,305,21,19,21.42,305,5.01
25-04-2024,Amaravathi,90,4047,37.96,468,144,72,37.04,440,11.56
25-04-2024,Bhavanisagar,105,32800,53.51,6080,67,53,55.47,6654,18.54
25-04-2024,Manimuthar,118,5511,64.54,1219,27,24,66.3,1304,22.12
25-04-2024,Mettur,120,93470,85.88,40495,118,75,90.54,46221,43.32
25-04-2024,Papanasam,143,5500,73.33,1036,1284,1280,74.65,1083,18.84
25-04-2024,Vaigai,71,6091,21.42,305,433,371,21.42,305,5.01
26-04-2024,Amaravathi,90,4047,39.12,504,829,809,37.69,459,12.45
26-04-2024,Bhavanisagar,105,32800,53.19,5992,1650,1333,55.96,6801,18.27
26-04-2024,Manimuthar,118,5511,66.81,1329,370,335,67.12,1345,24.12
26-04-2024,Mettur,120,93470,85.36,39885,119,120,85.28,39792,42.67
26-04-2024,Papanasam,143,5500,75.91,1129,367,388,78.84,1241,20.53
26-04-2024,Vaigai,71,6091,21.42,305,250,195,21.42,305,5.01
27-04-2024,Amaravathi,90,4047,39.45,515,1493,1379,40.48,549,12.73
27-04-2024,Bhavanisagar,105,32800,48.72,4810,1131,900,48.55,4769,14.66
27-04-2024,Manimuthar,118,5511,68.92,1437,657,407,66.97,1337,26.08
27-04-2024,Mettur,120,93470,85.99,40624,353,285,84.51,38909,43.46
27-04-2024,Papanasam,143,5500,78.95,1246,502,428,77.32,1182,22.65
27-04-2024,Vaigai,71,6091,21.42,305,501,322,22.63,349,5.01
28-04-2024,Amaravathi,90,4047,40.05,535,53,33,37.58,456,13.22
28-04-2024,Bhavanisagar,105,32800,53.18,5987,404,407,55.23,6583,18.25
28-04-2024,Manimuthar,118,5511,69.65,1475,347,266,71.89,1597,26.76
28-04-2024,Mettur,120,93470,83.93,38235,539,322,82.82,36985,40.91
28-04-2024,Papanasam,143,5500,75.25,1105,372,203,73.95,1058,20.09
28-04-2024,Vaigai,71,6091,21.42,305,416,256,21.42,305,5.01
29-04-2024,Amaravathi,90,4047,38.45,483,926,651,39.89,529,11.93
29-04-2024,Bhavanisagar,105,32800,49.67,5048,406,342,48.07,4652,15.39
29-04-2024,Manimuthar,118,5511,64.8,1232,173,108,66.56,1317,22.36
29-04-2024,Mettur,120,93470,81.76,35820,890,514,86.19,40868,38.32
29-04-2024,Papanasam,143,5500,75.68,1121,1979,1649,76.64,1156,20.38
29-04-2024,Vaigai,71,6091,21.42,305,111,109,21.42,305,5.01
30-04-2024,Amaravathi,90,4047,40.77,559,84,50,39.98,532,13.81
30-04-2024,Bhavanisagar,105,32800,50.72,5319,947,749,49.69,5054,16.22
30-04-2024,Manimuthar,118,5511,65.97,1288,381,352,65.3,1256,23.37
30-04-2024,Mettur,120,93470,87.34,42237,362,232,82.68,36833,45.19
30-04-2024,Papanasam,143,5500,75.44,1112,123,112,71.39,969,20.22
30-04-2024,Vaigai,71,6091,21.42,305,208,207,21.77,317,5.01
01-05-2024,Amaravathi,90,4047,36.38,421,807,450,35.72,402,10.4
01-05-2024,Bhavanisagar,105,32800,50.3,5210,1669,1140,48.24,4692,15.88
01-05-2024,Manimuthar,118,5511,66.45,1311,397,421,69.02,1442,23.79
01-05-2024,Mettur,120,93470,82.64,36791,230,229,81.95,36028,39.36
01-05-2024,Papanasam,143,5500,75.18,1102,208,110,78.09,1212,20.04
01-05-2024,Vaigai,71,6091,21.42,305,756,757,21.42,305,5.01
02-05-2024,Amaravathi,90,4047,37.19,444,1016,548,39.09,503,10.97
02-05-2024,Bhavanisagar,105,32800,50.1,5159,345,236,47.18,4439,15.73
02-05-2024,Manimuthar,118,5511,65.63,1271,2688,2348,67.78,1378,23.06
02-05-2024,Mettur,120,93470,79.35,33237,160,139,81.29,35298,35.56
02-05-2024,Papanasam,143,5500,70.58,941,208,111,66.83,821,17.11
02-05-2024,Vaigai,71,6091,21.42,305,837,726,21.42,305,5.01
03-05-2024,Amaravathi,90,4047,37.39,450,838,718,38.03,470,11.12
03-05-2024,Bhavanisagar,105,32800,51.38,5495,449,320,51.06,5408,16.75
03-05-2024,Manimuthar,118,5511,61.7,1089,245,253,58.27,944,19.76
03-05-2024,Mettur,120,93470,81.63,35679,20,18,83.22,37432,38.17
03-05-2024,Papanasam,143,5500,71.68,979,833,577,74.24,1068,17.8
03-05-2024,Vaigai,71,6091,21.42,305,745,616,22.54,346,5.01
04-05-2024,Amaravathi,90,4047,36.74,431,793,452,38.17,474,10.65
04-05-2024,Bhavanisagar,105,32800,47.74,4571,1885,1369,46.32,4239,13.94
04-05-2024,Manimuthar,118,5511,65.45,1263,501,362,64.55,1220,22.92
04-05-2024,Mettur,120,93470,81.63,35677,360,362,84.55,38949,38.17
04-05-2024,Papanasam,143,5500,72.04,991,106,84,73.64,1047,18.02
04-05-2024,Vaigai,71,6091,21.42,305,113,97,21.42,305,5.01
05-05-2024,Amaravathi,90,4047,39.06,502,1234,1135,37.63,457,12.4
05-05-2024,Bhavanisagar,105,32800,50.3,5211,798,497,51.54,5538,15.89
05-05-2024,Manimuthar,118,5511,61.95,1101,361,268,60.85,1052,19.98
05-05-2024,Mettur,120,93470,84.84,39283,129,73,82.44,36569,42.03
05-05-2024,Papanasam,143,5500,75.49,1114,1449,923,75.43,1111,20.25
05-05-2024,Vaigai,71,6091,21.42,305,717,709,22.3,337,5.01
06-05-2024,Amaravathi,90,4047,40.17,539,314,250,37.93,467,13.32
06-05-2024,Bhavanisagar,105,32800,48.29,4705,11,8,49.85,5094,14.34
06-05-2024,Manimuthar,118,5511,66.12,1295,60,49,64.52,1218,23.5
06-05-2024,Mettur,120,93470,83.02,37214,32,26,87.21,42088,39.81
06-05-2024,Papanasam,143,5500,76.59,1155,1206,659,72.34,1001,21
06-05-2024,Vaigai,71,6091,21.42,305,45,31,21.89,322,5.01
07-05-2024,Amaravathi,90,4047,38.44,482,14,14,40.01,533,11.91
07-05-2024,Bhavanisagar,105,32800,51.76,5597,128,120,48.86,4846,17.06
07-05-2024,Manimuthar,118,5511,62.47,1124,315,167,66.01,1290,20.4
07-05-2024,Mettur,120,93470,84.16,38505,212,170,79.33,33209,41.2
07-05-2024,Papanasam,143,5500,74.54,1079,168,103,74.17,1066,19.62
07-05-2024,Vaigai,71,6091,21.42,305,450,335,21.42,305,5.01
08-05-2024,Amaravathi,90,4047,40.4,546,416,265,38.5,484,13.49
08-05-2024,Bhavanisagar,105,32800,47.79,4584,1071,662,49.87,5099,13.98
08-05-2024,Manimuthar,118,5511,66.95,1336,396,203,67.28,1353,24.24
08-05-2024,Mettur,120,93470,82.27,36379,89,97,86.68,41455,38.92
08-05-2024,Papanasam,143,5500,70.44,937,532,345,68.73,881,17.04
08-05-2024,Vaigai,71,6091,21.42,305,929,691,21.42,305,5.01
09-05-2024,Amaravathi,90,4047,36.87,435,395,426,37.2,445,10.75
09-05-2024,Bhavanisagar,105,32800,52.55,5811,215,224,50.11,5160,17.72
09-05-2024,Manimuthar,118,5511,65.53,1267,675,393,66.76,1327,22.99
09-05-2024,Mettur,120,93470,84.58,38985,339,274,84.47,38854,41.71
09-05-2024,Papanasam,143,5500,74.37,1073,628,608,73.17,1030,19.51
09-05-2024,Vaigai,71,6091,21.42,305,253,268,21.83,319,5.01
10-05-2024,Amaravathi,90,4047,37.55,455,1235,1099,37.43,452,11.24
10-05-2024,Bhavanisagar,105,32800,49.4,4979,110,87,46.82,4354,15.18
10-05-2024,Manimuthar,118,5511,65.76,1278,814,686,68.75,1428,23.19
10-05-2024,Mettur,120,93470,83.27,37495,615,359,78.36,32208,40.11
10-05-2024,Papanasam,143,5500,73.51,1042,177,136,76.15,1138,18.95
10-05-2024,Vaigai,71,6091,21.42,305,1041,998,21.42,305,5.01
11-05-2024,Amaravathi,90,4047,38.27,477,1136,766,36.5,424,11.79
11-05-2024,Bhavanisagar,105,32800,50.6,5287,1437,1188,49.17,4921,16.12
11-05-2024,Manimuthar,118,5511,63.13,1154,1140,997,59.17,981,20.94
11-05-2024,Mettur,120,93470,85.01,39486,126,113,89.62,45053,42.24
11-05-2024,Papanasam,143,5500,75.64,1119,2514,1365,71.33,967,20.35
11-05-2024,Vaigai,71,6091,21.42,305,193,186,22.4,341,5.01
12-05-2024,Amaravathi,90,4047,39.62,520,1082,922,41.41,581,12.85
12-05-2024,Bhavanisagar,105,32800,51.03,5402,678,607,53.91,6195,16.47
12-05-2024,Manimuthar,118,5511,63.37,1165,243,246,59.61,1000,21.14
12-05-2024,Mettur,120,93470,79.96,33872,55,49,79.41,33300,36.24
12-05-2024,Papanasam,143,5500,72.9,1021,90,65,69.56,908,18.56
12-05-2024,Vaigai,71,6091,21.42,305,721,561,21.42,305,5.01
13-05-2024,Amaravathi,90,4047,35.65,400,550,536,34.69,373,9.88
13-05-2024,Bhavanisagar,105,32800,51.92,5640,29,16,48.68,4801,17.2
13-05-2024,Manimuthar,118,5511,69.79,1482,225,145,72.36,1623,26.89
13-05-2024,Mettur,120,93470,82.01,36092,660,661,86.22,40906,38.61
13-05-2024,Papanasam,143,5500,71.15,960,1501,1353,74.54,1079,17.45
13-05-2024,Vaigai,71,6091,21.42,305,349,302,21.42,305,5.01
14-05-2024,Amaravathi,90,4047,38.39,481,455,420,36.65,428,11.89
14-05-2024,Bhavanisagar,105,32800,48.92,4860,4214,4135,50.56,5278,14.82
14-05-2024,Manimuthar,118,5511,66.68,1323,62,49,67.75,1376,24.01
14-05-2024,Mettur,120,93470,82.97,37158,643,513,84.13,38472,39.75
14-05-2024,Papanasam,143,5500,72.02,990,2008,1602,69.66,911,18
14-05-2024,Vaigai,71,6091,21.42,305,2563,1841,22.29,336,5.01
15-05-2024,Amaravathi,90,4047,38.82,494,1672,1176,36.92,436,12.21
15-05-2024,Bhavanisagar,105,32800,47.8,4585,91,61,47.08,4415,13.98
15-05-2024,Manimuthar,118,5511,64.99,1241,482,455,62.87,1142,22.52
15-05-2024,Mettur,120,93470,82.93,37115,17,17,84.79,39226,39.71
15-05-2024,Papanasam,143,5500,71.97,988,690,361,67.93,855,17.96
15-05-2024,Vaigai,71,6091,21.42,305,894,827,21.49,307,5.01
16-05-2024,Amaravathi,90,4047,39.67,522,395,217,41.82,596,12.9
16-05-2024,Bhavanisagar,105,32800,50.82,5346,790,650,48.14,4668,16.3
16-05-2024,Manimuthar,118,5511,63.08,1152,194,163,66.59,1318,20.9
16-05-2024,Mettur,120,93470,84.88,39336,632,397,86.48,41211,42.08
16-05-2024,Papanasam,143,5500,71.84,984,524,463,73.24,1033,17.89
16-05-2024,Vaigai,71,6091,21.42,305,404,223,21.82,319,5.01
17-05-2024,Amaravathi,90,4047,35.77,403,38,33,36.13,413,9.96
17-05-2024,Bhavanisagar,105,32800,51.66,5570,568,557,51.46,5514,16.98
17-05-2024,Manimuthar,118,5511,66.42,1310,52,35,62.74,1136,23.77
17-05-2024,Mettur,120,93470,86.18,40859,63,56,91.13,46981,43.71
17-05-2024,Papanasam,143,5500,75.63,1119,427,240,78.25,1218,20.35
17-05-2024,Vaigai,71,6091,21.42,305,187,166,21.51,308,5.01
18-05-2024,Amaravathi,90,4047,38.84,495,184,192,37.91,466,12.23
18-05-2024,Bhavanisagar,105,32800,50.48,5257,251,141,52.68,5849,16.03
18-05-2024,Manimuthar,118,5511,65.9,1285,260,283,62.66,1133,23.32
18-05-2024,Mettur,120,93470,79.69,33594,27,29,78.79,32656,35.94
18-05-2024,Papanasam,143,5500,72.17,995,1713,918,71.22,963,18.09
18-05-2024,Vaigai,71,6091,21.42,305,508,380,21.42,305,5.01
19-05-2024,Amaravathi,90,4047,40.34,544,59,62,39.73,524,13.44
19-05-2024,Bhavanisagar,105,32800,49.86,5097,402,318,50.6,5289,15.54
19-05-2024,Manimuthar,118,5511,64.66,1225,698,431,61.68,1089,22.23
19-05-2024,Mettur,120,93470,83.21,37430,468,441,86.87,41680,40.04
19-05-2024,Papanasam,143,5500,70.69,945,1132,758,73.03,1025,17.18
19-05-2024,Vaigai,71,6091,21.42,305,577,372,21.42,305,5.01
20-05-2024,Amaravathi,90,4047,35.91,407,47,34,36.34,419,10.06
20-05-2024,Bhavanisagar,105,32800,51.37,5492,1636,1387,51.62,5558,16.74
20-05-2024,Manimuthar,118,5511,64.93,1238,230,221,61.75,1092,22.46
20-05-2024,Mettur,120,93470,83.45,37693,289,201,85.1,39588,40.33
20-05-2024,Papanasam,143,5500,73.13,1029,622,534,70.35,934,18.71
20-05-2024,Vaigai,71,6091,21.42,305,926,735,21.42,305,5.01
21-05-2024,Amaravathi,90,4047,40.41,547,31,20,41.92,599,13.52
21-05-2024,Bhavanisagar,105,32800,51.92,5641,81,81,49.7,5056,17.2
21-05-2024,Manimuthar,118,5511,65.05,1244,712,634,62.18,1111,22.57
21-05-2024,Mettur,120,93470,83.85,38151,895,681,86.96,41789,40.82
21-05-2024,Papanasam,143,5500,71.67,978,1002,721,73.81,1053,17.78
21-05-2024,Vaigai,71,6091,21.42,305,1405,1458,22.46,343,5.01
22-05-2024,Amaravathi,90,4047,38.52,485,46,46,36.56,426,11.98
22-05-2024,Bhavanisagar,105,32800,52.03,5670,200,129,51.23,5453,17.29
22-05-2024,Manimuthar,118,5511,65.68,1274,506,292,64.89,1236,23.12
22-05-2024,Mettur,120,93470,84.09,38422,71,58,78.86,32725,41.11
22-05-2024,Papanasam,143,5500,70.59,942,324,314,74.47,1076,17.13
22-05-2024,Vaigai,71,6091,21.42,305,1334,1088,21.42,305,5.01
23-05-2024,Amaravathi,90,4047,37.89,465,530,313,35.83,405,11.49
23-05-2024,Bhavanisagar,105,32800,50.58,5282,293,319,47.76,4578,16.1
23-05-2024,Manimuthar,118,5511,67.94,1386,70,36,70.31,1510,25.15
23-05-2024,Mettur,120,93470,79.82,33725,282,258,78.74,32597,36.08
23-05-2024,Papanasam,143,5500,74.35,1072,544,538,75.68,1121,19.49
23-05-2024,Vaigai,71,6091,21.42,305,174,111,21.46,306,5.01
24-05-2024,Amaravathi,90,4047,39.5,516,136,78,38.59,487,12.75
24-05-2024,Bhavanisagar,105,32800,48.15,4671,85,45,48.87,4848,14.24
24-05-2024,Manimuthar,118,5511,68.44,1412,724,397,65.27,1254,25.62
24-05-2024,Mettur,120,93470,78.96,32826,333,213,77.74,31578,35.12
24-05-2024,Papanasam,143,5500,72.38,1003,308,196,68.49,873,18.24
24-05-2024,Vaigai,71,6091,21.42,305,217,128,21.42,305,5.01
25-05-2024,Amaravathi,90,4047,41.06,569,873,780,41.6,588,14.06
25-05-2024,Bhavanisagar,105,32800,54.88,6477,461,277,52.83,5890,19.75
25-05-2024,Manimuthar,118,5511,65.36,1259,3114,2031,65.27,1254,22.85
25-05-2024,Mettur,120,93470,86.2,40881,541,420,84.95,39407,43.74
25-05-2024,Papanasam,143,5500,73.75,1051,750,522,76.57,1154,19.11
25-05-2024,Vaigai,71,6091,21.42,305,1179,728,21.42,305,5.01
26-05-2024,Amaravathi,90,4047,38.83,495,297,232,38.43,482,12.23
26-05-2024,Bhavanisagar,105,32800,52.6,5826,214,183,50.72,5320,17.76
26-05-2024,Manimuthar,118,5511,65.57,1269,151,131,62.44,1122,23.03
26-05-2024,Mettur,120,93470,84.79,39229,1114,903,84.58,38984,41.97
26-05-2024,Papanasam,143,5500,73.25,1033,820,548,68.78,882,18.78
26-05-2024,Vaigai,71,6091,21.42,305,479,372,21.83,319,5.01
27-05-2024,Amaravathi,90,4047,37.86,465,3,2,36.47,423,11.49
27-05-2024,Bhavanisagar,105,32800,49.68,5052,81,47,50.84,5351,15.4
27-05-2024,Manimuthar,118,5511,64.79,1231,538,552,66.62,1320,22.34
27-05-2024,Mettur,120,93470,79.09,32958,486,398,80.1,34025,35.26
27-05-2024,Papanasam,143,5500,72.14,994,188,183,75.79,1125,18.07
27-05-2024,Vaigai,71,6091,21.42,305,1597,1180,21.42,305,5.01
28-05-2024,Amaravathi,90,4047,39,500,1236,1255,36.94,437,12.35
28-05-2024,Bhavanisagar,105,32800,52.06,5677,576,558,54.69,6423,17.31
28-05-2024,Manimuthar,118,5511,68.37,1408,346,377,68.01,1390,25.55
28-05-2024,Mettur,120,93470,78.44,32290,810,800,80.45,34402,34.55
28-05-2024,Papanasam,143,5500,74.93,1093,845,729,72.56,1009,19.87
28-05-2024,Vaigai,71,6091,21.42,305,448,253,21.42,305,5.01
29-05-2024,Amaravathi,90,4047,38.36,480,526,349,39.34,511,11.86
29-05-2024,Bhavanisagar,105,32800,49.43,4987,156,156,47.66,4552,15.2
29-05-2024,Manimuthar,118,5511,64.98,1240,207,166,65.43,1262,22.5
29-05-2024,Mettur,120,93470,84.22,38573,156,164,79.59,33485,41.27
29-05-2024,Papanasam,143,5500,69.81,916,924,676,72.52,1007,16.65
29-05-2024,Vaigai,71,6091,21.42,305,66,34,21.82,319,5.01
30-05-2024,Amaravathi,90,4047,37.28,447,506,351,35.06,383,11.05
30-05-2024,Bhavanisagar,105,32800,51.37,5491,42,38,50.76,5330,16.74
30-05-2024,Manimuthar,118,5511,64.14,1201,153,127,66.07,1293,21.79
30-05-2024,Mettur,120,93470,83.12,37325,1525,1084,78.99,32862,39.93
30-05-2024,Papanasam,143,5500,73.53,1043,269,267,72.04,991,18.96
30-05-2024,Vaigai,71,6091,21.42,305,527,487,21.83,319,5.01
31-05-2024,Amaravathi,90,4047,37.49,453,1007,757,37.84,464,11.19
31-05-2024,Bhavanisagar,105,32800,51.01,5397,53,56,49.5,5006,16.45
31-05-2024,Manimuthar,118,5511,63.54,1173,174,172,65.23,1252,21.28
31-05-2024,Mettur,120,93470,78.32,32165,187,127,81.09,35089,34.41
31-05-2024,Papanasam,143,5500,77.35,1183,40,42,78.03,1210,21.51
31-05-2024,Vaigai,71,6091,21.42,305,77,77,22.04,327,5.01
01-06-2024,Amaravathi,90,4047,41.17,573,1320,1343,40.53,551,14.16
01-06-2024,Bhavanisagar,105,32800,54.31,6310,263,194,51.26,5461,19.24
01-06-2024,Manimuthar,118,5511,65.92,1286,1311,789,62.41,1121,23.34
01-06-2024,Mettur,120,93470,86.77,41560,495,339,87.91,42936,44.46
01-06-2024,Papanasam,143,5500,75.13,1100,453,454,78.32,1221,20
01-06-2024,Vaigai,71,6091,21.42,305,144,101,22.57,347,5.01
02-06-2024,Amaravathi,90,4047,41.12,571,363,223,43.05,640,14.11
02-06-2024,Bhavanisagar,105,32800,52.02,5665,327,232,53.68,6129,17.27
02-06-2024,Manimuthar,118,5511,69.27,1455,282,303,65.26,1254,26.4
02-06-2024,Mettur,120,93470,84.79,39231,341,195,81.45,35478,41.97
02-06-2024,Papanasam,143,5500,78.73,1237,42,23,79.64,1273,22.49
02-06-2024,Vaigai,71,6091,21.42,305,196,122,22.13,330,5.01
03-06-2024,Amaravathi,90,4047,39.78,526,141,72,37.38,450,13
03-06-2024,Bhavanisagar,105,32800,53.45,6065,1040,615,52.59,5822,18.49
03-06-2024,Manimuthar,118,5511,68.52,1416,1673,1018,71.79,1591,25.69
03-06-2024,Mettur,120,93470,89,44276,731,445,89.27,44610,47.37
03-06-2024,Papanasam,143,5500,77.31,1182,279,217,75.69,1121,21.49
03-06-2024,Vaigai,71,6091,21.42,305,741,673,21.56,309,5.01
04-06-2024,Amaravathi,90,4047,41.97,601,238,164,41.15,572,14.85
04-06-2024,Bhavanisagar,105,32800,52.07,5679,1025,947,50.08,5152,17.31
04-06-2024,Manimuthar,118,5511,67.36,1357,432,314,68.7,1425,24.62
04-06-2024,Mettur,120,93470,85.66,40245,536,350,90.24,45834,43.06
04-06-2024,Papanasam,143,5500,79.51,1268,576,632,82.18,1377,23.05
04-06-2024,Vaigai,71,6091,21.42,305,201,143,22.35,339,5.01
05-06-2024,Amaravathi,90,4047,41.61,588,729,389,43.68,664,14.53
05-06-2024,Bhavanisagar,105,32800,52.96,5927,292,164,53.77,6155,18.07
05-06-2024,Manimuthar,118,5511,66.78,1328,2355,2034,68.52,1416,24.1
05-06-2024,Mettur,120,93470,87.68,42653,422,415,88.2,43295,45.63
05-06-2024,Papanasam,143,5500,76.54,1153,204,134,75.01,1096,20.96
05-06-2024,Vaigai,71,6091,21.42,305,236,195,21.93,323,5.01
06-06-2024,Amaravathi,90,4047,40.99,566,161,88,42.77,630,13.99
06-06-2024,Bhavanisagar,105,32800,52.77,5872,553,578,53.11,5968,17.9
06-06-2024,Manimuthar,118,5511,68.85,1433,387,399,67.92,1385,26
06-06-2024,Mettur,120,93470,87.26,42144,1935,1665,90.51,46180,45.09
06-06-2024,Papanasam,143,5500,77.76,1199,653,415,75.07,1098,21.8
06-06-2024,Vaigai,71,6091,21.42,305,1047,982,21.42,305,5.01
07-06-2024,Amaravathi,90,4047,39.85,528,1252,929,40.8,560,13.05
07-06-2024,Bhavanisagar,105,32800,55.2,6572,122,88,57.4,7248,20.04
07-06-2024,Manimuthar,118,5511,67.19,1348,728,463,65.2,1251,24.46
07-06-2024,Mettur,120,93470,86.05,40695,1379,878,82.99,37179,43.54
07-06-2024,Papanasam,143,5500,76.88,1166,1270,1316,74.58,1080,21.2
07-06-2024,Vaigai,71,6091,21.42,305,250,216,22.36,339,5.01
08-06-2024,Amaravathi,90,4047,41.61,588,242,197,41.54,586,14.53
08-06-2024,Bhavanisagar,105,32800,55.23,6581,1290,1336,57.91,7410,20.06
08-06-2024,Manimuthar,118,5511,65.85,1282,187,99,68.44,1412,23.26
08-06-2024,Mettur,120,93470,83.85,38151,1172,1218,82.36,36474,40.82
08-06-2024,Papanasam,143,5500,79.48,1267,943,932,79.66,1274,23.04
08-06-2024,Vaigai,71,6091,21.42,305,2431,2204,21.42,305,5.01
09-06-2024,Amaravathi,90,4047,40.66,555,279,288,38.98,500,13.71
09-06-2024,Bhavanisagar,105,32800,55.15,6559,63,52,56.71,7033,20
09-06-2024,Manimuthar,118,5511,66.83,1330,42,43,63.72,1181,24.13
09-06-2024,Mettur,120,93470,90.67,46390,173,167,88.17,43256,49.63
09-06-2024,Papanasam,143,5500,76.68,1158,1552,1079,73.42,1039,21.05
09-06-2024,Vaigai,71,6091,21.42,305,16,13,21.42,305,5.01
10-06-2024,Amaravathi,90,4047,40.73,557,685,422,40.19,539,13.76
10-06-2024,Bhavanisagar,105,32800,54.24,6292,116,113,55.65,6707,19.18
10-06-2024,Manimuthar,118,5511,68.64,1422,446,354,69.25,1454,25.8
10-06-2024,Mettur,120,93470,86.34,41046,704,392,87.61,42571,43.91
10-06-2024,Papanasam,143,5500,77.89,1204,1234,677,81.01,1328,21.89
10-06-2024,Vaigai,71,6091,21.42,305,394,298,22.41,341,5.01
11-06-2024,Amaravathi,90,4047,39.31,510,1874,1214,40.1,536,12.6
11-06-2024,Bhavanisagar,105,32800,55.31,6605,57,44,53.08,5959,20.14
11-06-2024,Manimuthar,118,5511,67.23,1350,216,193,67.25,1351,24.5
11-06-2024,Mettur,120,93470,89.64,45078,384,327,85.96,40588,48.23
11-06-2024,Papanasam,143,5500,80.63,1313,222,198,75.98,1132,23.87
11-06-2024,Vaigai,71,6091,21.42,305,217,140,22.51,345,5.01
12-06-2024,Amaravathi,90,4047,40.12,537,1774,1671,39.91,530,13.27
12-06-2024,Bhavanisagar,105,32800,54.9,6485,618,555,57.06,7139,19.77
12-06-2024,Manimuthar,118,5511,70.14,1501,832,612,72.98,1658,27.24
12-06-2024,Mettur,120,93470,88.35,43473,156,86,83.06,37261,46.51
12-06-2024,Papanasam,143,5500,80.08,1291,294,184,80.44,1305,23.47
12-06-2024,Vaigai,71,6091,21.42,305,138,80,21.42,305,5.01
13-06-2024,Amaravathi,90,4047,42.1,606,539,493,42.56,622,14.97
13-06-2024,Bhavanisagar,105,32800,50.41,5238,155,88,52.47,5790,15.97
13-06-2024,Manimuthar,118,5511,67.59,1368,1618,1330,65.22,1251,24.82
13-06-2024,Mettur,120,93470,87.88,42898,657,567,88.37,43499,45.89
13-06-2024,Papanasam,143,5500,78.69,1235,1146,795,76.3,1144,22.45
13-06-2024,Vaigai,71,6091,21.42,305,173,166,21.42,305,5.01
14-06-2024,Amaravathi,90,4047,40.15,538,228,143,37.82,463,13.29
14-06-2024,Bhavanisagar,105,32800,53.47,6070,2550,1423,52.18,5712,18.51
14-06-2024,Manimuthar,118,5511,68.24,1401,830,874,69.35,1459,25.42
14-06-2024,Mettur,120,93470,85.76,40360,577,460,90.58,46266,43.18
14-06-2024,Papanasam,143,5500,78.57,1231,88,96,79.58,1271,22.38
14-06-2024,Vaigai,71,6091,21.42,305,321,349,21.42,305,5.01
15-06-2024,Amaravathi,90,4047,41.33,578,28,28,42.21,609,14.28
15-06-2024,Bhavanisagar,105,32800,55.07,6536,650,461,57.8,7375,19.93
15-06-2024,Manimuthar,118,5511,67.87,1383,1941,1078,64.14,1200,25.1
15-06-2024,Mettur,120,93470,83.93,38237,93,85,82.96,37139,40.91
15-06-2024,Papanasam,143,5500,79.12,1252,444,323,82.77,1402,22.76
15-06-2024,Vaigai,71,6091,21.42,305,302,205,21.42,305,5.01
16-06-2024,Amaravathi,90,4047,41.59,587,1210,953,43.38,653,14.5
16-06-2024,Bhavanisagar,105,32800,53.58,6100,571,509,51.97,5653,18.6
16-06-2024,Manimuthar,118,5511,69.17,1450,447,237,66.8,1329,26.31
16-06-2024,Mettur,120,93470,90.53,46202,754,825,86.35,41051,49.43
16-06-2024,Papanasam,143,5500,75.63,1119,83,79,76.49,1151,20.35
16-06-2024,Vaigai,71,6091,21.42,305,759,751,21.53,309,5.01
17-06-2024,Amaravathi,90,4047,42.02,603,285,300,43.01,639,14.9
17-06-2024,Bhavanisagar,105,32800,52.48,5793,290,291,50.5,5263,17.66
17-06-2024,Manimuthar,118,5511,68.62,1421,179,125,64.7,1227,25.78
17-06-2024,Mettur,120,93470,85.77,40370,70,65,86.57,41320,43.19
17-06-2024,Papanasam,143,5500,75.31,1107,601,379,76.66,1157,20.13
17-06-2024,Vaigai,71,6091,21.42,305,20,17,21.42,305,5.01
18-06-2024,Amaravathi,90,4047,40.9,564,487,283,41.35,579,13.94
18-06-2024,Bhavanisagar,105,32800,53.79,6160,919,852,51.85,5620,18.78
18-06-2024,Manimuthar,118,5511,68.52,1416,711,384,64.7,1227,25.69
18-06-2024,Mettur,120,93470,86.16,40826,57,59,82.88,37052,43.68
18-06-2024,Papanasam,143,5500,75.92,1129,1034,733,78.22,1217,20.53
18-06-2024,Vaigai,71,6091,21.42,305,141,139,22.44,342,5.01
19-06-2024,Amaravathi,90,4047,38.8,494,241,128,40.81,560,12.21
19-06-2024,Bhavanisagar,105,32800,55.1,6544,538,549,54.65,6411,19.95
19-06-2024,Manimuthar,118,5511,70,1494,565,583,70.24,1507,27.11
19-06-2024,Mettur,120,93470,86.54,41285,250,158,85.02,39489,44.17
19-06-2024,Papanasam,143,5500,79.6,1272,21,17,83.91,1451,23.13
19-06-2024,Vaigai,71,6091,21.42,305,1073,732,21.64,312,5.01
20-06-2024,Amaravathi,90,4047,41.35,579,721,514,41.41,581,14.31
20-06-2024,Bhavanisagar,105,32800,53.4,6049,98,71,56.18,6869,18.44
20-06-2024,Manimuthar,118,5511,68.78,1429,50,31,70.06,1497,25.93
20-06-2024,Mettur,120,93470,87.06,41906,44,43,84.21,38558,44.83
20-06-2024,Papanasam,143,5500,75.86,1127,1322,1111,74.8,1088,20.49
20-06-2024,Vaigai,71,6091,21.42,305,1097,554,21.42,305,5.01
21-06-2024,Amaravathi,90,4047,40.81,560,720,774,39.57,519,13.84
21-06-2024,Bhavanisagar,105,32800,54.13,6260,246,251,56.53,6976,19.09
21-06-2024,Manimuthar,118,5511,68.85,1433,375,252,68.17,1398,26
21-06-2024,Mettur,120,93470,85.29,39805,496,509,86.81,41606,42.59
21-06-2024,Papanasam,143,5500,77.05,1172,76,81,77.33,1183,21.31
21-06-2024,Vaigai,71,6091,21.42,305,912,872,22.15,331,5.01
22-06-2024,Amaravathi,90,4047,40.99,567,324,347,41.97,601,14.01
22-06-2024,Bhavanisagar,105,32800,52.58,5820,825,566,54.32,6314,17.74
22-06-2024,Manimuthar,118,5511,69.91,1489,69,46,70.22,1506,27.02
22-06-2024,Mettur,120,93470,82.48,36606,259,233,87.17,42033,39.16
22-06-2024,Papanasam,143,5500,75.45,1112,202,173,79.2,1256,20.22
22-06-2024,Vaigai,71,6091,21.42,305,124,112,21.5,307,5.01
23-06-2024,Amaravathi,90,4047,40.68,556,27,28,40.61,553,13.74
23-06-2024,Bhavanisagar,105,32800,53.15,5980,374,295,54.88,6478,18.23
23-06-2024,Manimuthar,118,5511,68.26,1403,766,672,71.75,1589,25.46
23-06-2024,Mettur,120,93470,87.79,42795,693,578,90.18,45756,45.78
23-06-2024,Papanasam,143,5500,74.62,1082,1243,964,77.47,1188,19.67
23-06-2024,Vaigai,71,6091,21.42,305,55,36,21.47,306,5.01
24-06-2024,Amaravathi,90,4047,42.75,629,103,80,44.41,692,15.54
24-06-2024,Bhavanisagar,105,32800,52.09,5686,302,217,52.25,5731,17.34
24-06-2024,Manimuthar,118,5511,68.92,1437,154,118,70.49,1520,26.08
24-06-2024,Mettur,120,93470,85.43,39974,528,567,82,36081,42.77
24-06-2024,Papanasam,143,5500,74.15,1065,2623,1789,72.56,1009,19.36
24-06-2024,Vaigai,71,6091,21.42,305,622,496,21.42,305,5.01
25-06-2024,Amaravathi,90,4047,39.02,501,9,5,36.58,426,12.38
25-06-2024,Bhavanisagar,105,32800,50.56,5278,1058,758,50.71,5316,16.09
25-06-2024,Manimuthar,118,5511,70.8,1537,1164,1252,71.68,1585,27.89
25-06-2024,Mettur,120,93470,86.87,41671,749,464,87.24,42119,44.58
25-06-2024,Papanasam,143,5500,76.3,1144,2927,1698,78.63,1233,20.8
25-06-2024,Vaigai,71,6091,21.42,305,81,60,21.42,305,5.01
26-06-2024,Amaravathi,90,4047,42.04,604,1026,1094,42.59,623,14.92
26-06-2024,Bhavanisagar,105,32800,51.83,5615,208,220,53.19,5991,17.12
26-06-2024,Manimuthar,118,5511,67.82,1380,47,27,64.04,1196,25.04
26-06-2024,Mettur,120,93470,86.74,41526,903,639,88.44,43581,44.43
26-06-2024,Papanasam,143,5500,77.27,1180,1,0,73.53,1043,21.45
26-06-2024,Vaigai,71,6091,21.42,305,347,182,21.65,313,5.01
27-06-2024,Amaravathi,90,4047,39.88,529,188,198,41.16,573,13.07
27-06-2024,Bhavanisagar,105,32800,54.63,6405,550,488,51.41,5501,19.53
27-06-2024,Manimuthar,118,5511,68.5,1415,327,229,69.61,1473,25.68
27-06-2024,Mettur,120,93470,84.99,39455,1015,1072,82.21,36314,42.21
27-06-2024,Papanasam,143,5500,78.64,1234,344,335,78.06,1211,22.44
27-06-2024,Vaigai,71,6091,21.42,305,510,278,22.52,345,5.01
28-06-2024,Amaravathi,90,4047,42.19,609,1651,1531,41.51,585,15.05
28-06-2024,Bhavanisagar,105,32800,53.72,6142,505,361,50.92,5371,18.73
28-06-2024,Manimuthar,118,5511,72.34,1621,408,271,76.12,1842,29.41
28-06-2024,Mettur,120,93470,84.56,38962,3130,3305,84.96,39429,41.68
28-06-2024,Papanasam,143,5500,80.39,1303,557,564,78.51,1228,23.69
28-06-2024,Vaigai,71,6091,21.42,305,328,177,22.09,329,5.01
29-06-2024,Amaravathi,90,4047,41.14,572,798,418,40.57,552,14.13
29-06-2024,Bhavanisagar,105,32800,56.53,6976,137,146,55.91,6785,21.27
29-06-2024,Manimuthar,118,5511,69.94,1490,57,60,68.33,1406,27.04
29-06-2024,Mettur,120,93470,86.29,40990,1181,959,87.56,42510,43.85
29-06-2024,Papanasam,143,5500,73.17,1030,1103,926,71.39,969,18.73
29-06-2024,Vaigai,71,6091,21.42,305,47,49,21.42,305,5.01
30-06-2024,Amaravathi,90,4047,39.27,509,14,8,39.99,533,12.58
30-06-2024,Bhavanisagar,105,32800,52.58,5820,24,22,52.82,5886,17.74
30-06-2024,Manimuthar,118,5511,66.74,1326,47,35,68.63,1422,24.06
30-06-2024,Mettur,120,93470,87.4,42319,87,86,90.29,45899,45.28
30-06-2024,Papanasam,143,5500,75.38,1110,623,397,79.05,1250,20.18
30-06-2024,Vaigai,71,6091,21.42,305,319,201,22.07,328,5.01
01-07-2024,Amaravathi,90,4047,46.12,761,1458,1593,45.26,726,18.8
01-07-2024,Bhavanisagar,105,32800,61.23,8516,639,412,62.99,9141,25.96
01-07-2024,Manimuthar,118,5511,78.51,1990,282,236,76.38,1858,36.11
01-07-2024,Mettur,120,93470,99.15,57997,1110,579,96.76,54572,62.05
01-07-2024,Papanasam,143,5500,86.29,1556,769,808,81.39,1344,28.29
01-07-2024,Vaigai,71,6091,21.42,305,1380,1453,21.42,305,5.01
02-07-2024,Amaravathi,90,4047,46.92,794,164,152,48.32,855,19.62
02-07-2024,Bhavanisagar,105,32800,60.81,8374,555,372,58.93,7739,25.53
02-07-2024,Manimuthar,118,5511,79.57,2057,1743,1411,77,1896,37.33
02-07-2024,Mettur,120,93470,98.29,56751,82,87,98.92,57667,60.72
02-07-2024,Papanasam,143,5500,89.56,1707,33,25,85.3,1511,31.04
02-07-2024,Vaigai,71,6091,21.42,305,267,253,21.42,305,5.01
03-07-2024,Amaravathi,90,4047,46.51,777,83,84,48.21,850,19.2
03-07-2024,Bhavanisagar,105,32800,60.78,8363,932,830,63.08,9177,25.5
03-07-2024,Manimuthar,118,5511,78.16,1968,193,206,75.29,1792,35.71
03-07-2024,Mettur,120,93470,97.29,55326,328,242,96.67,54450,59.19
03-07-2024,Papanasam,143,5500,87.85,1627,485,486,89.13,1687,29.58
03-07-2024,Vaigai,71,6091,21.42,305,502,372,21.96,324,5.01
04-07-2024,Amaravathi,90,4047,46.28,767,640,524,44.96,714,18.95
04-07-2024,Bhavanisagar,105,32800,60.47,8256,287,312,61.16,8494,25.17
04-07-2024,Manimuthar,118,5511,77.77,1943,3820,2753,76.36,1857,35.26
04-07-2024,Mettur,120,93470,100.38,59821,2266,1808,106.07,68653,64
04-07-2024,Papanasam,143,5500,87.22,1598,2600,2406,86.39,1560,29.05
04-07-2024,Vaigai,71,6091,21.42,305,574,555,21.78,317,5.01
05-07-2024,Amaravathi,90,4047,46.08,759,2183,1573,43.46,656,18.75
05-07-2024,Bhavanisagar,105,32800,61.12,8481,1113,561,61.26,8527,25.86
05-07-2024,Manimuthar,118,5511,80.07,2090,913,983,84.46,2389,37.92
05-07-2024,Mettur,120,93470,103.98,65321,1715,1072,109.15,73759,69.88
05-07-2024,Papanasam,143,5500,90.5,1752,500,525,91.32,1793,31.85
05-07-2024,Vaigai,71,6091,21.42,305,56,31,21.42,305,5.01
06-07-2024,Amaravathi,90,4047,46.63,782,472,313,44.5,696,19.32
06-07-2024,Bhavanisagar,105,32800,61.36,8564,2281,2465,61.66,8668,26.11
06-07-2024,Manimuthar,118,5511,79.85,2076,745,710,83.19,2300,37.67
06-07-2024,Mettur,120,93470,99.84,59019,431,442,104.11,65536,63.14
06-07-2024,Papanasam,143,5500,87.45,1608,227,212,88.57,1661,29.24
06-07-2024,Vaigai,71,6091,21.42,305,337,246,22.44,342,5.01
07-07-2024,Amaravathi,90,4047,44.8,708,1539,1689,43.87,671,17.49
07-07-2024,Bhavanisagar,105,32800,60.72,8340,551,587,61.96,8775,25.43
07-07-2024,Manimuthar,118,5511,79.59,2059,599,522,79.95,2082,37.36
07-07-2024,Mettur,120,93470,99.52,58547,1475,1436,97.15,55116,62.64
07-07-2024,Papanasam,143,5500,91.09,1781,626,547,87.81,1625,32.38
07-07-2024,Vaigai,71,6091,21.42,305,1632,1467,21.42,305,5.01
08-07-2024,Amaravathi,90,4047,47.59,823,1140,838,49.82,923,20.34
08-07-2024,Bhavanisagar,105,32800,61.22,8513,247,193,60.89,8399,25.95
08-07-2024,Manimuthar,118,5511,79.78,2072,395,246,79.36,2045,37.6
08-07-2024,Mettur,120,93470,99.39,58348,171,156,97.52,55654,62.42
08-07-2024,Papanasam,143,5500,88.01,1634,468,460,89,1681,29.71
08-07-2024,Vaigai,71,6091,21.42,305,722,388,21.42,305,5.01
09-07-2024,Amaravathi,90,4047,45.14,721,738,568,45.93,753,17.82
09-07-2024,Bhavanisagar,105,32800,60.47,8256,785,560,57.96,7424,25.17
09-07-2024,Manimuthar,118,5511,78.68,2001,209,166,82.36,2243,36.31
09-07-2024,Mettur,120,93470,98.34,56830,3342,2956,102.04,62328,60.8
09-07-2024,Papanasam,143,5500,89.62,1710,714,753,90,1729,31.09
09-07-2024,Vaigai,71,6091,21.42,305,179,157,21.72,315,5.01
10-07-2024,Amaravathi,90,4047,46.31,769,572,393,47.4,815,19
10-07-2024,Bhavanisagar,105,32800,62.66,9023,981,689,65.81,10202,27.51
10-07-2024,Manimuthar,118,5511,79.87,2077,163,169,80.84,2141,37.69
10-07-2024,Mettur,120,93470,99.65,58740,838,803,95.64,53010,62.84
10-07-2024,Papanasam,143,5500,87.58,1614,64,32,91.77,1815,29.35
10-07-2024,Vaigai,71,6091,21.42,305,417,232,21.42,305,5.01
11-07-2024,Amaravathi,90,4047,46.17,763,1575,1478,48.77,875,18.85
11-07-2024,Bhavanisagar,105,32800,61.29,8540,2189,1369,57.76,7360,26.04
11-07-2024,Manimuthar,118,5511,78.93,2017,29,25,83.05,2290,36.6
11-07-2024,Mettur,120,93470,101.13,60942,628,464,96.69,54477,65.2
11-07-2024,Papanasam,143,5500,88.55,1659,472,368,92.11,1831,30.16
11-07-2024,Vaigai,71,6091,21.42,305,2051,2231,21.8,318,5.01
12-07-2024,Amaravathi,90,4047,46.9,793,1309,938,48.19,849,19.59
12-07-2024,Bhavanisagar,105,32800,62.07,8812,3094,3198,62.81,9078,26.87
12-07-2024,Manimuthar,118,5511,78.67,2000,2223,1124,79.9,2079,36.29
12-07-2024,Mettur,120,93470,98.61,57212,23,13,103.87,65161,61.21
12-07-2024,Papanasam,143,5500,90.88,1771,316,316,87.12,1593,32.2
12-07-2024,Vaigai,71,6091,21.42,305,30,32,21.42,305,5.01
13-07-2024,Amaravathi,90,4047,46.08,759,98,95,46.26,767,18.75
13-07-2024,Bhavanisagar,105,32800,61.86,8739,679,350,59.94,8075,26.64
13-07-2024,Manimuthar,118,5511,77.38,1919,579,410,78.55,1993,34.82
13-07-2024,Mettur,120,93470,99.36,58316,717,773,98.55,57136,62.39
13-07-2024,Papanasam,143,5500,90.88,1771,49,30,88.29,1647,32.2
13-07-2024,Vaigai,71,6091,21.42,305,1032,672,21.42,305,5.01
14-07-2024,Amaravathi,90,4047,47.18,805,923,577,44.4,692,19.89
14-07-2024,Bhavanisagar,105,32800,63.59,9363,733,693,61.88,8745,28.55
14-07-2024,Manimuthar,118,5511,75.05,1778,330,329,78.82,2010,32.26
14-07-2024,Mettur,120,93470,99.81,58974,521,293,101.48,61465,63.09
14-07-2024,Papanasam,143,5500,89.99,1728,221,200,85.4,1516,31.42
14-07-2024,Vaigai,71,6091,21.42,305,259,181,21.42,305,5.01
15-07-2024,Amaravathi,90,4047,45.3,728,511,430,47.29,810,17.99
15-07-2024,Bhavanisagar,105,32800,60.52,8274,749,414,59.89,8060,25.23
15-07-2024,Manimuthar,118,5511,78.57,1994,1862,1514,82.07,2224,36.18
15-07-2024,Mettur,120,93470,96.1,53642,219,190,97.81,56059,57.39
15-07-2024,Papanasam,143,5500,86.58,1569,143,115,90.8,1767,28.53
15-07-2024,Vaigai,71,6091,21.42,305,2881,2820,21.42,305,5.01
16-07-2024,Amaravathi,90,4047,46.44,774,1261,962,47.78,831,19.13
16-07-2024,Bhavanisagar,105,32800,62.17,8849,4204,2802,62.16,8844,26.98
16-07-2024,Manimuthar,118,5511,78.24,1973,299,167,78.04,1960,35.8
16-07-2024,Mettur,120,93470,99.32,58247,53,58,93.82,50520,62.32
16-07-2024,Papanasam,143,5500,90.58,1756,882,770,86.61,1570,31.93
16-07-2024,Vaigai,71,6091,21.42,305,153,95,21.42,305,5.01
17-07-2024,Amaravathi,90,4047,47.03,799,206,148,47.78,831,19.74
17-07-2024,Bhavanisagar,105,32800,62.43,8941,359,274,65.02,9898,27.26
17-07-2024,Manimuthar,118,5511,79.51,2054,2631,2200,81.08,2157,37.27
17-07-2024,Mettur,120,93470,102.29,62701,1068,1164,99.01,57795,67.08
17-07-2024,Papanasam,143,5500,90.29,1742,706,516,89.66,1712,31.67
17-07-2024,Vaigai,71,6091,21.42,305,1910,1106,21.42,305,5.01
18-07-2024,Amaravathi,90,4047,46.11,760,534,539,47.6,823,18.78
18-07-2024,Bhavanisagar,105,32800,62.07,8811,204,208,58.65,7647,26.86
18-07-2024,Manimuthar,118,5511,79.33,2043,402,412,75.59,1810,37.07
18-07-2024,Mettur,120,93470,98.6,57202,1060,569,98.71,57364,61.2
18-07-2024,Papanasam,143,5500,86.79,1578,400,215,91.58,1805,28.69
18-07-2024,Vaigai,71,6091,21.42,305,756,582,21.42,305,5.01
19-07-2024,Amaravathi,90,4047,47.32,811,305,211,48.32,855,20.04
19-07-2024,Bhavanisagar,105,32800,61.66,8668,1975,1377,60.26,8186,26.43
19-07-2024,Manimuthar,118,5511,78.4,1983,863,742,81.68,2197,35.98
19-07-2024,Mettur,120,93470,99.16,58015,5141,5081,100.51,60020,62.07
19-07-2024,Papanasam,143,5500,88.62,1663,113,74,92.65,1858,30.24
19-07-2024,Vaigai,71,6091,21.42,305,106,61,22.22,334,5.01
20-07-2024,Amaravathi,90,4047,45.38,731,333,346,46.39,772,18.06
20-07-2024,Bhavanisagar,105,32800,62.04,8804,44,31,64.62,9745,26.84
20-07-2024,Manimuthar,118,5511,81.16,2162,1672,1787,81.53,2187,39.23
20-07-2024,Mettur,120,93470,101.36,61287,673,508,96.71,54497,65.57
20-07-2024,Papanasam,143,5500,86.72,1575,436,248,83.52,1434,28.64
20-07-2024,Vaigai,71,6091,21.42,305,108,57,21.7,314,5.01
21-07-2024,Amaravathi,90,4047,46.58,780,3840,3687,48.96,883,19.27
21-07-2024,Bhavanisagar,105,32800,61.3,8542,453,280,60.74,8349,26.04
21-07-2024,Manimuthar,118,5511,81.7,2198,2393,2237,79.34,2043,39.88
21-07-2024,Mettur,120,93470,97.01,54924,1959,1508,93.35,49892,58.76
21-07-2024,Papanasam,143,5500,88.43,1654,48,36,91.6,1806,30.07
21-07-2024,Vaigai,71,6091,21.42,305,1130,817,21.88,321,5.01
22-07-2024,Amaravathi,90,4047,46.95,795,18,16,46.77,788,19.64
22-07-2024,Bhavanisagar,105,32800,62.08,8817,1291,1036,65.57,10108,26.88
22-07-2024,Manimuthar,118,5511,78.76,2006,481,436,77.82,1946,36.4
22-07-2024,Mettur,120,93470,97.59,55747,1581,1486,100.67,60251,59.64
22-07-2024,Papanasam,143,5500,91.24,1788,201,141,94.91,1974,32.51
22-07-2024,Vaigai,71,6091,21.42,305,60,36,21.42,305,5.01
23-07-2024,Amaravathi,90,4047,45.8,748,383,389,47.69,827,18.48
23-07-2024,Bhavanisagar,105,32800,61.06,8457,563,301,59.27,7854,25.78
23-07-2024,Manimuthar,118,5511,79.21,2035,109,101,82.2,2232,36.93
23-07-2024,Mettur,120,93470,96.42,54096,9,6,96.21,53793,57.88
23-07-2024,Papanasam,143,5500,90.73,1763,82,83,90.55,1755,32.05
23-07-2024,Vaigai,71,6091,21.42,305,1822,1777,21.61,311,5.01
24-07-2024,Amaravathi,90,4047,46.44,774,412,308,48.24,851,19.13
24-07-2024,Bhavanisagar,105,32800,59.97,8087,2653,2547,58.27,7525,24.66
24-07-2024,Manimuthar,118,5511,77.2,1908,2824,1454,75.63,1812,34.62
24-07-2024,Mettur,120,93470,98.72,57378,689,433,92.67,48980,61.39
24-07-2024,Papanasam,143,5500,87.74,1622,372,353,90.67,1761,29.49
24-07-2024,Vaigai,71,6091,21.42,305,318,265,21.42,305,5.01
25-07-2024,Amaravathi,90,4047,46.16,763,333,354,44.33,689,18.85
25-07-2024,Bhavanisagar,105,32800,61.04,8451,804,750,64.15,9570,25.77
25-07-2024,Manimuthar,118,5511,79.51,2054,271,143,78.6,1996,37.27
25-07-2024,Mettur,120,93470,100.39,59829,248,269,103.93,65241,64.01
25-07-2024,Papanasam,143,5500,89.93,1725,234,253,85.26,1510,31.36
25-07-2024,Vaigai,71,6091,21.42,305,68,63,21.42,305,5.01
26-07-2024,Amaravathi,90,4047,47.41,815,261,181,49.26,897,20.14
26-07-2024,Bhavanisagar,105,32800,61.32,8550,1341,1122,61.71,8685,26.07
26-07-2024,Manimuthar,118,5511,79.69,2066,4117,4054,79.39,2046,37.49
26-07-2024,Mettur,120,93470,99.67,58765,104,86,99.12,57961,62.87
26-07-2024,Papanasam,143,5500,88.75,1669,1154,1242,87.73,1622,30.35
26-07-2024,Vaigai,71,6091,21.42,305,1460,1225,22.42,341,5.01
27-07-2024,Amaravathi,90,4047,47.36,813,1291,900,47.55,821,20.09
27-07-2024,Bhavanisagar,105,32800,62.39,8928,109,62,62.61,9007,27.22
27-07-2024,Manimuthar,118,5511,78.86,2012,1157,1164,78.53,1991,36.51
27-07-2024,Mettur,120,93470,100.72,60319,1674,935,100.57,60106,64.53
27-07-2024,Papanasam,143,5500,87.43,1607,23,19,85.18,1506,29.22
27-07-2024,Vaigai,71,6091,21.42,305,615,654,22.4,340,5.01
28-07-2024,Amaravathi,90,4047,45.67,742,1668,1552,48.01,841,18.33
28-07-2024,Bhavanisagar,105,32800,62.31,8897,3121,2467,58.91,7732,27.12
28-07-2024,Manimuthar,118,5511,78.34,1979,439,358,79.96,2083,35.91
28-07-2024,Mettur,120,93470,98.91,57647,1203,945,97.42,55500,61.67
28-07-2024,Papanasam,143,5500,87.76,1623,60,47,86.98,1587,29.51
28-07-2024,Vaigai,71,6091,21.42,305,351,252,21.42,305,5.01
29-07-2024,Amaravathi,90,4047,46.37,771,1064,1132,46.67,784,19.05
29-07-2024,Bhavanisagar,105,32800,63.74,9416,722,725,67.38,10820,28.71
29-07-2024,Manimuthar,118,5511,80.51,2119,1168,834,81.19,2164,38.45
29-07-2024,Mettur,120,93470,98.11,56493,451,349,101.38,61323,60.44
29-07-2024,Papanasam,143,5500,83.96,1453,1122,995,80.69,1316,26.42
29-07-2024,Vaigai,71,6091,21.42,305,800,746,22.11,330,5.01
30-07-2024,Amaravathi,90,4047,46.65,783,924,479,47.88,835,19.35
30-07-2024,Bhavanisagar,105,32800,59.25,7844,2134,1311,60.06,8116,23.91
30-07-2024,Manimuthar,118,5511,77.53,1928,1016,760,72.9,1653,34.98
30-07-2024,Mettur,120,93470,98.5,57056,1048,799,95.53,52857,61.04
30-07-2024,Papanasam,143,5500,87.47,1609,177,158,92.44,1848,29.25
30-07-2024,Vaigai,71,6091,21.42,305,175,157,21.42,305,5.01
31-07-2024,Amaravathi,90,4047,46.45,774,2122,2073,46.91,794,19.13
31-07-2024,Bhavanisagar,105,32800,60.5,8267,468,245,59.38,7888,25.2
31-07-2024,Manimuthar,118,5511,77.64,1935,383,376,80.34,2108,35.11
31-07-2024,Mettur,120,93470,101.51,61523,1654,865,106.24,68938,65.82
31-07-2024,Papanasam,143,5500,87.28,1601,950,820,86.33,1557,29.11
31-07-2024,Vaigai,71,6091,21.42,305,2110,1346,21.42,305,5.01
01-08-2024,Amaravathi,90,4047,53.92,1124,433,382,54.61,1161,27.77
01-08-2024,Bhavanisagar,105,32800,71.76,12665,3863,2552,74.37,13848,38.61
01-08-2024,Manimuthar,118,5511,87.05,2576,1126,711,87.32,2596,46.74
01-08-2024,Mettur,120,93470,118.5,90579,1399,1450,119.52,92535,96.91
01-08-2024,Papanasam,143,5500,103.27,2438,4515,3603,100.62,2284,44.33
01-08-2024,Vaigai,71,6091,21.42,305,31,24,21.42,305,5.01
02-08-2024,Amaravathi,90,4047,53.31,1093,216,134,54.08,1133,27.01
02-08-2024,Bhavanisagar,105,32800,70,11902,74,60,66.24,10369,36.29
02-08-2024,Manimuthar,118,5511,90.17,2813,14,10,88.37,2675,51.04
02-08-2024,Mettur,120,93470,114.63,83358,1237,667,114.88,83818,89.18
02-08-2024,Papanasam,143,5500,102.21,2375,1911,1107,105.39,2565,43.18
02-08-2024,Vaigai,71,6091,21.42,305,5489,4681,21.42,305,5.01
03-08-2024,Amaravathi,90,4047,53.49,1102,2344,1632,53.41,1098,27.23
03-08-2024,Bhavanisagar,105,32800,71.88,12718,1355,1465,73.69,13534,38.77
03-08-2024,Manimuthar,118,5511,92.13,2969,623,314,89.33,2748,53.87
03-08-2024,Mettur,120,93470,116.14,86143,933,847,109.47,74298,92.16
03-08-2024,Papanasam,143,5500,102.3,2381,4896,5343,107.47,2693,43.29
03-08-2024,Vaigai,71,6091,21.42,305,2091,2206,22.35,339,5.01
04-08-2024,Amaravathi,90,4047,53.34,1094,3682,2342,52.63,1058,27.03
04-08-2024,Bhavanisagar,105,32800,71.43,12518,3361,2723,68.02,11080,38.16
04-08-2024,Manimuthar,118,5511,92.45,2995,1304,708,87.94,2642,54.35
04-08-2024,Mettur,120,93470,114.52,83170,115,106,108.4,72493,88.98
04-08-2024,Papanasam,143,5500,102.74,2407,890,576,103.75,2466,43.76
04-08-2024,Vaigai,71,6091,21.42,305,543,377,21.42,305,5.01
05-08-2024,Amaravathi,90,4047,54.67,1164,3015,3163,56.44,1260,28.76
05-08-2024,Bhavanisagar,105,32800,70.04,11920,1167,921,71.06,12359,36.34
05-08-2024,Manimuthar,118,5511,92.29,2981,504,400,97.04,3380,54.09
05-08-2024,Mettur,120,93470,113.55,81420,559,539,115.72,85362,87.11
05-08-2024,Papanasam,143,5500,100.81,2295,716,643,95.4,1999,41.73
05-08-2024,Vaigai,71,6091,21.42,305,799,834,21.42,305,5.01
06-08-2024,Amaravathi,90,4047,54.13,1135,336,173,53.37,1096,28.05
06-08-2024,Bhavanisagar,105,32800,71.06,12358,13,8,70.99,12326,37.68
06-08-2024,Manimuthar,118,5511,91.7,2934,3783,2589,95.02,3207,53.24
06-08-2024,Mettur,120,93470,114.1,82401,266,160,108.39,72474,88.16
06-08-2024,Papanasam,143,5500,102.07,2368,527,269,105.06,2545,43.05
06-08-2024,Vaigai,71,6091,21.42,305,12,6,21.42,305,5.01
07-08-2024,Amaravathi,90,4047,54.03,1130,1406,740,56.15,1244,27.92
07-08-2024,Bhavanisagar,105,32800,70.87,12277,717,665,71.75,12659,37.43
07-08-2024,Manimuthar,118,5511,91.28,2901,844,814,94.15,3134,52.64
07-08-2024,Mettur,120,93470,117.16,88040,400,205,111.05,77004,94.19
07-08-2024,Papanasam,143,5500,101.84,2354,4348,2233,102.93,2418,42.8
07-08-2024,Vaigai,71,6091,21.42,305,490,298,22.05,327,5.01
08-08-2024,Amaravathi,90,4047,53.25,1090,371,281,54.31,1145,26.93
08-08-2024,Bhavanisagar,105,32800,71.44,12525,461,344,68.96,11464,38.19
08-08-2024,Manimuthar,118,5511,90.97,2876,894,873,88.31,2670,52.19
08-08-2024,Mettur,120,93470,116.51,86820,4468,3026,119.52,92535,92.89
08-08-2024,Papanasam,143,5500,102.77,2408,1947,1893,96.76,2072,43.78
08-08-2024,Vaigai,71,6091,21.42,305,297,271,21.42,305,5.01
09-08-2024,Amaravathi,90,4047,52.62,1058,88,65,54.26,1142,26.14
09-08-2024,Bhavanisagar,105,32800,70.76,12230,325,314,68.15,11134,37.29
09-08-2024,Manimuthar,118,5511,90.67,2853,3738,2992,92.13,2968,51.77
09-08-2024,Mettur,120,93470,113.45,81225,299,171,115,84027,86.9
09-08-2024,Papanasam,143,5500,101.52,2336,59,49,100.41,2272,42.47
09-08-2024,Vaigai,71,6091,21.42,305,49,39,22.3,337,5.01
10-08-2024,Amaravathi,90,4047,52.39,1046,3207,2399,51.91,1022,25.85
10-08-2024,Bhavanisagar,105,32800,70.93,12301,108,84,66.56,10493,37.5
10-08-2024,Manimuthar,118,5511,89.77,2782,1272,737,88.57,2690,50.48
10-08-2024,Mettur,120,93470,117.6,88865,1937,1716,118.03,89672,95.07
10-08-2024,Papanasam,143,5500,105.93,2598,1926,1429,108.23,2741,47.24
10-08-2024,Vaigai,71,6091,21.42,305,1152,767,21.42,305,5.01
11-08-2024,Amaravathi,90,4047,53.94,1125,403,307,55.81,1225,27.8
11-08-2024,Bhavanisagar,105,32800,71.12,12384,2505,2279,67.13,10721,37.76
11-08-2024,Manimuthar,118,5511,90.54,2842,129,83,89.19,2737,51.57
11-08-2024,Mettur,120,93470,114.57,83259,5083,4377,115.7,85318,89.08
11-08-2024,Papanasam,143,5500,104.32,2500,1225,1035,106.55,2636,45.45
11-08-2024,Vaigai,71,6091,21.42,305,54,29,21.42,305,5.01
12-08-2024,Amaravathi,90,4047,53.83,1120,1223,692,54.65,1163,27.67
12-08-2024,Bhavanisagar,105,32800,71.07,12365,1985,1999,73.56,13474,37.7
12-08-2024,Manimuthar,118,5511,89.56,2766,1011,645,86.56,2540,50.19
12-08-2024,Mettur,120,93470,116.8,87366,1792,1768,118.96,91467,93.47
12-08-2024,Papanasam,143,5500,102.8,2410,539,386,100.46,2275,43.82
12-08-2024,Vaigai,71,6091,21.42,305,344,226,21.42,305,5.01
13-08-2024,Amaravathi,90,4047,53.77,1117,979,1004,53.53,1104,27.6
13-08-2024,Bhavanisagar,105,32800,69.59,11727,2426,2271,73.44,13419,35.75
13-08-2024,Manimuthar,118,5511,92.21,2975,388,410,94.1,3129,53.98
13-08-2024,Mettur,120,93470,114.97,83987,3421,2171,113.19,80766,89.85
13-08-2024,Papanasam,143,5500,101.52,2336,17,14,106.71,2646,42.47
13-08-2024,Vaigai,71,6091,21.42,305,3532,2071,21.42,305,5.01
14-08-2024,Amaravathi,90,4047,52.83,1068,426,272,55.12,1188,26.39
14-08-2024,Bhavanisagar,105,32800,71.03,12347,220,139,68.51,11279,37.64
14-08-2024,Manimuthar,118,5511,89.64,2772,2109,1116,90.69,2854,50.3
14-08-2024,Mettur,120,93470,114.29,82747,735,561,115.83,85551,88.53
14-08-2024,Papanasam,143,5500,103.17,2432,1222,1185,105.28,2558,44.22
14-08-2024,Vaigai,71,6091,21.42,305,367,388,22.06,328,5.01
15-08-2024,Amaravathi,90,4047,53.56,1106,269,259,53.4,1097,27.33
15-08-2024,Bhavanisagar,105,32800,70.48,12110,89,97,66.28,10384,36.92
15-08-2024,Manimuthar,118,5511,88.79,2707,395,334,90.95,2874,49.12
15-08-2024,Mettur,120,93470,115.18,84363,2833,2514,112.16,78944,90.26
15-08-2024,Papanasam,143,5500,104.8,2529,2259,1434,102.71,2405,45.98
15-08-2024,Vaigai,71,6091,21.42,305,2352,1752,21.42,305,5.01
16-08-2024,Amaravathi,90,4047,52.92,1073,562,402,55.09,1187,26.51
16-08-2024,Bhavanisagar,105,32800,71.46,12531,2344,1685,74.3,13815,38.2
16-08-2024,Manimuthar,118,5511,91.17,2892,43,36,87.45,2606,52.48
16-08-2024,Mettur,120,93470,115.1,84217,2200,2237,119.52,92535,90.1
16-08-2024,Papanasam,143,5500,102.52,2393,329,253,107.1,2670,43.51
16-08-2024,Vaigai,71,6091,21.42,305,1114,1106,22.12,330,5.01
17-08-2024,Amaravathi,90,4047,54.87,1175,2955,3076,53.73,1114,29.03
17-08-2024,Bhavanisagar,105,32800,71.78,12672,3388,1712,67.97,11058,38.63
17-08-2024,Manimuthar,118,5511,91.28,2900,484,370,89.72,2778,52.62
17-08-2024,Mettur,120,93470,115.26,84504,1828,1419,119.52,92535,90.41
17-08-2024,Papanasam,143,5500,101,2306,2559,2070,101.43,2330,41.93
17-08-2024,Vaigai,71,6091,21.42,305,19,19,21.42,305,5.01
18-08-2024,Amaravathi,90,4047,54.03,1130,3959,2038,53.22,1088,27.92
18-08-2024,Bhavanisagar,105,32800,71.1,12374,374,337,74.3,13816,37.73
18-08-2024,Manimuthar,118,5511,89.78,2783,1358,1062,94.58,3170,50.5
18-08-2024,Mettur,120,93470,115.89,85679,1694,1636,118.04,89693,91.66
18-08-2024,Papanasam,143,5500,100.64,2285,2563,2035,102.79,2410,41.55
18-08-2024,Vaigai,71,6091,21.42,305,2569,1792,21.42,305,5.01
19-08-2024,Amaravathi,90,4047,53.54,1105,414,282,54.26,1142,27.3
19-08-2024,Bhavanisagar,105,32800,72.94,13191,271,266,76.87,15040,40.22
19-08-2024,Manimuthar,118,5511,92.32,2984,386,310,92.9,3031,54.15
19-08-2024,Mettur,120,93470,115.75,85414,5431,5770,109.12,73708,91.38
19-08-2024,Papanasam,143,5500,102.37,2385,4385,4746,106.55,2636,43.36
19-08-2024,Vaigai,71,6091,21.42,305,2850,1468,21.42,305,5.01
20-08-2024,Amaravathi,90,4047,54.09,1133,749,701,56.57,1268,28
20-08-2024,Bhavanisagar,105,32800,70.24,12004,406,323,66.61,10514,36.6
20-08-2024,Manimuthar,118,5511,90,2800,518,405,87.57,2615,50.81
20-08-2024,Mettur,120,93470,113.63,81551,234,135,116.65,87080,87.25
20-08-2024,Papanasam,143,5500,99.22,2206,492,530,101.44,2331,40.11
20-08-2024,Vaigai,71,6091,21.42,305,41,29,21.42,305,5.01
21-08-2024,Amaravathi,90,4047,53.04,1079,3507,2310,50.73,966,26.66
21-08-2024,Bhavanisagar,105,32800,71.11,12380,202,154,69.67,11764,37.74
21-08-2024,Manimuthar,118,5511,92.02,2959,427,318,86.68,2549,53.69
21-08-2024,Mettur,120,93470,114.74,83559,916,920,117.88,89395,89.4
21-08-2024,Papanasam,143,5500,104.49,2510,21,12,108.51,2758,45.64
21-08-2024,Vaigai,71,6091,21.42,305,744,494,21.65,313,5.01
22-08-2024,Amaravathi,90,4047,54.15,1137,122,102,51.55,1005,28.09
22-08-2024,Bhavanisagar,105,32800,73.47,13435,959,816,68.93,11454,40.96
22-08-2024,Manimuthar,118,5511,91.73,2936,351,339,92.88,3029,53.28
22-08-2024,Mettur,120,93470,116.32,86473,1015,867,116.44,86690,92.51
22-08-2024,Papanasam,143,5500,101.49,2334,1348,968,101.49,2334,42.44
22-08-2024,Vaigai,71,6091,21.42,305,199,130,21.54,309,5.01
23-08-2024,Amaravathi,90,4047,53.46,1101,430,370,55.44,1205,27.21
23-08-2024,Bhavanisagar,105,32800,71.68,12629,593,315,73.82,13595,38.5
23-08-2024,Manimuthar,118,5511,90.15,2812,2206,1379,88.33,2672,51.03
23-08-2024,Mettur,120,93470,116.29,86419,1517,1553,118.17,89952,92.46
23-08-2024,Papanasam,143,5500,102.85,2413,660,377,100.26,2264,43.87
23-08-2024,Vaigai,71,6091,21.42,305,879,846,22.53,346,5.01
24-08-2024,Amaravathi,90,4047,53.23,1089,1862,1224,51.57,1006,26.91
24-08-2024,Bhavanisagar,105,32800,71.83,12697,4036,2599,70.29,12025,38.71
24-08-2024,Manimuthar,118,5511,89.99,2799,1419,1187,89.57,2766,50.79
24-08-2024,Mettur,120,93470,112.95,80339,1861,1109,112.43,79412,85.95
24-08-2024,Papanasam,143,5500,103.5,2451,4981,3797,103.15,2430,44.56
24-08-2024,Vaigai,71,6091,21.42,305,160,112,21.42,305,5.01
25-08-2024,Amaravathi,90,4047,53.6,1108,3825,2698,53.21,1088,27.38
25-08-2024,Bhavanisagar,105,32800,71.26,12445,218,155,72.91,13181,37.94
25-08-2024,Manimuthar,118,5511,90.7,2854,1758,1046,91.95,2954,51.79
25-08-2024,Mettur,120,93470,115.2,84394,2092,1302,115.95,85789,90.29
25-08-2024,Papanasam,143,5500,103.83,2471,1204,1103,102.43,2389,44.93
25-08-2024,Vaigai,71,6091,21.42,305,1854,1465,21.52,308,5.01
26-08-2024,Amaravathi,90,4047,53.93,1125,1596,1360,52.73,1063,27.8
26-08-2024,Bhavanisagar,105,32800,69.86,11845,1067,780,69.19,11561,36.11
26-08-2024,Manimuthar,118,5511,91.18,2892,2658,2059,93.59,3087,52.48
26-08-2024,Mettur,120,93470,114.28,82718,1717,1493,109.87,74976,88.5
26-08-2024,Papanasam,143,5500,102.54,2395,38,40,107.85,2717,43.55
26-08-2024,Vaigai,71,6091,21.42,305,79,65,22.15,331,5.01
27-08-2024,Amaravathi,90,4047,54.84,1173,56,28,54.56,1158,28.98
27-08-2024,Bhavanisagar,105,32800,70.88,12280,106,109,67.14,10725,37.44
27-08-2024,Manimuthar,118,5511,90.6,2847,1590,1672,91.43,2912,51.66
27-08-2024,Mettur,120,93470,117.18,88068,1050,528,119.52,92535,94.22
27-08-2024,Papanasam,143,5500,103.25,2437,2419,2081,98.56,2169,44.31
27-08-2024,Vaigai,71,6091,21.42,305,1431,1025,21.54,309,5.01
28-08-2024,Amaravathi,90,4047,54,1129,183,164,52.1,1032,27.9
28-08-2024,Bhavanisagar,105,32800,71,12334,1594,1676,69.01,11485,37.6
28-08-2024,Manimuthar,118,5511,91.16,2891,267,153,88.47,2682,52.46
28-08-2024,Mettur,120,93470,114.62,83347,46,43,110.41,75908,89.17
28-08-2024,Papanasam,143,5500,103.75,2466,645,698,101.87,2356,44.84
28-08-2024,Vaigai,71,6091,21.42,305,869,633,21.97,325,5.01
29-08-2024,Amaravathi,90,4047,52.84,1069,1033,588,49.67,916,26.41
29-08-2024,Bhavanisagar,105,32800,71.89,12722,2774,2954,73.91,13637,38.79
29-08-2024,Manimuthar,118,5511,90.93,2873,93,58,90.27,2821,52.13
29-08-2024,Mettur,120,93470,115.32,84625,514,302,112.58,79689,90.54
29-08-2024,Papanasam,143,5500,101.01,2306,68,38,97.18,2094,41.93
29-08-2024,Vaigai,71,6091,21.42,305,1568,1588,21.42,305,5.01
30-08-2024,Amaravathi,90,4047,53.54,1105,68,72,51.17,986,27.3
30-08-2024,Bhavanisagar,105,32800,69.25,11586,117,105,68.5,11274,35.32
30-08-2024,Manimuthar,118,5511,89.81,2785,834,699,91.99,2957,50.54
30-08-2024,Mettur,120,93470,116.09,86037,2720,2986,114.23,82638,92.05
30-08-2024,Papanasam,143,5500,100.83,2296,2364,1271,98.35,2158,41.75
30-08-2024,Vaigai,71,6091,21.42,305,2342,1420,21.42,305,5.01
31-08-2024,Amaravathi,90,4047,53.5,1103,148,119,53.27,1091,27.25
31-08-2024,Bhavanisagar,105,32800,70.43,12087,275,267,70.04,11920,36.85
31-08-2024,Manimuthar,118,5511,90.77,2860,55,52,87.67,2622,51.9
31-08-2024,Mettur,120,93470,117.91,89454,2825,2417,116.36,86543,95.7
31-08-2024,Papanasam,143,5500,104.43,2507,609,380,107.14,2673,45.58
31-08-2024,Vaigai,71,6091,21.42,305,2898,2568,21.49,307,5.01
01-09-2024,Amaravathi,90,4047,58.5,1379,4844,5168,60.42,1494,34.07
01-09-2024,Bhavanisagar,105,32800,77.11,15157,574,419,80.29,16768,46.21
01-09-2024,Manimuthar,118,5511,98.11,3474,4480,3547,97.47,3418,63.04
01-09-2024,Mettur,120,93470,119.52,92535,851,780,112.05,78744,99
01-09-2024,Papanasam,143,5500,112.82,3040,2666,1554,112.64,3028,55.27
01-09-2024,Vaigai,71,6091,22.07,328,644,700,21.58,310,5.38
02-09-2024,Amaravathi,90,4047,57.82,1339,704,752,58.52,1380,33.09
02-09-2024,Bhavanisagar,105,32800,76.48,14851,199,129,80.2,16726,45.28
02-09-2024,Manimuthar,118,5511,99.47,3596,1495,1586,98.54,3512,65.25
02-09-2024,Mettur,120,93470,119.52,92535,2529,1405,119.52,92535,99
02-09-2024,Papanasam,143,5500,110.66,2897,2120,1744,106.79,2651,52.67
02-09-2024,Vaigai,71,6091,22.03,327,1500,1104,23.21,372,5.37
03-09-2024,Amaravathi,90,4047,59.68,1449,1384,884,56.3,1252,35.8
03-09-2024,Bhavanisagar,105,32800,77.85,15524,1394,1143,78.74,15973,47.33
03-09-2024,Manimuthar,118,5511,99.69,3616,2644,1924,103.62,3983,65.61
03-09-2024,Mettur,120,93470,119.52,92535,1049,928,113.01,80455,99
03-09-2024,Papanasam,143,5500,110.84,2909,593,640,115.34,3214,52.89
03-09-2024,Vaigai,71,6091,22.35,339,1356,1440,21.42,305,5.57
04-09-2024,Amaravathi,90,4047,58.31,1368,935,531,60.6,1506,33.8
04-09-2024,Bhavanisagar,105,32800,78.02,15612,1185,675,74.43,13875,47.6
04-09-2024,Manimuthar,118,5511,97.89,3455,1812,1137,94.63,3174,62.69
04-09-2024,Mettur,120,93470,119.52,92535,1315,1133,119.52,92535,99
04-09-2024,Papanasam,143,5500,111.3,2939,1564,1135,105.43,2567,53.44
04-09-2024,Vaigai,71,6091,22.35,339,2186,2279,21.42,305,5.57
05-09-2024,Amaravathi,90,4047,58.6,1384,44,44,55.98,1235,34.2
05-09-2024,Bhavanisagar,105,32800,76.75,14981,1231,1307,74.95,14119,45.67
05-09-2024,Manimuthar,118,5511,97.77,3444,582,528,102.19,3846,62.49
05-09-2024,Mettur,120,93470,119.52,92535,2615,1730,119.52,92535,99
05-09-2024,Papanasam,143,5500,112.56,3024,820,702,109.63,2830,54.98
05-09-2024,Vaigai,71,6091,22.11,330,0,0,21.42,305,5.42
06-09-2024,Amaravathi,90,4047,58.59,1384,287,240,57.25,1306,34.2
06-09-2024,Bhavanisagar,105,32800,77.41,15309,455,237,73.57,13481,46.67
06-09-2024,Manimuthar,118,5511,99.71,3618,1254,678,94.75,3184,65.65
06-09-2024,Mettur,120,93470,119.52,92535,96,67,119.52,92535,99
06-09-2024,Papanasam,143,5500,111.23,2935,731,420,109.95,2851,53.36
06-09-2024,Vaigai,71,6091,21.83,319,1181,859,21.42,305,5.24
07-09-2024,Amaravathi,90,4047,58.72,1392,314,318,58.04,1351,34.4
07-09-2024,Bhavanisagar,105,32800,77.52,15364,2086,1292,76.31,14770,46.84
07-09-2024,Manimuthar,118,5511,99.27,3578,1293,900,95.86,3278,64.92
07-09-2024,Mettur,120,93470,119.52,92535,1967,1914,119.52,92535,99
07-09-2024,Papanasam,143,5500,111.61,2960,64,42,110.27,2872,53.82
07-09-2024,Vaigai,71,6091,21.98,325,653,479,23.21,372,5.34
08-09-2024,Amaravathi,90,4047,57.71,1333,772,789,56.75,1278,32.94
08-09-2024,Bhavanisagar,105,32800,78.5,15849,192,142,78.35,15779,48.32
08-09-2024,Manimuthar,118,5511,100.75,3712,777,762,103.58,3978,67.36
08-09-2024,Mettur,120,93470,119.52,92535,636,483,113.38,81115,99
08-09-2024,Papanasam,143,5500,114.4,3149,514,418,114.53,3157,57.25
08-09-2024,Vaigai,71,6091,22.03,327,6987,6813,23.28,375,5.37
09-09-2024,Amaravathi,90,4047,58.19,1360,4845,5173,55.62,1215,33.61
09-09-2024,Bhavanisagar,105,32800,77.15,15178,1245,1233,74.01,13683,46.27
09-09-2024,Manimuthar,118,5511,98.36,3496,2124,2317,95.9,3281,63.44
09-09-2024,Mettur,120,93470,119.52,92535,398,341,119.52,92535,99
09-09-2024,Papanasam,143,5500,109.89,2847,608,606,110.49,2886,51.76
09-09-2024,Vaigai,71,6091,21.67,313,5522,4382,22.17,332,5.14
10-09-2024,Amaravathi,90,4047,58.55,1381,798,401,56.92,1288,34.12
10-09-2024,Bhavanisagar,105,32800,77.6,15400,1298,1193,76.77,14994,46.95
10-09-2024,Manimuthar,118,5511,99.7,3617,1386,1349,98.67,3524,65.63
10-09-2024,Mettur,120,93470,119.52,92535,1617,1570,113.84,81940,99
10-09-2024,Papanasam,143,5500,111.87,2977,2984,3251,114.4,3149,54.13
10-09-2024,Vaigai,71,6091,21.95,324,2648,2126,22.48,344,5.32
11-09-2024,Amaravathi,90,4047,58.26,1365,1456,1426,55.61,1215,33.73
11-09-2024,Bhavanisagar,105,32800,77.87,15536,238,214,78.1,15651,47.37
11-09-2024,Manimuthar,118,5511,99.15,3567,1428,761,104.7,4087,64.73
11-09-2024,Mettur,120,93470,119.52,92535,843,846,117.83,89310,99
11-09-2024,Papanasam,143,5500,111.26,2936,760,508,113.4,3080,53.38
11-09-2024,Vaigai,71,6091,21.77,317,2191,1428,22.72,353,5.2
12-09-2024,Amaravathi,90,4047,58.71,1391,2345,1775,60.49,1499,34.37
12-09-2024,Bhavanisagar,105,32800,76.05,14642,3797,3236,72.11,12821,44.64
12-09-2024,Manimuthar,118,5511,99.11,3563,1896,1159,93.28,3062,64.65
12-09-2024,Mettur,120,93470,119.52,92535,326,233,117.11,87941,99
12-09-2024,Papanasam,143,5500,111.46,2950,3414,2381,110.21,2868,53.64
12-09-2024,Vaigai,71,6091,21.66,313,3208,2408,22.3,337,5.14
13-09-2024,Amaravathi,90,4047,59.26,1424,743,480,60.86,1522,35.19
13-09-2024,Bhavanisagar,105,32800,78.06,15629,955,910,80.74,17008,47.65
13-09-2024,Manimuthar,118,5511,99.05,3558,3199,2360,96.18,3306,64.56
13-09-2024,Mettur,120,93470,119.52,92535,42,21,119.52,92535,99
13-09-2024,Papanasam,143,5500,111.58,2958,3787,3613,117.77,3385,53.78
13-09-2024,Vaigai,71,6091,21.94,323,1270,925,22.74,353,5.3
14-09-2024,Amaravathi,90,4047,58.58,1383,687,723,61.51,1563,34.17
14-09-2024,Bhavanisagar,105,32800,77.88,15541,498,371,81.48,17400,47.38
14-09-2024,Manimuthar,118,5511,96.76,3356,1687,1333,99.02,3555,60.9
14-09-2024,Mettur,120,93470,119.52,92535,567,603,115.99,85853,99
14-09-2024,Papanasam,143,5500,111.11,2927,1211,1259,111.79,2972,53.22
14-09-2024,Vaigai,71,6091,21.59,310,185,191,21.42,305,5.09
15-09-2024,Amaravathi,90,4047,58.37,1371,443,433,57.9,1343,33.88
15-09-2024,Bhavanisagar,105,32800,77.13,15167,3625,3303,80.35,16801,46.24
15-09-2024,Manimuthar,118,5511,100.29,3670,3072,1896,98.21,3482,66.59
15-09-2024,Mettur,120,93470,119.52,92535,898,919,119.52,92535,99
15-09-2024,Papanasam,143,5500,113.07,3058,471,358,113.3,3073,55.6
15-09-2024,Vaigai,71,6091,22.29,336,3182,2278,22.66,350,5.52
16-09-2024,Amaravathi,90,4047,58.34,1369,2182,1702,56.39,1257,33.83
16-09-2024,Bhavanisagar,105,32800,76.39,14806,437,328,74.05,13701,45.14
16-09-2024,Manimuthar,118,5511,99.28,3579,727,529,101.09,3743,64.94
16-09-2024,Mettur,120,93470,119.52,92535,980,773,114.08,82360,99
16-09-2024,Papanasam,143,5500,111.7,2966,185,137,115.68,3237,53.93
16-09-2024,Vaigai,71,6091,22.31,337,2267,1848,22.64,350,5.53
17-09-2024,Amaravathi,90,4047,58.88,1401,355,268,60.64,1508,34.62
17-09-2024,Bhavanisagar,105,32800,76.72,14968,618,359,74.81,14053,45.63
17-09-2024,Manimuthar,118,5511,98.7,3526,869,930,103.21,3943,63.98
17-09-2024,Mettur,120,93470,119.52,92535,134,125,119.47,92437,99
17-09-2024,Papanasam,143,5500,110.96,2917,1008,1013,108.82,2778,53.04
17-09-2024,Vaigai,71,6091,22.07,328,2266,2276,22.75,354,5.38
18-09-2024,Amaravathi,90,4047,59.32,1427,530,418,55.93,1232,35.26
18-09-2024,Bhavanisagar,105,32800,75.87,14555,681,645,79.33,16274,44.38
18-09-2024,Manimuthar,118,5511,100.92,3728,95,87,103.38,3960,67.65
18-09-2024,Mettur,120,93470,119.52,92535,2320,1381,119.52,92535,99
18-09-2024,Papanasam,143,5500,110.52,2888,6692,5362,116.27,3279,52.51
18-09-2024,Vaigai,71,6091,21.9,322,720,415,21.42,305,5.29
19-09-2024,Amaravathi,90,4047,58.91,1403,2721,2976,58.25,1364,34.67
19-09-2024,Bhavanisagar,105,32800,78.67,15940,2262,1581,80.93,17109,48.6
19-09-2024,Manimuthar,118,5511,98.97,3551,712,449,103.73,3993,64.43
19-09-2024,Mettur,120,93470,119.52,92535,232,220,119.52,92535,99
19-09-2024,Papanasam,143,5500,112.26,3003,1125,881,111.57,2958,54.6
19-09-2024,Vaigai,71,6091,21.97,325,529,281,22.46,343,5.34
20-09-2024,Amaravathi,90,4047,59.07,1413,2480,1617,60.9,1524,34.91
20-09-2024,Bhavanisagar,105,32800,77.97,15587,452,243,74.41,13865,47.52
20-09-2024,Manimuthar,118,5511,100.59,3698,54,40,104.32,4050,67.1
20-09-2024,Mettur,120,93470,119.52,92535,485,314,119.52,92535,99
20-09-2024,Papanasam,143,5500,111.89,2978,963,502,108.6,2764,54.15
20-09-2024,Vaigai,71,6091,22.1,329,5349,5484,23.06,366,5.4
21-09-2024,Amaravathi,90,4047,59.31,1427,1863,1292,59.64,1446,35.26
21-09-2024,Bhavanisagar,105,32800,76.71,14965,3131,2756,74.39,13857,45.62
21-09-2024,Manimuthar,118,5511,97.88,3454,784,675,94.38,3153,62.67
21-09-2024,Mettur,120,93470,119.52,92535,459,304,119.52,92535,99
21-09-2024,Papanasam,143,5500,109.11,2797,383,390,110.39,2880,50.85
21-09-2024,Vaigai,71,6091,21.62,312,309,203,21.42,305,5.12
22-09-2024,Amaravathi,90,4047,58.31,1367,3408,2565,60.61,1506,33.78
22-09-2024,Bhavanisagar,105,32800,78.12,15662,1704,1090,81.43,17374,47.75
22-09-2024,Manimuthar,118,5511,99.48,3597,1337,1392,104.12,4031,65.27
22-09-2024,Mettur,120,93470,119.52,92535,108,85,112.53,79588,99
22-09-2024,Papanasam,143,5500,110.35,2877,826,646,115.41,3218,52.31
22-09-2024,Vaigai,71,6091,21.63,312,446,488,22.28,336,5.12
23-09-2024,Amaravathi,90,4047,57.72,1333,1427,877,58.27,1365,32.94
23-09-2024,Bhavanisagar,105,32800,79.1,16154,592,542,74.29,13809,49.25
23-09-2024,Manimuthar,118,5511,98.63,3520,4616,4787,92.46,2995,63.87
23-09-2024,Mettur,120,93470,119.52,92535,103,107,114.17,82521,99
23-09-2024,Papanasam,143,5500,110.78,2905,1313,886,113.94,3117,52.82
23-09-2024,Vaigai,71,6091,22.06,328,2901,2446,23.01,364,5.38
24-09-2024,Amaravathi,90,4047,56.9,1286,203,152,53.86,1121,31.78
24-09-2024,Bhavanisagar,105,32800,75.99,14615,1254,681,78.57,15887,44.56
24-09-2024,Manimuthar,118,5511,99.96,3640,823,424,99.68,3614,66.05
24-09-2024,Mettur,120,93470,119.52,92535,682,709,112.34,79261,99
24-09-2024,Papanasam,143,5500,110.01,2855,1375,1439,114.41,3149,51.91
24-09-2024,Vaigai,71,6091,22.09,329,528,452,22.59,348,5.4
25-09-2024,Amaravathi,90,4047,58.48,1378,166,124,57.09,1297,34.05
25-09-2024,Bhavanisagar,105,32800,76.15,14694,392,355,78.85,16030,44.8
25-09-2024,Manimuthar,118,5511,97.25,3398,933,890,94.62,3173,61.66
25-09-2024,Mettur,120,93470,119.52,92535,1744,1880,119.52,92535,99
25-09-2024,Papanasam,143,5500,111.45,2949,1414,1026,105.7,2584,53.62
25-09-2024,Vaigai,71,6091,22.02,326,798,820,23.24,373,5.35
26-09-2024,Amaravathi,90,4047,58.28,1366,2269,1856,59.69,1449,33.75
26-09-2024,Bhavanisagar,105,32800,78.37,15787,1734,1236,81.2,17249,48.13
26-09-2024,Manimuthar,118,5511,98.07,3470,579,497,97.73,3440,62.96
26-09-2024,Mettur,120,93470,119.52,92535,2099,2285,115.95,85776,99
26-09-2024,Papanasam,143,5500,113.22,3068,714,457,118.87,3465,55.78
26-09-2024,Vaigai,71,6091,21.43,305,1021,1032,21.8,318,5.01
27-09-2024,Amaravathi,90,4047,58.78,1395,482,513,59,1408,34.47
27-09-2024,Bhavanisagar,105,32800,77.46,15330,558,470,79.69,16459,46.74
27-09-2024,Manimuthar,118,5511,97.96,3460,657,476,96.42,3326,62.78
27-09-2024,Mettur,120,93470,119.52,92535,1698,1050,119.52,92535,99
27-09-2024,Papanasam,143,5500,111.2,2933,2757,2434,106.19,2613,53.33
27-09-2024,Vaigai,71,6091,21.95,324,73,60,21.42,305,5.32
28-09-2024,Amaravathi,90,4047,58.14,1358,168,151,54.54,1157,33.56
28-09-2024,Bhavanisagar,105,32800,75.97,14605,983,973,79.75,16489,44.53
28-09-2024,Manimuthar,118,5511,99.33,3583,8,8,102.32,3859,65.02
28-09-2024,Mettur,120,93470,119.52,92535,1500,1064,113.78,81822,99
28-09-2024,Papanasam,143,5500,110.42,2881,2958,3241,108.62,2766,52.38
28-09-2024,Vaigai,71,6091,21.83,319,1021,999,21.42,305,5.24
29-09-2024,Amaravathi,90,4047,59.02,1409,1031,634,59.91,1463,34.82
29-09-2024,Bhavanisagar,105,32800,76.42,14824,1260,1130,80,16618,45.2
29-09-2024,Manimuthar,118,5511,99.63,3610,1835,1363,100.29,3670,65.51
29-09-2024,Mettur,120,93470,119.52,92535,262,166,115.86,85622,99
29-09-2024,Papanasam,143,5500,111.72,2967,967,896,117.37,3357,53.95
29-09-2024,Vaigai,71,6091,22.23,334,276,203,21.49,307,5.48
30-09-2024,Amaravathi,90,4047,58.38,1371,2721,2189,58.35,1370,33.88
30-09-2024,Bhavanisagar,105,32800,76.98,15093,1974,1962,80.17,16710,46.02
30-09-2024,Manimuthar,118,5511,99.21,3572,2162,1312,98.28,3489,64.82
30-09-2024,Mettur,120,93470,119.52,92535,1185,674,119.52,92535,99
30-09-2024,Papanasam,143,5500,112,2986,1868,1083,112.02,2988,54.29
30-09-2024,Vaigai,71,6091,21.94,324,564,361,22.79,356,5.32
01-10-2024,Amaravathi,90,4047,60.88,1523,4690,4849,62.92,1654,37.63
01-10-2024,Bhavanisagar,105,32800,79.91,16571,943,522,79.31,16262,50.52
01-10-2024,Manimuthar,118,5511,102.11,3839,967,924,106.13,4228,69.66
01-10-2024,Mettur,120,93470,119.52,92535,2258,1220,119.52,92535,99
01-10-2024,Papanasam,143,5500,115.04,3193,2671,1686,120,3548,58.05
01-10-2024,Vaigai,71,6091,22.94,362,2002,1284,22.6,348,5.94
02-10-2024,Amaravathi,90,4047,60.89,1524,446,341,60.77,1516,37.66
02-10-2024,Bhavanisagar,105,32800,79.58,16402,2604,1420,82.62,18014,50.01
02-10-2024,Manimuthar,118,5511,102.74,3898,2524,2452,98.25,3486,70.73
02-10-2024,Mettur,120,93470,119.52,92535,1078,852,114.57,83257,99
02-10-2024,Papanasam,143,5500,114.11,3129,2246,2177,119.83,3536,56.89
02-10-2024,Vaigai,71,6091,23.51,384,3864,2814,24.62,431,6.3
03-10-2024,Amaravathi,90,4047,59.65,1447,3135,3252,59.03,1410,35.75
03-10-2024,Bhavanisagar,105,32800,79.42,16319,982,842,75.35,14310,49.75
03-10-2024,Manimuthar,118,5511,101.78,3808,1312,1331,99.53,3601,69.1
03-10-2024,Mettur,120,93470,119.52,92535,5127,5178,119.52,92535,99
03-10-2024,Papanasam,143,5500,116.76,3314,806,734,118.19,3416,60.25
03-10-2024,Vaigai,71,6091,23,364,1024,970,24.15,411,5.98
04-10-2024,Amaravathi,90,4047,60.9,1524,44,32,64.31,1746,37.66
04-10-2024,Bhavanisagar,105,32800,79.65,16441,5734,5644,79.27,16242,50.12
04-10-2024,Manimuthar,118,5511,103.83,4003,164,166,101.44,3776,72.64
04-10-2024,Mettur,120,93470,119.52,92535,1852,1532,112.97,80384,99
04-10-2024,Papanasam,143,5500,116.79,3315,5,3,117.32,3353,60.27
04-10-2024,Vaigai,71,6091,22.82,357,994,879,23.99,404,5.86
05-10-2024,Amaravathi,90,4047,60.04,1471,186,140,58.63,1386,36.35
05-10-2024,Bhavanisagar,105,32800,79.94,16591,445,471,78.43,15818,50.58
05-10-2024,Manimuthar,118,5511,102.3,3857,2,1,97.06,3382,69.99
05-10-2024,Mettur,120,93470,119.52,92535,1264,1243,118.93,91404,99
05-10-2024,Papanasam,143,5500,115.82,3247,345,360,117.84,3391,59.04
05-10-2024,Vaigai,71,6091,22.54,346,209,161,21.68,314,5.68
06-10-2024,Amaravathi,90,4047,60.57,1503,1736,1218,61.8,1581,37.14
06-10-2024,Bhavanisagar,105,32800,80.3,16774,5065,2544,77.71,15457,51.14
06-10-2024,Manimuthar,118,5511,102.86,3910,423,448,103.07,3929,70.95
06-10-2024,Mettur,120,93470,119.52,92535,316,220,119.52,92535,99
06-10-2024,Papanasam,143,5500,117.16,3342,1055,881,109.83,2843,60.76
06-10-2024,Vaigai,71,6091,22.64,350,2707,2485,22.24,334,5.75
07-10-2024,Amaravathi,90,4047,60.6,1506,57,33,61.94,1590,37.21
07-10-2024,Bhavanisagar,105,32800,79.25,16235,4906,2956,75.44,14351,49.5
07-10-2024,Manimuthar,118,5511,102.06,3834,1084,824,104.38,4056,69.57
07-10-2024,Mettur,120,93470,119.52,92535,1289,802,119.52,92535,99
07-10-2024,Papanasam,143,5500,115.65,3235,801,467,118.24,3419,58.82
07-10-2024,Vaigai,71,6091,22.83,357,3843,4171,22.99,363,5.86
08-10-2024,Amaravathi,90,4047,60.92,1525,106,66,64.41,1754,37.68
08-10-2024,Bhavanisagar,105,32800,80.92,17101,1141,1251,82.63,18020,52.14
08-10-2024,Manimuthar,118,5511,101.61,3792,3734,2826,96.2,3307,68.81
08-10-2024,Mettur,120,93470,119.52,92535,7390,7118,112.42,79409,99
08-10-2024,Papanasam,143,5500,113.72,3102,1110,694,119.31,3497,56.4
08-10-2024,Vaigai,71,6091,22.47,343,1545,1180,21.93,323,5.63
09-10-2024,Amaravathi,90,4047,60.46,1497,998,919,58.09,1355,36.99
09-10-2024,Bhavanisagar,105,32800,80.29,16770,135,147,79.39,16306,51.13
09-10-2024,Manimuthar,118,5511,102.48,3874,1326,1178,99.66,3613,70.3
09-10-2024,Mettur,120,93470,119.52,92535,118,91,119.52,92535,99
09-10-2024,Papanasam,143,5500,115.54,3227,97,98,115.7,3238,58.67
09-10-2024,Vaigai,71,6091,22.96,362,122,79,22.1,329,5.94
10-10-2024,Amaravathi,90,4047,61.48,1561,664,662,62.24,1609,38.57
10-10-2024,Bhavanisagar,105,32800,80.48,16870,638,352,75.43,14347,51.43
10-10-2024,Manimuthar,118,5511,103.16,3939,1849,1391,108.66,4484,71.48
10-10-2024,Mettur,120,93470,119.52,92535,196,175,119.52,92535,99
10-10-2024,Papanasam,143,5500,114.15,3131,5987,4005,115.36,3215,56.93
10-10-2024,Vaigai,71,6091,23.3,376,1650,1209,23.08,367,6.17
11-10-2024,Amaravathi,90,4047,61.06,1535,867,723,61.62,1570,37.93
11-10-2024,Bhavanisagar,105,32800,78.85,16027,1050,1052,79.53,16375,48.86
11-10-2024,Manimuthar,118,5511,103.59,3979,564,477,101.17,3751,72.2
11-10-2024,Mettur,120,93470,119.52,92535,842,812,119.52,92535,99
11-10-2024,Papanasam,143,5500,116.7,3309,8840,9093,117.21,3345,60.16
11-10-2024,Vaigai,71,6091,23.03,365,3163,2485,24.33,419,5.99
12-10-2024,Amaravathi,90,4047,60.48,1498,740,548,62.33,1616,37.02
12-10-2024,Bhavanisagar,105,32800,79.57,16397,315,211,82.3,17838,49.99
12-10-2024,Manimuthar,118,5511,100.8,3717,1646,1516,97.09,3384,67.45
12-10-2024,Mettur,120,93470,119.52,92535,595,580,119.52,92535,99
12-10-2024,Papanasam,143,5500,115.3,3210,716,505,118.82,3461,58.36
12-10-2024,Vaigai,71,6091,23.24,374,90,80,24.19,413,6.14
13-10-2024,Amaravathi,90,4047,60.02,1470,1159,1233,58.51,1379,36.32
13-10-2024,Bhavanisagar,105,32800,79.77,16501,4156,4509,77.14,15176,50.31
13-10-2024,Manimuthar,118,5511,101.87,3816,360,386,102.95,3919,69.24
13-10-2024,Mettur,120,93470,119.52,92535,1771,1733,118.01,89647,99
13-10-2024,Papanasam,143,5500,114.34,3144,1544,807,119.35,3500,57.16
13-10-2024,Vaigai,71,6091,22.67,351,5025,5519,22.07,328,5.76
14-10-2024,Amaravathi,90,4047,61.42,1557,1389,1150,57.98,1348,38.47
14-10-2024,Bhavanisagar,105,32800,79.88,16558,210,214,81.17,17234,50.48
14-10-2024,Manimuthar,118,5511,103.77,3996,1310,844,100.01,3645,72.51
14-10-2024,Mettur,120,93470,119.52,92535,302,277,119.52,92535,99
14-10-2024,Papanasam,143,5500,115.16,3201,1338,849,111.76,2970,58.2
14-10-2024,Vaigai,71,6091,22.54,346,1460,867,23.47,383,5.68
15-10-2024,Amaravathi,90,4047,60.44,1496,894,592,63.91,1720,36.97
15-10-2024,Bhavanisagar,105,32800,80.69,16982,316,239,78.59,15898,51.77
15-10-2024,Manimuthar,118,5511,102.18,3845,889,903,96.57,3340,69.77
15-10-2024,Mettur,120,93470,119.52,92535,670,679,119.52,92535,99
15-10-2024,Papanasam,143,5500,116.41,3289,1661,871,122.71,3752,59.8
15-10-2024,Vaigai,71,6091,23.29,375,4229,3255,22.66,351,6.16
16-10-2024,Amaravathi,90,4047,61.05,1534,1984,1397,61.37,1554,37.9
16-10-2024,Bhavanisagar,105,32800,79.89,16565,7982,4253,78.49,15844,50.5
16-10-2024,Manimuthar,118,5511,102.88,3912,228,200,99.25,3576,70.99
16-10-2024,Mettur,120,93470,119.52,92535,358,371,119.52,92535,99
16-10-2024,Papanasam,143,5500,115.54,3227,1275,994,120.66,3597,58.67
16-10-2024,Vaigai,71,6091,22.93,361,658,688,23.39,379,5.93
17-10-2024,Amaravathi,90,4047,60.47,1498,3231,3327,57.93,1345,37.02
17-10-2024,Bhavanisagar,105,32800,81.34,17325,1157,927,79.51,16368,52.82
17-10-2024,Manimuthar,118,5511,102.41,3867,1638,1195,97.33,3405,70.17
17-10-2024,Mettur,120,93470,119.52,92535,290,221,119.52,92535,99
17-10-2024,Papanasam,143,5500,116.5,3295,2053,1369,115.76,3242,59.91
17-10-2024,Vaigai,71,6091,22.67,351,1826,1525,21.42,305,5.76
18-10-2024,Amaravathi,90,4047,59.96,1466,75,64,62.44,1623,36.22
18-10-2024,Bhavanisagar,105,32800,80.58,16923,4914,4830,83.87,18702,51.59
18-10-2024,Manimuthar,118,5511,104.21,4040,2006,1769,104.22,4040,73.31
18-10-2024,Mettur,120,93470,119.52,92535,6010,4511,119.52,92535,99
18-10-2024,Papanasam,143,5500,116.31,3282,339,187,121.45,3656,59.67
18-10-2024,Vaigai,71,6091,22.88,359,9022,7419,23.44,382,5.89
19-10-2024,Amaravathi,90,4047,59.98,1468,845,797,60.89,1524,36.27
19-10-2024,Bhavanisagar,105,32800,80.41,16832,1407,1400,78.48,15840,51.32
19-10-2024,Manimuthar,118,5511,103.34,3955,1289,1136,105.66,4181,71.77
19-10-2024,Mettur,120,93470,119.52,92535,1940,1708,114.58,83262,99
19-10-2024,Papanasam,143,5500,115.67,3236,3995,4087,115.82,3247,58.84
19-10-2024,Vaigai,71,6091,22.97,363,101,88,23.68,391,5.96
20-10-2024,Amaravathi,90,4047,60.12,1476,2174,2201,61.44,1558,36.47
20-10-2024,Bhavanisagar,105,32800,78.93,16071,1108,743,83.14,18296,49
20-10-2024,Manimuthar,118,5511,103.53,3974,298,186,100.48,3688,72.11
20-10-2024,Mettur,120,93470,119.52,92535,311,157,119.52,92535,99
20-10-2024,Papanasam,143,5500,116.55,3298,126,108,109.42,2817,59.96
20-10-2024,Vaigai,71,6091,22.98,363,451,489,24.29,417,5.96
21-10-2024,Amaravathi,90,4047,60.48,1498,31,19,57.22,1305,37.02
21-10-2024,Bhavanisagar,105,32800,79.47,16346,660,368,79.73,16478,49.84
21-10-2024,Manimuthar,118,5511,104.24,4042,4437,4240,104.9,4107,73.34
21-10-2024,Mettur,120,93470,119.52,92535,1319,1228,119.52,92535,99
21-10-2024,Papanasam,143,5500,117.75,3384,691,732,114.93,3185,61.53
21-10-2024,Vaigai,71,6091,22.99,363,138,146,22.4,340,5.96
22-10-2024,Amaravathi,90,4047,61.5,1562,206,206,61.91,1588,38.6
22-10-2024,Bhavanisagar,105,32800,80,16618,999,978,82.25,17811,50.66
22-10-2024,Manimuthar,118,5511,102.16,3844,4030,4173,97.21,3395,69.75
22-10-2024,Mettur,120,93470,119.52,92535,365,370,119.52,92535,99
22-10-2024,Papanasam,143,5500,116.81,3317,2523,2020,122,3697,60.31
22-10-2024,Vaigai,71,6091,22.61,349,6044,3390,22.61,348,5.73
23-10-2024,Amaravathi,90,4047,60.9,1524,2061,2231,57.73,1334,37.66
23-10-2024,Bhavanisagar,105,32800,79.03,16122,977,684,77.26,15234,49.15
23-10-2024,Manimuthar,118,5511,102.32,3859,2808,2156,100.13,3655,70.02
23-10-2024,Mettur,120,93470,119.52,92535,1369,1267,116.81,87382,99
23-10-2024,Papanasam,143,5500,114.19,3134,72,75,109.91,2849,56.98
23-10-2024,Vaigai,71,6091,23.1,368,983,683,23.5,384,6.04
24-10-2024,Amaravathi,90,4047,61.25,1546,4166,3348,61.93,1590,38.2
24-10-2024,Bhavanisagar,105,32800,79.33,16274,472,500,82.65,18029,49.62
24-10-2024,Manimuthar,118,5511,103.25,3946,2665,1451,100.96,3732,71.6
24-10-2024,Mettur,120,93470,119.52,92535,1082,773,119.44,92375,99
24-10-2024,Papanasam,143,5500,115.5,3225,3147,2841,110.87,2911,58.64
24-10-2024,Vaigai,71,6091,22.92,361,6938,6818,23.88,400,5.93
25-10-2024,Amaravathi,90,4047,60.49,1499,2167,2166,57.64,1328,37.04
25-10-2024,Bhavanisagar,105,32800,80.09,16664,2177,1718,80.28,16766,50.8
25-10-2024,Manimuthar,118,5511,103.94,4013,676,471,103.97,4016,72.82
25-10-2024,Mettur,120,93470,119.52,92535,3100,2173,114.69,83479,99
25-10-2024,Papanasam,143,5500,116.73,3311,4402,2849,113.06,3057,60.2
25-10-2024,Vaigai,71,6091,22.7,352,784,544,22.74,354,5.78
26-10-2024,Amaravathi,90,4047,60.62,1507,1054,795,60.69,1511,37.24
26-10-2024,Bhavanisagar,105,32800,80.58,16921,386,242,82.25,17815,51.59
26-10-2024,Manimuthar,118,5511,102.19,3846,806,758,103.45,3966,69.79
26-10-2024,Mettur,120,93470,119.52,92535,186,119,114.21,82596,99
26-10-2024,Papanasam,143,5500,115.77,3244,3123,1837,116.43,3290,58.98
26-10-2024,Vaigai,71,6091,22.64,350,2206,1837,21.53,309,5.75
27-10-2024,Amaravathi,90,4047,61.42,1557,5106,4232,64.63,1769,38.47
27-10-2024,Bhavanisagar,105,32800,79.73,16478,913,966,75.64,14447,50.24
27-10-2024,Manimuthar,118,5511,100.97,3732,1866,1168,98.82,3537,67.72
27-10-2024,Mettur,120,93470,119.52,92535,752,579,119.52,92535,99
27-10-2024,Papanasam,143,5500,114.12,3129,2186,2221,119.87,3538,56.89
27-10-2024,Vaigai,71,6091,23.04,365,4734,3651,23.68,391,5.99
28-10-2024,Amaravathi,90,4047,60.98,1529,2943,2670,61.76,1578,37.78
28-10-2024,Bhavanisagar,105,32800,80.74,17009,4126,2450,79.44,16329,51.86
28-10-2024,Manimuthar,118,5511,102.43,3869,1624,1784,97.33,3405,70.21
28-10-2024,Mettur,120,93470,119.52,92535,764,767,119.11,91738,99
28-10-2024,Papanasam,143,5500,116.41,3288,1000,567,119.28,3495,59.78
28-10-2024,Vaigai,71,6091,23.35,378,634,393,23.47,383,6.21
29-10-2024,Amaravathi,90,4047,60.22,1482,1464,1488,62.48,1625,36.62
29-10-2024,Bhavanisagar,105,32800,80.15,16699,1698,1011,84.48,19043,50.91
29-10-2024,Manimuthar,118,5511,102.51,3877,3030,1731,104.57,4074,70.35
29-10-2024,Mettur,120,93470,119.52,92535,6808,5994,113.97,82160,99
29-10-2024,Papanasam,143,5500,116.97,3328,8668,8165,109.86,2846,60.51
29-10-2024,Vaigai,71,6091,22.84,358,1021,749,23.31,376,5.88
30-10-2024,Amaravathi,90,4047,59.82,1457,3587,2723,61.97,1592,36
30-10-2024,Bhavanisagar,105,32800,79.16,16185,1608,873,76.49,14858,49.34
30-10-2024,Manimuthar,118,5511,103.3,3952,212,146,98.03,3467,71.71
30-10-2024,Mettur,120,93470,119.52,92535,2040,1105,114.71,83510,99
30-10-2024,Papanasam,143,5500,118.26,3421,2059,1918,119.08,3481,62.2
30-10-2024,Vaigai,71,6091,22.79,356,727,543,21.65,313,5.84
31-10-2024,Amaravathi,90,4047,60.37,1492,538,270,60.34,1489,36.87
31-10-2024,Bhavanisagar,105,32800,78.52,15864,4718,4930,81.11,17202,48.37
31-10-2024,Manimuthar,118,5511,102.85,3909,920,963,106.25,4239,70.93
31-10-2024,Mettur,120,93470,119.52,92535,3407,2167,119.52,92535,99
31-10-2024,Papanasam,143,5500,115.67,3236,444,473,118.35,3427,58.84
31-10-2024,Vaigai,71,6091,22.86,358,473,251,24.16,412,5.88
01-11-2024,Amaravathi,90,4047,59.12,1415,529,405,56.07,1240,34.96
01-11-2024,Bhavanisagar,105,32800,76.82,15017,3941,3469,72.71,13088,45.78
01-11-2024,Manimuthar,118,5511,100,3644,3525,2713,95.66,3261,66.12
01-11-2024,Mettur,120,93470,119.52,92535,1942,1568,116.68,87131,99
01-11-2024,Papanasam,143,5500,111.7,2966,4182,4317,110.41,2881,53.93
01-11-2024,Vaigai,71,6091,22.12,330,33,30,21.96,324,5.42
02-11-2024,Amaravathi,90,4047,58.75,1393,553,535,56.21,1248,34.42
02-11-2024,Bhavanisagar,105,32800,78.51,15856,3931,4224,74.37,13848,48.34
02-11-2024,Manimuthar,118,5511,101.45,3777,2980,1989,95.78,3271,68.54
02-11-2024,Mettur,120,93470,119.52,92535,392,203,116.66,87093,99
02-11-2024,Papanasam,143,5500,111.29,2939,64,33,108.35,2748,53.44
02-11-2024,Vaigai,71,6091,22.25,335,2534,2671,22.51,345,5.5
03-11-2024,Amaravathi,90,4047,59.35,1429,1867,1842,56.46,1262,35.31
03-11-2024,Bhavanisagar,105,32800,76.44,14834,818,497,77.15,15181,45.23
03-11-2024,Manimuthar,118,5511,100.02,3646,1532,1005,102.69,3894,66.16
03-11-2024,Mettur,120,93470,119.52,92535,3361,3225,119.52,92535,99
03-11-2024,Papanasam,143,5500,113.82,3109,1647,1532,106.94,2660,56.53
03-11-2024,Vaigai,71,6091,22.32,338,5115,4338,22.8,356,5.55
04-11-2024,Amaravathi,90,4047,59.11,1415,473,490,60.61,1506,34.96
04-11-2024,Bhavanisagar,105,32800,78.14,15670,5198,4167,74.07,13709,47.77
04-11-2024,Manimuthar,118,5511,98.81,3536,2436,2563,99.81,3626,64.16
04-11-2024,Mettur,120,93470,119.52,92535,1793,1176,119.52,92535,99
04-11-2024,Papanasam,143,5500,114.5,3155,182,130,109.6,2828,57.36
04-11-2024,Vaigai,71,6091,22.07,328,675,492,22.68,351,5.38
05-11-2024,Amaravathi,90,4047,59.77,1455,877,461,61.76,1579,35.95
05-11-2024,Bhavanisagar,105,32800,76.73,14971,3177,2417,73.82,13591,45.64
05-11-2024,Manimuthar,118,5511,100.44,3684,488,334,100.18,3660,66.85
05-11-2024,Mettur,120,93470,119.52,92535,192,147,118.95,91435,99
05-11-2024,Papanasam,143,5500,112.76,3037,2770,2635,116.93,3325,55.22
05-11-2024,Vaigai,71,6091,22.25,335,2558,1542,21.46,306,5.5
06-11-2024,Amaravathi,90,4047,59.66,1448,1862,1459,62.42,1621,35.78
06-11-2024,Bhavanisagar,105,32800,78.77,15988,347,333,76.51,14864,48.74
06-11-2024,Manimuthar,118,5511,100.51,3690,31,21,100.2,3661,66.96
06-11-2024,Mettur,120,93470,119.52,92535,3278,2714,117.78,89215,99
06-11-2024,Papanasam,143,5500,111.83,2975,1797,1691,108.7,2771,54.09
06-11-2024,Vaigai,71,6091,22.34,338,1245,754,22.7,352,5.55
07-11-2024,Amaravathi,90,4047,58.25,1364,3381,3307,58.35,1370,33.7
07-11-2024,Bhavanisagar,105,32800,77.36,15283,636,495,81.32,17315,46.59
07-11-2024,Manimuthar,118,5511,101.4,3773,2942,2435,101.1,3744,68.46
07-11-2024,Mettur,120,93470,119.52,92535,2208,2320,116.3,86429,99
07-11-2024,Papanasam,143,5500,111.76,2970,6071,6635,115.62,3233,54
07-11-2024,Vaigai,71,6091,22.41,341,2707,2106,21.52,308,5.6
08-11-2024,Amaravathi,90,4047,58.4,1373,229,144,59.48,1437,33.93
08-11-2024,Bhavanisagar,105,32800,78.39,15796,4402,2747,77.04,15124,48.16
08-11-2024,Manimuthar,118,5511,99.48,3597,795,489,95.12,3215,65.27
08-11-2024,Mettur,120,93470,119.52,92535,3205,2164,119.52,92535,99
08-11-2024,Papanasam,143,5500,111.49,2952,1626,1320,117.54,3369,53.67
08-11-2024,Vaigai,71,6091,22.06,328,1706,1869,22.38,340,5.38
09-11-2024,Amaravathi,90,4047,59.61,1445,4911,4829,58.72,1392,35.71
09-11-2024,Bhavanisagar,105,32800,77.93,15565,1012,1052,81.8,17573,47.45
09-11-2024,Manimuthar,118,5511,99.58,3605,2561,2362,95.82,3274,65.41
09-11-2024,Mettur,120,93470,119.52,92535,29,31,119.52,92535,99
09-11-2024,Papanasam,143,5500,112.87,3044,624,436,117.53,3368,55.35
09-11-2024,Vaigai,71,6091,21.98,325,2750,2768,21.42,305,5.34
10-11-2024,Amaravathi,90,4047,58.76,1394,2549,1811,56.34,1255,34.45
10-11-2024,Bhavanisagar,105,32800,76.99,15100,793,630,80.53,16895,46.04
10-11-2024,Manimuthar,118,5511,101.14,3749,1170,896,100.21,3663,68.03
10-11-2024,Mettur,120,93470,119.52,92535,596,594,116.32,86470,99
10-11-2024,Papanasam,143,5500,112.68,3031,266,283,112.78,3038,55.11
10-11-2024,Vaigai,71,6091,22.07,328,646,414,23.12,368,5.38
11-11-2024,Amaravathi,90,4047,58.92,1404,3835,2467,56.79,1280,34.69
11-11-2024,Bhavanisagar,105,32800,77.31,15259,428,265,72.83,13143,46.52
11-11-2024,Manimuthar,118,5511,100.1,3653,2748,2864,94.19,3137,66.29
11-11-2024,Mettur,120,93470,119.52,92535,166,107,112.19,78999,99
11-11-2024,Papanasam,143,5500,112.29,3005,2064,1629,113.98,3120,54.64
11-11-2024,Vaigai,71,6091,22.66,351,880,773,22.35,339,5.76
12-11-2024,Amaravathi,90,4047,58.75,1393,5740,2956,60.72,1513,34.42
12-11-2024,Bhavanisagar,105,32800,76.54,14879,1690,1111,72.25,12881,45.36
12-11-2024,Manimuthar,118,5511,99.78,3624,247,136,96.88,3366,65.76
12-11-2024,Mettur,120,93470,119.52,92535,1037,705,119.52,92535,99
12-11-2024,Papanasam,143,5500,113.14,3063,1151,1243,115.71,3239,55.69
12-11-2024,Vaigai,71,6091,22.21,333,680,598,22.45,343,5.47
13-11-2024,Amaravathi,90,4047,58.88,1401,4097,2391,59.24,1423,34.62
13-11-2024,Bhavanisagar,105,32800,78.42,15813,3127,2469,77.63,15415,48.21
13-11-2024,Manimuthar,118,5511,101.68,3798,1139,1186,106.85,4300,68.92
13-11-2024,Mettur,120,93470,119.52,92535,2229,1178,119.52,92535,99
13-11-2024,Papanasam,143,5500,112.91,3047,571,412,107.32,2683,55.4
13-11-2024,Vaigai,71,6091,22.03,327,754,564,22.37,339,5.37
14-11-2024,Amaravathi,90,4047,58.94,1405,525,283,55.62,1215,34.72
14-11-2024,Bhavanisagar,105,32800,77.43,15319,6248,3875,74.72,14011,46.7
14-11-2024,Manimuthar,118,5511,98.94,3548,292,295,98.73,3529,64.38
14-11-2024,Mettur,120,93470,119.52,92535,3136,2824,119.52,92535,99
14-11-2024,Papanasam,143,5500,112.29,3005,3775,2535,108.97,2788,54.64
14-11-2024,Vaigai,71,6091,22.1,329,4033,2104,21.42,305,5.4
15-11-2024,Amaravathi,90,4047,58.93,1404,688,516,61.85,1584,34.69
15-11-2024,Bhavanisagar,105,32800,77.25,15229,782,818,78.31,15756,46.43
15-11-2024,Manimuthar,118,5511,101.16,3750,160,164,103.2,3942,68.05
15-11-2024,Mettur,120,93470,119.52,92535,2595,1351,119.52,92535,99
15-11-2024,Papanasam,143,5500,112.96,3050,4005,2191,117.25,3348,55.45
15-11-2024,Vaigai,71,6091,22.21,333,921,863,21.5,307,5.47
16-11-2024,Amaravathi,90,4047,59.89,1462,3962,3682,62.57,1631,36.13
16-11-2024,Bhavanisagar,105,32800,77.49,15347,870,922,73.11,13268,46.79
16-11-2024,Manimuthar,118,5511,99.52,3600,3413,3742,99.73,3619,65.32
16-11-2024,Mettur,120,93470,119.52,92535,8839,8957,119.52,92535,99
16-11-2024,Papanasam,143,5500,111.95,2982,1300,1171,111.85,2976,54.22
16-11-2024,Vaigai,71,6091,21.9,322,1480,1524,22.94,361,5.29
17-11-2024,Amaravathi,90,4047,58.39,1372,1559,1362,58.26,1365,33.9
17-11-2024,Bhavanisagar,105,32800,78.15,15673,1567,820,77.23,15217,47.78
17-11-2024,Manimuthar,118,5511,99.08,3560,2770,1878,104.51,4068,64.6
17-11-2024,Mettur,120,93470,119.52,92535,161,168,119.52,92535,99
17-11-2024,Papanasam,143,5500,111.23,2935,2845,1957,110.61,2894,53.36
17-11-2024,Vaigai,71,6091,22.16,332,361,181,22.7,352,5.45
18-11-2024,Amaravathi,90,4047,58.09,1354,839,915,60.26,1485,33.46
18-11-2024,Bhavanisagar,105,32800,76.82,15018,1717,1577,78.08,15641,45.79
18-11-2024,Manimuthar,118,5511,99.45,3594,1988,1200,99.16,3568,65.22
18-11-2024,Mettur,120,93470,119.52,92535,2899,2978,119.52,92535,99
18-11-2024,Papanasam,143,5500,112.36,3010,918,884,112.11,2993,54.73
18-11-2024,Vaigai,71,6091,22.27,335,4546,2782,22.63,349,5.5
19-11-2024,Amaravathi,90,4047,59.92,1464,515,288,58.85,1399,36.17
19-11-2024,Bhavanisagar,105,32800,77.42,15313,913,527,81.42,17370,46.69
19-11-2024,Manimuthar,118,5511,99.04,3557,1258,652,101.22,3756,64.54
19-11-2024,Mettur,120,93470,119.52,92535,625,475,119.52,92535,99
19-11-2024,Papanasam,143,5500,112.78,3038,4820,2626,106.32,2621,55.24
19-11-2024,Vaigai,71,6091,22.25,335,1707,1847,21.83,319,5.5
20-11-2024,Amaravathi,90,4047,58.7,1390,845,430,60.86,1522,34.35
20-11-2024,Bhavanisagar,105,32800,77.69,15447,1057,729,80.12,16681,47.09
20-11-2024,Manimuthar,118,5511,96.56,3338,1095,1067,100.12,3654,60.57
20-11-2024,Mettur,120,93470,119.52,92535,1510,1563,118.7,90963,99
20-11-2024,Papanasam,143,5500,111.03,2922,279,246,109.67,2833,53.13
20-11-2024,Vaigai,71,6091,22.23,334,706,583,21.91,322,5.48
21-11-2024,Amaravathi,90,4047,59.58,1443,126,76,62.27,1612,35.66
21-11-2024,Bhavanisagar,105,32800,76.39,14806,2740,2795,77.95,15574,45.14
21-11-2024,Manimuthar,118,5511,98.13,3476,279,187,96.07,3296,63.07
21-11-2024,Mettur,120,93470,119.52,92535,1469,1353,115.66,85246,99
21-11-2024,Papanasam,143,5500,111.84,2975,1616,1472,106.62,2640,54.09
21-11-2024,Vaigai,71,6091,22.38,340,693,563,22,326,5.58
22-11-2024,Amaravathi,90,4047,57.9,1344,1538,1645,61.22,1545,33.21
22-11-2024,Bhavanisagar,105,32800,77.89,15544,78,65,80.29,16772,47.39
22-11-2024,Manimuthar,118,5511,99.39,3589,904,807,96.63,3344,65.12
22-11-2024,Mettur,120,93470,119.52,92535,1177,662,117.84,89329,99
22-11-2024,Papanasam,143,5500,111.49,2952,4721,3326,114.28,3140,53.67
22-11-2024,Vaigai,71,6091,22.39,340,26,21,21.42,305,5.58
23-11-2024,Amaravathi,90,4047,58.13,1357,3205,3522,59.03,1410,33.53
23-11-2024,Bhavanisagar,105,32800,77.62,15410,3511,1797,79.92,16579,46.98
23-11-2024,Manimuthar,118,5511,99.61,3608,3174,2536,104.95,4111,65.47
23-11-2024,Mettur,120,93470,119.52,92535,4930,4241,119.52,92535,99
23-11-2024,Papanasam,143,5500,110.83,2909,3070,3042,109.44,2818,52.89
23-11-2024,Vaigai,71,6091,22.23,334,15,16,22.27,336,5.48
24-11-2024,Amaravathi,90,4047,58.44,1375,2600,2519,57.41,1315,33.98
24-11-2024,Bhavanisagar,105,32800,77.52,15362,1052,808,72.71,13090,46.84
24-11-2024,Manimuthar,118,5511,99.26,3576,1148,764,95.5,3247,64.89
24-11-2024,Mettur,120,93470,119.52,92535,1157,1018,113.11,80624,99
24-11-2024,Papanasam,143,5500,112.67,3031,1456,953,115.2,3204,55.11
24-11-2024,Vaigai,71,6091,22.16,331,6683,3574,22.38,340,5.43
25-11-2024,Amaravathi,90,4047,59.67,1448,1910,979,58.48,1377,35.78
25-11-2024,Bhavanisagar,105,32800,77.53,15369,1276,1156,79.39,16303,46.86
25-11-2024,Manimuthar,118,5511,100.09,3652,1519,1447,102.75,3900,66.27
25-11-2024,Mettur,120,93470,119.52,92535,1048,552,114.18,82542,99
25-11-2024,Papanasam,143,5500,113.46,3084,401,204,110.24,2870,56.07
25-11-2024,Vaigai,71,6091,22.41,341,735,482,23.35,378,5.6
26-11-2024,Amaravathi,90,4047,59.13,1416,255,163,61.91,1588,34.99
26-11-2024,Bhavanisagar,105,32800,78.73,15969,5121,4193,77.78,15488,48.69
26-11-2024,Manimuthar,118,5511,101.57,3788,72,70,101.96,3825,68.74
26-11-2024,Mettur,120,93470,119.52,92535,531,575,117.06,87853,99
26-11-2024,Papanasam,143,5500,112.01,2986,347,279,107.91,2721,54.29
26-11-2024,Vaigai,71,6091,22.11,330,769,392,21.82,319,5.42
27-11-2024,Amaravathi,90,4047,59.51,1439,1252,789,57.04,1294,35.56
27-11-2024,Bhavanisagar,105,32800,78,15603,580,334,81.12,17206,47.57
27-11-2024,Manimuthar,118,5511,100.52,3691,1554,916,99.52,3600,66.98
27-11-2024,Mettur,120,93470,119.52,92535,1547,1034,115.2,84401,99
27-11-2024,Papanasam,143,5500,111.68,2964,2013,1705,117.93,3397,53.89
27-11-2024,Vaigai,71,6091,21.93,323,927,495,22.16,332,5.3
28-11-2024,Amaravathi,90,4047,58.09,1354,443,355,56.46,1261,33.46
28-11-2024,Bhavanisagar,105,32800,78.23,15714,737,660,77.95,15577,47.91
28-11-2024,Manimuthar,118,5511,97.48,3418,670,475,92.51,2999,62.02
28-11-2024,Mettur,120,93470,119.52,92535,1192,599,112.12,78868,99
28-11-2024,Papanasam,143,5500,113.39,3079,15121,15449,116.84,3319,55.98
28-11-2024,Vaigai,71,6091,22.37,340,2315,1731,22.16,331,5.58
29-11-2024,Amaravathi,90,4047,58.95,1405,99,92,57.72,1333,34.72
29-11-2024,Bhavanisagar,105,32800,78.23,15715,102,76,78.66,15935,47.91
29-11-2024,Manimuthar,118,5511,99.47,3595,766,794,95.86,3278,65.23
29-11-2024,Mettur,120,93470,119.52,92535,2660,2242,119.52,92535,99
29-11-2024,Papanasam,143,5500,114.05,3124,5148,2646,114.57,3160,56.8
29-11-2024,Vaigai,71,6091,22.19,333,1235,1320,21.42,305,5.47
30-11-2024,Amaravathi,90,4047,59.35,1429,1738,1160,59.85,1460,35.31
30-11-2024,Bhavanisagar,105,32800,76.92,15068,939,891,79.87,16550,45.94
30-11-2024,Manimuthar,118,5511,99.47,3595,882,605,102.81,3905,65.23
30-11-2024,Mettur,120,93470,119.52,92535,569,602,118.03,89676,99
30-11-2024,Papanasam,143,5500,111.84,2975,403,336,111.38,2945,54.09
30-11-2024,Vaigai,71,6091,21.94,323,1502,1225,21.98,325,5.3
01-12-2024,Amaravathi,90,4047,54.83,1172,873,922,57.38,1313,28.96
01-12-2024,Bhavanisagar,105,32800,73.26,13339,3822,3825,76.19,14709,40.67
01-12-2024,Manimuthar,118,5511,92.46,2995,444,266,88.14,2658,54.35
01-12-2024,Mettur,120,93470,119.26,92032,169,119,119.36,92237,98.46
01-12-2024,Papanasam,143,5500,107.36,2686,4510,3749,111.69,2965,48.84
01-12-2024,Vaigai,71,6091,21.42,305,58,52,21.42,305,5.01
02-12-2024,Amaravathi,90,4047,54.58,1159,131,75,54.56,1158,28.64
02-12-2024,Bhavanisagar,105,32800,71.96,12752,505,382,71.7,12640,38.88
02-12-2024,Manimuthar,118,5511,93.86,3110,2233,1780,95.32,3232,56.43
02-12-2024,Mettur,120,93470,117.94,89509,2902,2310,119.52,92535,95.76
02-12-2024,Papanasam,143,5500,108.19,2739,539,411,107.81,2714,49.8
02-12-2024,Vaigai,71,6091,21.42,305,24,15,21.42,305,5.01
03-12-2024,Amaravathi,90,4047,55.17,1191,224,197,58.03,1351,29.43
03-12-2024,Bhavanisagar,105,32800,72.93,13190,3693,3131,74.38,13851,40.21
03-12-2024,Manimuthar,118,5511,94.29,3146,416,284,95.99,3289,57.09
03-12-2024,Mettur,120,93470,118,89623,767,572,119.52,92535,95.88
03-12-2024,Papanasam,143,5500,104.67,2521,1277,1083,106.36,2624,45.84
03-12-2024,Vaigai,71,6091,21.42,305,745,588,21.42,305,5.01
04-12-2024,Amaravathi,90,4047,54.87,1175,8013,5810,55.52,1210,29.03
04-12-2024,Bhavanisagar,105,32800,73.01,13222,3395,2401,74.06,13704,40.31
04-12-2024,Manimuthar,118,5511,91.52,2919,228,198,95.27,3228,52.97
04-12-2024,Mettur,120,93470,116.88,87519,1752,1515,114.16,82513,93.63
04-12-2024,Papanasam,143,5500,103.85,2472,607,418,105.22,2555,44.95
04-12-2024,Vaigai,71,6091,21.42,305,5106,2692,22.54,346,5.01
05-12-2024,Amaravathi,90,4047,54.85,1173,323,239,51.94,1024,28.98
05-12-2024,Bhavanisagar,105,32800,73.54,13467,604,438,73.84,13603,41.06
05-12-2024,Manimuthar,118,5511,93.39,3071,1320,1103,88.69,2699,55.72
05-12-2024,Mettur,120,93470,118.31,90212,417,223,119.52,92535,96.51
05-12-2024,Papanasam,143,5500,105.15,2550,60,32,101.84,2354,46.36
05-12-2024,Vaigai,71,6091,21.42,305,787,607,22.37,339,5.01
06-12-2024,Amaravathi,90,4047,56.41,1258,1664,1084,55.11,1187,31.08
06-12-2024,Bhavanisagar,105,32800,73.65,13514,0,0,71,12331,41.2
06-12-2024,Manimuthar,118,5511,92.95,3035,2245,2433,89.29,2745,55.07
06-12-2024,Mettur,120,93470,119.17,91858,1624,923,117.49,88657,98.28
06-12-2024,Papanasam,143,5500,104.92,2536,27,17,106.85,2654,46.11
06-12-2024,Vaigai,71,6091,21.42,305,3167,2037,21.42,305,5.01
07-12-2024,Amaravathi,90,4047,57.07,1296,1179,879,54.9,1176,32.02
07-12-2024,Bhavanisagar,105,32800,73.75,13562,459,282,73.79,13579,41.35
07-12-2024,Manimuthar,118,5511,93.78,3103,3846,2329,96.98,3375,56.31
07-12-2024,Mettur,120,93470,115.99,85851,180,135,119.41,92320,91.85
07-12-2024,Papanasam,143,5500,105.51,2572,3420,3333,103,2422,46.76
07-12-2024,Vaigai,71,6091,21.42,305,544,484,21.95,324,5.01
08-12-2024,Amaravathi,90,4047,55.2,1192,1913,1102,52.48,1051,29.45
08-12-2024,Bhavanisagar,105,32800,72.61,13043,2810,1811,68.79,11394,39.77
08-12-2024,Manimuthar,118,5511,94.63,3174,86,88,96.58,3340,57.59
08-12-2024,Mettur,120,93470,117.98,89595,103,56,115.9,85692,95.85
08-12-2024,Papanasam,143,5500,104.79,2529,3622,2527,99.2,2204,45.98
08-12-2024,Vaigai,71,6091,21.42,305,2111,1769,21.42,305,5.01
09-12-2024,Amaravathi,90,4047,54.77,1169,512,401,54.43,1151,28.89
09-12-2024,Bhavanisagar,105,32800,74.19,13766,1120,1108,78.13,15664,41.97
09-12-2024,Manimuthar,118,5511,92.37,2988,2374,2046,90.81,2863,54.22
09-12-2024,Mettur,120,93470,119.2,91915,1589,1139,119.52,92535,98.34
09-12-2024,Papanasam,143,5500,108.04,2729,1557,960,104.04,2484,49.62
09-12-2024,Vaigai,71,6091,21.42,305,1825,1290,21.85,320,5.01
10-12-2024,Amaravathi,90,4047,55.78,1224,1726,1508,56.74,1277,30.24
10-12-2024,Bhavanisagar,105,32800,72.49,12992,2202,1898,72.44,12966,39.61
10-12-2024,Manimuthar,118,5511,93.11,3048,821,817,91.28,2901,55.31
10-12-2024,Mettur,120,93470,119.52,92535,14,12,119.52,92535,99
10-12-2024,Papanasam,143,5500,105.12,2548,887,928,98.64,2174,46.33
10-12-2024,Vaigai,71,6091,21.42,305,417,269,21.96,324,5.01
11-12-2024,Amaravathi,90,4047,54.72,1167,544,414,53.43,1099,28.84
11-12-2024,Bhavanisagar,105,32800,72.23,12876,1538,1031,72.97,13207,39.26
11-12-2024,Manimuthar,118,5511,91.91,2951,320,332,88.72,2701,53.55
11-12-2024,Mettur,120,93470,119.52,92535,1802,1031,119.52,92535,99
11-12-2024,Papanasam,143,5500,108.27,2743,1625,869,107.21,2677,49.87
11-12-2024,Vaigai,71,6091,21.42,305,439,377,21.42,305,5.01
12-12-2024,Amaravathi,90,4047,56.01,1236,5873,5805,53.68,1112,30.54
12-12-2024,Bhavanisagar,105,32800,72.83,13142,1237,949,75.68,14467,40.07
12-12-2024,Manimuthar,118,5511,92.36,2987,1417,1457,86.97,2570,54.2
12-12-2024,Mettur,120,93470,119.36,92225,96,78,114.06,82324,98.67
12-12-2024,Papanasam,143,5500,105.2,2553,1227,662,100.43,2274,46.42
12-12-2024,Vaigai,71,6091,21.42,305,1272,857,21.96,324,5.01
13-12-2024,Amaravathi,90,4047,55.07,1185,1067,1082,56.6,1269,29.28
13-12-2024,Bhavanisagar,105,32800,72.82,13137,1080,970,75.24,14257,40.05
13-12-2024,Manimuthar,118,5511,93.28,3062,1502,1086,95.43,3242,55.56
13-12-2024,Mettur,120,93470,118.92,91388,489,387,119.52,92535,97.77
13-12-2024,Papanasam,143,5500,105.96,2599,247,202,111.02,2921,47.25
13-12-2024,Vaigai,71,6091,21.42,305,500,448,21.92,322,5.01
14-12-2024,Amaravathi,90,4047,55.17,1190,339,250,55.22,1193,29.4
14-12-2024,Bhavanisagar,105,32800,71.71,12642,703,624,68.6,11317,38.54
14-12-2024,Manimuthar,118,5511,94.9,3196,410,210,99.81,3626,57.99
14-12-2024,Mettur,120,93470,118.69,90931,62,35,119.52,92530,97.28
14-12-2024,Papanasam,143,5500,108.1,2733,21,18,102.34,2383,49.69
14-12-2024,Vaigai,71,6091,21.42,305,1704,1549,21.42,305,5.01
15-12-2024,Amaravathi,90,4047,55.63,1216,3366,2711,56.91,1286,30.05
15-12-2024,Bhavanisagar,105,32800,72.98,13210,1830,937,70.33,12042,40.27
15-12-2024,Manimuthar,118,5511,93.23,3058,2420,1509,97.2,3394,55.49
15-12-2024,Mettur,120,93470,119.52,92535,1478,1488,119.52,92535,99
15-12-2024,Papanasam,143,5500,107.22,2677,463,405,106.06,2606,48.67
15-12-2024,Vaigai,71,6091,21.42,305,238,217,21.42,305,5.01
16-12-2024,Amaravathi,90,4047,55.61,1214,165,138,53.89,1123,30
16-12-2024,Bhavanisagar,105,32800,73.66,13518,934,959,73.9,13629,41.21
16-12-2024,Manimuthar,118,5511,92.39,2990,964,693,94.17,3136,54.26
16-12-2024,Mettur,120,93470,117.78,89211,786,710,114.54,83199,95.44
16-12-2024,Papanasam,143,5500,105.22,2554,373,301,108.88,2782,46.44
16-12-2024,Vaigai,71,6091,21.42,305,3888,3872,22.31,337,5.01
17-12-2024,Amaravathi,90,4047,56.58,1268,415,220,53.09,1082,31.33
17-12-2024,Bhavanisagar,105,32800,73.1,13265,943,539,75.69,14469,40.44
17-12-2024,Manimuthar,118,5511,92.27,2980,1851,1269,88.87,2712,54.07
17-12-2024,Mettur,120,93470,119.52,92535,827,809,119.52,92535,99
17-12-2024,Papanasam,143,5500,105.98,2600,578,564,102.22,2376,47.27
17-12-2024,Vaigai,71,6091,21.42,305,2625,1561,21.42,305,5.01
18-12-2024,Amaravathi,90,4047,54.73,1167,31,15,52.07,1030,28.84
18-12-2024,Bhavanisagar,105,32800,73.77,13570,397,412,77.28,15242,41.37
18-12-2024,Manimuthar,118,5511,92.22,2976,2307,2268,92.19,2974,54
18-12-2024,Mettur,120,93470,118.05,89722,2728,2864,117.07,87864,95.99
18-12-2024,Papanasam,143,5500,105.96,2600,1877,2006,99.49,2220,47.27
18-12-2024,Vaigai,71,6091,21.42,305,2151,1172,22.63,349,5.01
19-12-2024,Amaravathi,90,4047,54.88,1175,6058,4141,52.34,1044,29.03
19-12-2024,Bhavanisagar,105,32800,73.15,13288,1582,1529,69.8,11817,40.51
19-12-2024,Manimuthar,118,5511,95.64,3259,996,747,101.09,3743,59.14
19-12-2024,Mettur,120,93470,119.52,92535,649,558,119.52,92535,99
19-12-2024,Papanasam,143,5500,107.98,2725,1693,1025,113.86,3111,49.55
19-12-2024,Vaigai,71,6091,21.42,305,394,356,21.42,305,5.01
20-12-2024,Amaravathi,90,4047,54.91,1177,1104,1120,56.06,1239,29.08
20-12-2024,Bhavanisagar,105,32800,73.7,13538,1286,669,73.68,13528,41.27
20-12-2024,Manimuthar,118,5511,93.91,3114,223,190,98.12,3474,56.51
20-12-2024,Mettur,120,93470,116.55,86905,1632,1182,111.75,78219,92.98
20-12-2024,Papanasam,143,5500,104.65,2520,1337,800,98.35,2158,45.82
20-12-2024,Vaigai,71,6091,21.42,305,2546,1532,21.92,323,5.01
21-12-2024,Amaravathi,90,4047,55.7,1219,1756,1645,56.79,1280,30.12
21-12-2024,Bhavanisagar,105,32800,72.84,13145,635,482,73.9,13631,40.08
21-12-2024,Manimuthar,118,5511,94.4,3155,573,380,98.27,3488,57.25
21-12-2024,Mettur,120,93470,117.45,88585,3091,2186,112.42,79402,94.77
21-12-2024,Papanasam,143,5500,105.9,2596,1295,1181,104.53,2513,47.2
21-12-2024,Vaigai,71,6091,21.42,305,1830,1175,21.42,305,5.01
22-12-2024,Amaravathi,90,4047,54.22,1140,2865,2928,54.73,1167,28.17
22-12-2024,Bhavanisagar,105,32800,72.81,13134,108,86,69.95,11883,40.04
22-12-2024,Manimuthar,118,5511,94.01,3122,701,648,89.91,2793,56.65
22-12-2024,Mettur,120,93470,118.68,90913,36,31,119.52,92535,97.26
22-12-2024,Papanasam,143,5500,104.3,2499,2081,2257,101.37,2327,45.44
22-12-2024,Vaigai,71,6091,21.42,305,1173,787,21.42,305,5.01
23-12-2024,Amaravathi,90,4047,56.56,1267,2386,1201,59.76,1454,31.31
23-12-2024,Bhavanisagar,105,32800,74.69,13997,1138,1073,73.19,13306,42.67
23-12-2024,Manimuthar,118,5511,93.96,3118,437,348,96.14,3302,56.58
23-12-2024,Mettur,120,93470,118.2,90005,737,506,119.52,92535,96.29
23-12-2024,Papanasam,143,5500,106.13,2610,1622,1473,102.52,2393,47.45
23-12-2024,Vaigai,71,6091,21.42,305,120,83,21.42,305,5.01
24-12-2024,Amaravathi,90,4047,54.75,1168,282,220,57.12,1299,28.86
24-12-2024,Bhavanisagar,105,32800,73.97,13664,2028,1540,73.83,13599,41.66
24-12-2024,Manimuthar,118,5511,95.31,3231,16,14,95.78,3271,58.63
24-12-2024,Mettur,120,93470,118.68,90928,1303,936,114.56,83232,97.28
24-12-2024,Papanasam,143,5500,105.87,2594,1072,897,108.36,2749,47.16
24-12-2024,Vaigai,71,6091,21.42,305,1095,792,22.15,331,5.01
25-12-2024,Amaravathi,90,4047,55.28,1196,199,146,53.07,1081,29.55
25-12-2024,Bhavanisagar,105,32800,74.11,13726,519,286,70.33,12041,41.85
25-12-2024,Manimuthar,118,5511,94.39,3154,506,337,94.06,3127,57.23
25-12-2024,Mettur,120,93470,118.93,91406,1631,953,118.73,91011,97.79
25-12-2024,Papanasam,143,5500,104.89,2534,1363,947,104.35,2502,46.07
25-12-2024,Vaigai,71,6091,21.42,305,674,598,22.57,347,5.01
26-12-2024,Amaravathi,90,4047,54.37,1148,632,457,57.46,1318,28.37
26-12-2024,Bhavanisagar,105,32800,74.4,13860,3593,3282,70.95,12310,42.26
26-12-2024,Manimuthar,118,5511,92.78,3021,1578,1668,88.65,2696,54.82
26-12-2024,Mettur,120,93470,119.35,92207,39,31,119.52,92535,98.65
26-12-2024,Papanasam,143,5500,106.12,2609,340,346,107.2,2676,47.44
26-12-2024,Vaigai,71,6091,21.42,305,999,1091,21.42,305,5.01
27-12-2024,Amaravathi,90,4047,55.08,1186,385,311,55.53,1210,29.31
27-12-2024,Bhavanisagar,105,32800,74.06,13703,2527,1329,71.66,12620,41.78
27-12-2024,Manimuthar,118,5511,92.92,3032,1989,1528,95.18,3221,55.02
27-12-2024,Mettur,120,93470,118.37,90334,44,32,113.39,81121,96.64
27-12-2024,Papanasam,143,5500,105.76,2587,185,111,111.71,2966,47.04
27-12-2024,Vaigai,71,6091,21.42,305,142,107,21.42,305,5.01
28-12-2024,Amaravathi,90,4047,55.1,1187,350,333,53.82,1119,29.33
28-12-2024,Bhavanisagar,105,32800,71.65,12615,3086,1559,69.01,11485,38.46
28-12-2024,Manimuthar,118,5511,93.46,3077,544,547,93.85,3109,55.83
28-12-2024,Mettur,120,93470,118.82,91188,33,31,118.23,90054,97.56
28-12-2024,Papanasam,143,5500,106.39,2626,1810,958,108.94,2786,47.75
28-12-2024,Vaigai,71,6091,21.42,305,183,124,22.38,340,5.01
29-12-2024,Amaravathi,90,4047,55.5,1209,802,781,57.56,1324,29.87
29-12-2024,Bhavanisagar,105,32800,73.22,13319,424,229,68.88,11434,40.61
29-12-2024,Manimuthar,118,5511,95.3,3231,1283,659,100.49,3688,58.63
29-12-2024,Mettur,120,93470,119.52,92535,172,184,116.8,87371,99
29-12-2024,Papanasam,143,5500,103.56,2455,234,234,97.91,2134,44.64
29-12-2024,Vaigai,71,6091,21.42,305,1325,1002,21.42,305,5.01
30-12-2024,Amaravathi,90,4047,55.74,1222,480,337,58.55,1382,30.2
30-12-2024,Bhavanisagar,105,32800,73.51,13450,392,403,72.76,13111,41.01
30-12-2024,Manimuthar,118,5511,93.72,3098,495,321,93.56,3085,56.21
30-12-2024,Mettur,120,93470,118.57,90702,3070,2645,119.52,92535,97.04
30-12-2024,Papanasam,143,5500,104.69,2522,479,327,100.3,2266,45.85
30-12-2024,Vaigai,71,6091,21.42,305,644,550,21.42,305,5.01
31-12-2024,Amaravathi,90,4047,56.23,1249,2067,2173,56.45,1261,30.86
31-12-2024,Bhavanisagar,105,32800,73.47,13435,734,451,73.62,13504,40.96
31-12-2024,Manimuthar,118,5511,95.27,3228,699,534,95.67,3262,58.57
31-12-2024,Mettur,120,93470,118.82,91194,681,479,119.41,92327,97.56
31-12-2024,Papanasam,143,5500,105.26,2556,501,531,102.82,2411,46.47
31-12-2024,Vaigai,71,6091,21.42,305,2965,2265,21.74,316,5.01
01-01-2025,Amaravathi,90,4047,51.9,1022,115,98,53.59,1107,25.25
01-01-2025,Bhavanisagar,105,32800,68.95,11463,2625,2579,65.21,9970,34.95
01-01-2025,Manimuthar,118,5511,88.32,2671,551,577,91.93,2953,48.47
01-01-2025,Mettur,120,93470,112.52,79577,184,153,113.08,80573,85.14
01-01-2025,Papanasam,143,5500,99.32,2211,491,384,100.05,2252,40.2
01-01-2025,Vaigai,71,6091,21.42,305,741,758,21.54,309,5.01
02-01-2025,Amaravathi,90,4047,52.07,1030,2395,2161,54.96,1179,25.45
02-01-2025,Bhavanisagar,105,32800,69.35,11630,2618,1501,69.64,11748,35.46
02-01-2025,Manimuthar,118,5511,87.3,2595,218,214,88.13,2657,47.09
02-01-2025,Mettur,120,93470,112.8,80074,638,434,109.47,74293,85.67
02-01-2025,Papanasam,143,5500,98.62,2172,2259,2156,101.2,2318,39.49
02-01-2025,Vaigai,71,6091,21.42,305,1399,793,21.42,305,5.01
03-01-2025,Amaravathi,90,4047,51.94,1024,71,73,53.84,1120,25.3
03-01-2025,Bhavanisagar,105,32800,70.34,12049,2327,1735,70.19,11984,36.73
03-01-2025,Manimuthar,118,5511,87.5,2609,3438,2196,87.35,2598,47.34
03-01-2025,Mettur,120,93470,112.6,79716,238,127,110.44,75948,85.29
03-01-2025,Papanasam,143,5500,99.99,2249,99,50,101.11,2312,40.89
03-01-2025,Vaigai,71,6091,21.42,305,1701,1703,21.54,309,5.01
04-01-2025,Amaravathi,90,4047,52.47,1050,2339,2232,52.87,1070,25.95
04-01-2025,Bhavanisagar,105,32800,68.6,11316,431,459,66.77,10578,34.5
04-01-2025,Manimuthar,118,5511,87.06,2577,1613,1142,87.38,2601,46.76
04-01-2025,Mettur,120,93470,108.84,73234,955,557,108.11,72004,78.35
04-01-2025,Papanasam,143,5500,99.64,2229,263,145,101.98,2362,40.53
04-01-2025,Vaigai,71,6091,21.42,305,636,577,21.42,305,5.01
05-01-2025,Amaravathi,90,4047,51.82,1018,140,114,50.92,974,25.15
05-01-2025,Bhavanisagar,105,32800,68.45,11256,679,612,65.59,10115,34.32
05-01-2025,Manimuthar,118,5511,88.74,2703,1033,894,91.1,2886,49.05
05-01-2025,Mettur,120,93470,112.96,80362,1082,858,111.62,77994,85.98
05-01-2025,Papanasam,143,5500,100.69,2288,1407,849,94.73,1964,41.6
05-01-2025,Vaigai,71,6091,21.42,305,3576,3397,21.75,317,5.01
06-01-2025,Amaravathi,90,4047,52.51,1052,2656,1351,54.4,1150,25.99
06-01-2025,Bhavanisagar,105,32800,70.3,12030,2217,1941,71.7,12640,36.68
06-01-2025,Manimuthar,118,5511,87.4,2602,672,603,85.22,2443,47.21
06-01-2025,Mettur,120,93470,113.48,81284,1066,661,112.04,78727,86.96
06-01-2025,Papanasam,143,5500,101.38,2327,1346,1327,102.71,2405,42.31
06-01-2025,Vaigai,71,6091,21.42,305,579,519,21.76,317,5.01
07-01-2025,Amaravathi,90,4047,52.56,1055,3066,2984,50.15,938,26.07
07-01-2025,Bhavanisagar,105,32800,68.66,11342,148,157,65.53,10092,34.58
07-01-2025,Manimuthar,118,5511,88.27,2667,413,237,87.4,2602,48.39
07-01-2025,Mettur,120,93470,114.72,83525,44,34,115.31,84603,89.36
07-01-2025,Papanasam,143,5500,96.94,2081,129,117,102.35,2384,37.84
07-01-2025,Vaigai,71,6091,21.42,305,530,460,22.21,333,5.01
08-01-2025,Amaravathi,90,4047,53.02,1078,4769,3523,51.94,1024,26.64
08-01-2025,Bhavanisagar,105,32800,68.07,11098,2983,2780,70.1,11944,33.84
08-01-2025,Manimuthar,118,5511,89.97,2797,14,14,88.73,2702,50.75
08-01-2025,Mettur,120,93470,112.23,79070,838,856,107.08,70309,84.59
08-01-2025,Papanasam,143,5500,100.69,2288,2094,1899,97.6,2117,41.6
08-01-2025,Vaigai,71,6091,21.42,305,1563,1293,21.81,318,5.01
09-01-2025,Amaravathi,90,4047,53.02,1078,1077,1072,55.69,1219,26.64
09-01-2025,Bhavanisagar,105,32800,69.54,11707,271,207,70.51,12121,35.69
09-01-2025,Manimuthar,118,5511,88.29,2668,2236,1170,84.41,2385,48.41
09-01-2025,Mettur,120,93470,112.55,79629,1719,988,116.42,86658,85.19
09-01-2025,Papanasam,143,5500,98.2,2150,3383,2606,93.69,1911,39.09
09-01-2025,Vaigai,71,6091,21.42,305,799,875,21.42,305,5.01
10-01-2025,Amaravathi,90,4047,51.82,1018,1108,1123,51.77,1015,25.15
10-01-2025,Bhavanisagar,105,32800,68.44,11251,3607,3730,66.51,10475,34.3
10-01-2025,Manimuthar,118,5511,86.68,2549,2070,1048,88.13,2657,46.25
10-01-2025,Mettur,120,93470,112.78,80031,3171,1868,112.27,79135,85.62
10-01-2025,Papanasam,143,5500,99.71,2233,633,352,102.52,2394,40.6
10-01-2025,Vaigai,71,6091,21.42,305,191,139,21.42,305,5.01
11-01-2025,Amaravathi,90,4047,52.96,1075,268,161,49.63,914,26.56
11-01-2025,Bhavanisagar,105,32800,68.96,11467,1903,1543,68.65,11336,34.96
11-01-2025,Manimuthar,118,5511,86.48,2534,154,153,89.3,2745,45.98
11-01-2025,Mettur,120,93470,111.3,77441,4358,3443,116.01,85887,82.85
11-01-2025,Papanasam,143,5500,98.25,2152,1766,1651,94.64,1960,39.13
11-01-2025,Vaigai,71,6091,21.42,305,3647,3895,21.42,305,5.01
12-01-2025,Amaravathi,90,4047,51.64,1009,307,208,52.01,1027,24.93
12-01-2025,Bhavanisagar,105,32800,69.44,11668,1439,1074,70.51,12120,35.57
12-01-2025,Manimuthar,118,5511,86.26,2518,1107,657,82.96,2284,45.69
12-01-2025,Mettur,120,93470,109.16,73773,370,230,112.51,79567,78.93
12-01-2025,Papanasam,143,5500,98.19,2149,1983,1455,92.16,1834,39.07
12-01-2025,Vaigai,71,6091,21.42,305,1859,1629,21.42,305,5.01
13-01-2025,Amaravathi,90,4047,52.28,1041,558,504,49.37,902,25.72
13-01-2025,Bhavanisagar,105,32800,67.13,10718,1321,1224,63.36,9278,32.68
13-01-2025,Manimuthar,118,5511,88.03,2649,1083,1185,92.03,2960,48.07
13-01-2025,Mettur,120,93470,113.71,81705,537,433,113.61,81517,87.41
13-01-2025,Papanasam,143,5500,97.14,2092,477,381,102.18,2374,38.04
13-01-2025,Vaigai,71,6091,21.42,305,1584,1501,21.45,305,5.01
14-01-2025,Amaravathi,90,4047,52.05,1029,452,306,49.23,896,25.43
14-01-2025,Bhavanisagar,105,32800,68.63,11330,334,215,68.49,11272,34.54
14-01-2025,Manimuthar,118,5511,89.16,2735,7071,5857,88.3,2669,49.63
14-01-2025,Mettur,120,93470,113.41,81167,4344,3234,117.75,89142,86.84
14-01-2025,Papanasam,143,5500,98.76,2180,1711,861,94.18,1936,39.64
14-01-2025,Vaigai,71,6091,21.42,305,6227,4229,21.42,305,5.01
15-01-2025,Amaravathi,90,4047,51.3,993,2486,2274,48.89,880,24.54
15-01-2025,Bhavanisagar,105,32800,69.78,11807,2396,1741,71.82,12692,36
15-01-2025,Manimuthar,118,5511,90.72,2856,2643,1692,86.17,2511,51.82
15-01-2025,Mettur,120,93470,112.19,78990,1590,1342,118.09,89797,84.51
15-01-2025,Papanasam,143,5500,98.79,2182,849,550,93.77,1915,39.67
15-01-2025,Vaigai,71,6091,21.42,305,222,230,22.04,327,5.01
16-01-2025,Amaravathi,90,4047,51.49,1002,1330,1268,53.18,1086,24.76
16-01-2025,Bhavanisagar,105,32800,68.7,11359,5268,5069,66.25,10372,34.63
16-01-2025,Manimuthar,118,5511,87.13,2582,513,386,87.63,2619,46.85
16-01-2025,Mettur,120,93470,111.56,77891,2116,1615,116.07,85999,83.33
16-01-2025,Papanasam,143,5500,97.5,2111,787,855,92.94,1873,38.38
16-01-2025,Vaigai,71,6091,21.42,305,54,43,21.92,323,5.01
17-01-2025,Amaravathi,90,4047,53.24,1089,714,541,49.97,930,26.91
17-01-2025,Bhavanisagar,105,32800,67.9,11029,765,489,67.16,10730,33.62
17-01-2025,Manimuthar,118,5511,88.33,2672,5265,3330,87,2572,48.48
17-01-2025,Mettur,120,93470,111.63,78012,2459,1321,116.6,86986,83.46
17-01-2025,Papanasam,143,5500,98.19,2149,513,543,102.49,2392,39.07
17-01-2025,Vaigai,71,6091,21.42,305,861,774,22.22,334,5.01
18-01-2025,Amaravathi,90,4047,52.17,1035,249,261,54.67,1164,25.57
18-01-2025,Bhavanisagar,105,32800,69.38,11643,284,299,70.15,11966,35.5
18-01-2025,Manimuthar,118,5511,88.37,2675,1430,1128,85.61,2471,48.54
18-01-2025,Mettur,120,93470,112.73,79958,1083,1143,105.92,68423,85.54
18-01-2025,Papanasam,143,5500,101.37,2327,101,93,106.89,2657,42.31
18-01-2025,Vaigai,71,6091,21.42,305,195,129,21.42,305,5.01
19-01-2025,Amaravathi,90,4047,52.53,1053,4979,5100,55.54,1211,26.02
19-01-2025,Bhavanisagar,105,32800,69.4,11651,525,420,70.27,12018,35.52
19-01-2025,Manimuthar,118,5511,86.86,2562,1066,877,83.32,2309,46.49
19-01-2025,Mettur,120,93470,107.33,70722,712,649,110.15,75447,75.66
19-01-2025,Papanasam,143,5500,98.19,2149,848,677,94.4,1947,39.07
19-01-2025,Vaigai,71,6091,21.42,305,498,362,22.19,332,5.01
20-01-2025,Amaravathi,90,4047,52.49,1051,1904,1215,49.86,925,25.97
20-01-2025,Bhavanisagar,105,32800,68.16,11136,773,468,70.65,12181,33.95
20-01-2025,Manimuthar,118,5511,86.4,2528,4457,4499,88.78,2706,45.87
20-01-2025,Mettur,120,93470,110.69,76387,391,279,114.63,83363,81.72
20-01-2025,Papanasam,143,5500,100.87,2298,1160,598,101.46,2332,41.78
20-01-2025,Vaigai,71,6091,21.42,305,1161,617,21.42,305,5.01
21-01-2025,Amaravathi,90,4047,51.72,1013,4271,2894,53.95,1126,25.03
21-01-2025,Bhavanisagar,105,32800,71.27,12451,858,496,73.5,13445,37.96
21-01-2025,Manimuthar,118,5511,85.63,2473,2415,2273,89.64,2772,44.87
21-01-2025,Mettur,120,93470,112.46,79471,359,224,118.4,90377,85.02
21-01-2025,Papanasam,143,5500,101.6,2340,994,620,97.95,2136,42.55
21-01-2025,Vaigai,71,6091,21.42,305,1084,959,22.11,330,5.01
22-01-2025,Amaravathi,90,4047,50.93,975,1287,1080,48.24,851,24.09
22-01-2025,Bhavanisagar,105,32800,67.87,11019,803,455,71.28,12453,33.59
22-01-2025,Manimuthar,118,5511,87.96,2644,1511,1284,84.42,2386,47.98
22-01-2025,Mettur,120,93470,113.26,80898,383,194,116.43,86671,86.55
22-01-2025,Papanasam,143,5500,100.57,2281,1025,1032,98.05,2141,41.47
22-01-2025,Vaigai,71,6091,21.42,305,1267,1365,21.42,305,5.01
23-01-2025,Amaravathi,90,4047,51.91,1022,195,142,49.89,926,25.25
23-01-2025,Bhavanisagar,105,32800,68.44,11250,223,145,67.66,10935,34.3
23-01-2025,Manimuthar,118,5511,87.25,2591,457,315,84.7,2405,47.02
23-01-2025,Mettur,120,93470,112.62,79748,1976,1865,107.62,71203,85.32
23-01-2025,Papanasam,143,5500,97.96,2136,2674,2530,96.71,2069,38.84
23-01-2025,Vaigai,71,6091,21.42,305,882,759,22.65,350,5.01
24-01-2025,Amaravathi,90,4047,51.78,1016,107,84,49.14,891,25.11
24-01-2025,Bhavanisagar,105,32800,69.89,11855,670,403,67.89,11028,36.14
24-01-2025,Manimuthar,118,5511,88.27,2667,2123,2006,91.72,2936,48.39
24-01-2025,Mettur,120,93470,113.04,80499,1181,1133,117.59,88853,86.12
24-01-2025,Papanasam,143,5500,98.98,2192,3455,2370,96.93,2081,39.85
24-01-2025,Vaigai,71,6091,21.42,305,467,380,21.42,305,5.01
25-01-2025,Amaravathi,90,4047,52.98,1076,151,97,55.19,1192,26.59
25-01-2025,Bhavanisagar,105,32800,68.29,11191,782,460,69.2,11565,34.12
25-01-2025,Manimuthar,118,5511,85.47,2460,2365,1773,83.86,2347,44.64
25-01-2025,Mettur,120,93470,112.97,80378,1045,578,112.8,80080,85.99
25-01-2025,Papanasam,143,5500,98.76,2180,231,227,96.05,2034,39.64
25-01-2025,Vaigai,71,6091,21.42,305,53,44,21.42,305,5.01
26-01-2025,Amaravathi,90,4047,51.19,987,876,817,54.1,1134,24.39
26-01-2025,Bhavanisagar,105,32800,70.29,12028,3053,3197,73.92,13638,36.67
26-01-2025,Manimuthar,118,5511,88.13,2656,522,558,87.27,2592,48.19
26-01-2025,Mettur,120,93470,111.61,77981,575,310,109.56,74444,83.43
26-01-2025,Papanasam,143,5500,98.13,2145,625,466,98.17,2148,39
26-01-2025,Vaigai,71,6091,21.42,305,55,58,21.63,312,5.01
27-01-2025,Amaravathi,90,4047,51.42,999,155,82,52.6,1057,24.68
27-01-2025,Bhavanisagar,105,32800,69.23,11578,308,178,67.56,10891,35.3
27-01-2025,Manimuthar,118,5511,87.86,2637,1865,1248,85.71,2478,47.85
27-01-2025,Mettur,120,93470,110.74,76460,129,127,116.46,86729,81.8
27-01-2025,Papanasam,143,5500,96.94,2081,1853,1837,100.33,2268,37.84
27-01-2025,Vaigai,71,6091,21.42,305,1854,1397,22.42,341,5.01
28-01-2025,Amaravathi,90,4047,52.25,1039,1248,1338,52.32,1043,25.67
28-01-2025,Bhavanisagar,105,32800,68.66,11340,10,7,64.75,9795,34.57
28-01-2025,Manimuthar,118,5511,88.89,2714,1697,1658,88.2,2662,49.25
28-01-2025,Mettur,120,93470,108.98,73458,87,69,112.73,79948,78.59
28-01-2025,Papanasam,143,5500,99.39,2215,140,80,104.53,2512,40.27
28-01-2025,Vaigai,71,6091,21.42,305,744,699,21.59,311,5.01
29-01-2025,Amaravathi,90,4047,52.24,1039,2696,2913,54.36,1147,25.67
29-01-2025,Bhavanisagar,105,32800,69.31,11612,863,606,69.09,11519,35.4
29-01-2025,Manimuthar,118,5511,88.07,2652,537,330,92.78,3021,48.12
29-01-2025,Mettur,120,93470,112.17,78964,1350,715,106.19,68847,84.48
29-01-2025,Papanasam,143,5500,99.21,2205,1882,1564,103.53,2453,40.09
29-01-2025,Vaigai,71,6091,21.42,305,348,204,21.69,314,5.01
30-01-2025,Amaravathi,90,4047,51.36,996,873,673,53.62,1109,24.61
30-01-2025,Bhavanisagar,105,32800,69.64,11749,1192,906,72.23,12875,35.82
30-01-2025,Manimuthar,118,5511,86.82,2559,4922,2657,90.3,2823,46.43
30-01-2025,Mettur,120,93470,109.42,74205,290,193,113.3,80961,79.39
30-01-2025,Papanasam,143,5500,101.14,2314,290,174,104.22,2494,42.07
30-01-2025,Vaigai,71,6091,21.42,305,553,447,22.24,334,5.01
31-01-2025,Amaravathi,90,4047,51.62,1008,115,75,53.15,1085,24.91
31-01-2025,Bhavanisagar,105,32800,69.03,11493,2596,1484,69.29,11603,35.04
31-01-2025,Manimuthar,118,5511,87.07,2577,483,362,90.44,2834,46.76
31-01-2025,Mettur,120,93470,110.71,76413,2913,2164,115.92,85723,81.75
31-01-2025,Papanasam,143,5500,100.13,2256,465,270,97.87,2131,41.02
31-01-2025,Vaigai,71,6091,21.42,305,87,61,22.23,334,5.01
01-02-2025,Amaravathi,90,4047,48.17,848,440,384,46.13,761,20.95
01-02-2025,Bhavanisagar,105,32800,64.78,9808,160,157,67.45,10848,29.9
01-02-2025,Manimuthar,118,5511,81.51,2186,2733,2512,83.95,2353,39.67
01-02-2025,Mettur,120,93470,103.55,64648,230,203,109.26,73937,69.16
01-02-2025,Papanasam,143,5500,92.8,1866,1077,881,97.81,2128,33.93
01-02-2025,Vaigai,71,6091,21.42,305,1679,1336,21.42,305,5.01
02-02-2025,Amaravathi,90,4047,47.89,836,1773,1362,50.2,941,20.66
02-02-2025,Bhavanisagar,105,32800,64.32,9634,2211,1457,67.33,10801,29.37
02-02-2025,Manimuthar,118,5511,80.91,2146,1275,683,77.95,1954,38.94
02-02-2025,Mettur,120,93470,100.57,60102,832,594,102.33,62767,64.3
02-02-2025,Papanasam,143,5500,92.18,1835,2101,1695,96.52,2058,33.36
02-02-2025,Vaigai,71,6091,21.42,305,3379,3609,21.42,305,5.01
03-02-2025,Amaravathi,90,4047,47,797,137,68,47.18,805,19.69
03-02-2025,Bhavanisagar,105,32800,64.48,9694,46,24,66.15,10335,29.55
03-02-2025,Manimuthar,118,5511,78.74,2005,476,461,73.94,1713,36.38
03-02-2025,Mettur,120,93470,98.77,57447,793,693,93.48,50067,61.46
03-02-2025,Papanasam,143,5500,90.21,1738,238,213,90.22,1739,31.6
03-02-2025,Vaigai,71,6091,21.42,305,27,13,21.42,305,5.01
04-02-2025,Amaravathi,90,4047,48.19,849,102,74,48.71,872,20.98
04-02-2025,Bhavanisagar,105,32800,61.92,8760,529,345,59.55,7947,26.71
04-02-2025,Manimuthar,118,5511,81.64,2194,972,486,77.18,1907,39.81
04-02-2025,Mettur,120,93470,104.29,65820,1032,665,106.92,70044,70.42
04-02-2025,Papanasam,143,5500,91.58,1805,968,882,86.09,1547,32.82
04-02-2025,Vaigai,71,6091,21.42,305,2547,2605,21.45,306,5.01
05-02-2025,Amaravathi,90,4047,47.76,830,1341,1432,45.39,731,20.51
05-02-2025,Bhavanisagar,105,32800,63.46,9313,596,424,62.07,8812,28.39
05-02-2025,Manimuthar,118,5511,83.31,2308,140,116,85.07,2432,41.88
05-02-2025,Mettur,120,93470,104.78,66584,723,587,100.13,59450,71.24
05-02-2025,Papanasam,143,5500,92.4,1846,190,167,92.97,1875,33.56
05-02-2025,Vaigai,71,6091,21.42,305,218,112,22.06,328,5.01
06-02-2025,Amaravathi,90,4047,47.96,839,152,163,45.18,723,20.73
06-02-2025,Bhavanisagar,105,32800,62.66,9022,2989,2645,58.91,7732,27.51
06-02-2025,Manimuthar,118,5511,81.44,2181,234,188,85.32,2450,39.58
06-02-2025,Mettur,120,93470,104.82,66660,1343,890,104.78,66594,71.32
06-02-2025,Papanasam,143,5500,91.33,1793,793,540,92.85,1868,32.6
06-02-2025,Vaigai,71,6091,21.42,305,141,144,21.79,318,5.01
07-02-2025,Amaravathi,90,4047,48.09,845,2511,1733,48.97,884,20.88
07-02-2025,Bhavanisagar,105,32800,64.95,9871,322,179,66.92,10636,30.09
07-02-2025,Manimuthar,118,5511,80.21,2099,889,760,75.45,1801,38.09
07-02-2025,Mettur,120,93470,102.82,63523,893,475,105.82,68262,67.96
07-02-2025,Papanasam,143,5500,92.63,1857,193,175,97.31,2101,33.76
07-02-2025,Vaigai,71,6091,21.42,305,889,925,21.97,325,5.01
08-02-2025,Amaravathi,90,4047,48.96,883,75,48,50.53,956,21.82
08-02-2025,Bhavanisagar,105,32800,63.72,9411,838,705,60.16,8150,28.69
08-02-2025,Manimuthar,118,5511,81.9,2212,85,50,78.2,1970,40.14
08-02-2025,Mettur,120,93470,103.3,64269,343,171,103.44,64484,68.76
08-02-2025,Papanasam,143,5500,94.09,1931,214,139,89.99,1728,35.11
08-02-2025,Vaigai,71,6091,21.42,305,385,328,21.42,305,5.01
09-02-2025,Amaravathi,90,4047,48.99,885,503,514,48.69,871,21.87
09-02-2025,Bhavanisagar,105,32800,64.26,9611,209,167,64.61,9741,29.3
09-02-2025,Manimuthar,118,5511,81.43,2180,418,432,82.51,2253,39.56
09-02-2025,Mettur,120,93470,103.44,64482,1645,826,100.22,59584,68.99
09-02-2025,Papanasam,143,5500,91.43,1798,58,59,92.06,1829,32.69
09-02-2025,Vaigai,71,6091,21.42,305,866,610,21.42,305,5.01
10-02-2025,Amaravathi,90,4047,48.43,860,3487,3751,47.42,816,21.25
10-02-2025,Bhavanisagar,105,32800,62.89,9106,300,320,65.4,10042,27.76
10-02-2025,Manimuthar,118,5511,79.62,2061,1879,1533,75.55,1808,37.4
10-02-2025,Mettur,120,93470,104.25,65745,1215,838,99.07,57893,70.34
10-02-2025,Papanasam,143,5500,94.54,1955,361,255,92.12,1832,35.55
10-02-2025,Vaigai,71,6091,21.42,305,452,478,21.74,316,5.01
11-02-2025,Amaravathi,90,4047,48.8,876,67,67,46.84,791,21.65
11-02-2025,Bhavanisagar,105,32800,63.52,9337,100,79,60.85,8387,28.47
11-02-2025,Manimuthar,118,5511,83.53,2323,194,107,81.79,2204,42.15
11-02-2025,Mettur,120,93470,101.71,61822,1664,1144,105.15,67180,66.14
11-02-2025,Papanasam,143,5500,89.28,1694,714,688,91.12,1783,30.8
11-02-2025,Vaigai,71,6091,21.42,305,317,268,21.54,309,5.01
12-02-2025,Amaravathi,90,4047,47.41,815,66,48,47.84,834,20.14
12-02-2025,Bhavanisagar,105,32800,64.12,9560,3445,2050,64.03,9524,29.15
12-02-2025,Manimuthar,118,5511,81.65,2195,443,302,77.95,1954,39.83
12-02-2025,Mettur,120,93470,102.61,63198,2001,1521,107.48,70970,67.61
12-02-2025,Papanasam,143,5500,91.51,1802,313,255,95.14,1986,32.76
12-02-2025,Vaigai,71,6091,21.42,305,608,565,21.42,305,5.01
13-02-2025,Amaravathi,90,4047,47.85,834,1244,1043,47.55,821,20.61
13-02-2025,Bhavanisagar,105,32800,65.32,10010,124,94,63.51,9334,30.52
13-02-2025,Manimuthar,118,5511,82.91,2280,438,385,83.27,2305,41.37
13-02-2025,Mettur,120,93470,104.63,66360,84,76,104.56,66236,71
13-02-2025,Papanasam,143,5500,95.26,1992,213,201,96.91,2080,36.22
13-02-2025,Vaigai,71,6091,21.42,305,1373,1233,21.88,321,5.01
14-02-2025,Amaravathi,90,4047,48.32,855,333,266,47.37,813,21.13
14-02-2025,Bhavanisagar,105,32800,62.51,8968,1968,1031,65.5,10082,27.34
14-02-2025,Manimuthar,118,5511,80.35,2109,716,464,80.56,2122,38.27
14-02-2025,Mettur,120,93470,103.82,65069,441,387,106.31,69049,69.61
14-02-2025,Papanasam,143,5500,93.53,1903,2310,1389,96.29,2046,34.6
14-02-2025,Vaigai,71,6091,21.42,305,591,532,21.42,305,5.01
15-02-2025,Amaravathi,90,4047,48.6,867,1884,1556,47.03,799,21.42
15-02-2025,Bhavanisagar,105,32800,63.38,9286,1401,726,66.79,10587,28.31
15-02-2025,Manimuthar,118,5511,81.77,2203,765,466,79.33,2042,39.97
15-02-2025,Mettur,120,93470,105.58,67862,3044,2911,111.07,77039,72.6
15-02-2025,Papanasam,143,5500,92.52,1852,722,529,96.23,2043,33.67
15-02-2025,Vaigai,71,6091,21.42,305,1210,660,22.46,343,5.01
16-02-2025,Amaravathi,90,4047,49.6,912,1713,1429,47.8,832,22.54
16-02-2025,Bhavanisagar,105,32800,64.78,9806,673,458,63.7,9402,29.9
16-02-2025,Manimuthar,118,5511,81.33,2174,223,120,79.83,2074,39.45
16-02-2025,Mettur,120,93470,106.01,68570,1091,740,100.8,60452,73.36
16-02-2025,Papanasam,143,5500,91.11,1782,3,2,87.93,1631,32.4
16-02-2025,Vaigai,71,6091,21.42,305,3271,2824,21.42,305,5.01
17-02-2025,Amaravathi,90,4047,47.21,807,1674,1292,48.47,861,19.94
17-02-2025,Bhavanisagar,105,32800,64.03,9523,526,562,62.03,8798,29.03
17-02-2025,Manimuthar,118,5511,84.5,2391,940,1005,88.01,2648,43.39
17-02-2025,Mettur,120,93470,105,66948,44,31,110.54,76123,71.63
17-02-2025,Papanasam,143,5500,92.82,1867,1610,952,94.25,1940,33.95
17-02-2025,Vaigai,71,6091,21.42,305,611,641,22.55,346,5.01
18-02-2025,Amaravathi,90,4047,49.38,902,90,66,52.12,1033,22.29
18-02-2025,Bhavanisagar,105,32800,63.59,9362,683,539,65.11,9932,28.54
18-02-2025,Manimuthar,118,5511,81.14,2161,1421,1521,78.45,1986,39.21
18-02-2025,Mettur,120,93470,105.96,68485,624,474,105.42,67616,73.27
18-02-2025,Papanasam,143,5500,92.81,1866,13,13,95.24,1991,33.93
18-02-2025,Vaigai,71,6091,21.42,305,2356,1548,21.42,305,5.01
19-02-2025,Amaravathi,90,4047,48.05,843,292,203,48.91,881,20.83
19-02-2025,Bhavanisagar,105,32800,64.62,9747,188,158,62.36,8915,29.72
19-02-2025,Manimuthar,118,5511,82.98,2286,880,956,78.85,2012,41.48
19-02-2025,Mettur,120,93470,103.07,63900,415,220,106.3,69029,68.36
19-02-2025,Papanasam,143,5500,94.84,1970,89,72,92.41,1847,35.82
19-02-2025,Vaigai,71,6091,21.42,305,339,245,21.73,316,5.01
20-02-2025,Amaravathi,90,4047,48.69,871,1273,1208,48.75,874,21.52
20-02-2025,Bhavanisagar,105,32800,63.05,9166,1780,1896,63.19,9217,27.95
20-02-2025,Manimuthar,118,5511,82.19,2231,520,564,80.99,2151,40.48
20-02-2025,Mettur,120,93470,101.93,62149,484,480,106.08,68681,66.49
20-02-2025,Papanasam,143,5500,92.67,1859,3238,3284,95.21,1990,33.8
20-02-2025,Vaigai,71,6091,21.42,305,1293,1217,22.21,333,5.01
21-02-2025,Amaravathi,90,4047,48.18,849,119,99,50.7,964,20.98
21-02-2025,Bhavanisagar,105,32800,62.64,9015,45,29,63.78,9432,27.48
21-02-2025,Manimuthar,118,5511,82.37,2243,434,222,77.48,1926,40.7
21-02-2025,Mettur,120,93470,105.02,66965,575,591,101.34,61255,71.64
21-02-2025,Papanasam,143,5500,92.04,1828,2080,1445,94.56,1956,33.24
21-02-2025,Vaigai,71,6091,21.42,305,776,412,21.42,305,5.01
22-02-2025,Amaravathi,90,4047,49.4,903,1417,1200,50.26,943,22.31
22-02-2025,Bhavanisagar,105,32800,63.21,9223,686,731,62.42,8936,28.12
22-02-2025,Manimuthar,118,5511,82.08,2224,2003,1869,78.06,1961,40.36
22-02-2025,Mettur,120,93470,102.07,62363,1019,881,99.51,58533,66.72
22-02-2025,Papanasam,143,5500,93.13,1882,1200,613,91.55,1804,34.22
22-02-2025,Vaigai,71,6091,21.42,305,915,929,22.46,343,5.01
23-02-2025,Amaravathi,90,4047,48.3,854,362,393,50.34,947,21.1
23-02-2025,Bhavanisagar,105,32800,63.81,9442,646,426,63.46,9315,28.79
23-02-2025,Manimuthar,118,5511,81.55,2188,322,311,81.8,2205,39.7
23-02-2025,Mettur,120,93470,104.61,66323,1207,832,106.41,69205,70.96
23-02-2025,Papanasam,143,5500,92.5,1851,1406,872,92.33,1843,33.65
23-02-2025,Vaigai,71,6091,21.42,305,1611,1325,21.46,306,5.01
24-02-2025,Amaravathi,90,4047,48.95,883,351,273,48.44,860,21.82
24-02-2025,Bhavanisagar,105,32800,65.86,10220,572,528,69.21,11570,31.16
24-02-2025,Manimuthar,118,5511,82.08,2224,2823,2226,83.79,2342,40.36
24-02-2025,Mettur,120,93470,102.47,62981,452,419,98.67,57298,67.38
24-02-2025,Papanasam,143,5500,90.77,1766,841,501,93.73,1913,32.11
24-02-2025,Vaigai,71,6091,21.42,305,2119,2063,22.44,342,5.01
25-02-2025,Amaravathi,90,4047,49.14,891,188,155,46.2,764,22.02
25-02-2025,Bhavanisagar,105,32800,63.62,9375,617,510,61.01,8442,28.58
25-02-2025,Manimuthar,118,5511,82.74,2269,457,291,81,2151,41.17
25-02-2025,Mettur,120,93470,103.44,64480,412,220,98.44,56965,68.98
25-02-2025,Papanasam,143,5500,90.87,1770,735,548,95.29,1994,32.18
25-02-2025,Vaigai,71,6091,21.42,305,1663,942,22.16,331,5.01
26-02-2025,Amaravathi,90,4047,48.2,849,1300,1103,48.91,881,20.98
26-02-2025,Bhavanisagar,105,32800,63.81,9443,1286,1402,67.09,10705,28.79
26-02-2025,Manimuthar,118,5511,81.86,2209,1724,1377,80.41,2113,40.08
26-02-2025,Mettur,120,93470,104.98,66916,652,430,109.09,73650,71.59
26-02-2025,Papanasam,143,5500,91.32,1792,1908,1507,89.76,1717,32.58
26-02-2025,Vaigai,71,6091,21.42,305,181,178,21.71,315,5.01
27-02-2025,Amaravathi,90,4047,48.23,851,888,745,48.88,880,21.03
27-02-2025,Bhavanisagar,105,32800,64.22,9595,1097,847,64.53,9712,29.25
27-02-2025,Manimuthar,118,5511,80.39,2111,4,2,81.4,2178,38.31
27-02-2025,Mettur,120,93470,103.61,64742,611,453,103.99,65342,69.27
27-02-2025,Papanasam,143,5500,90.56,1755,707,694,88.47,1656,31.91
27-02-2025,Vaigai,71,6091,21.42,305,1030,906,21.42,305,5.01
28-02-2025,Amaravathi,90,4047,48.07,844,717,475,46.56,779,20.85
28-02-2025,Bhavanisagar,105,32800,63.67,9392,1705,1343,62.69,9035,28.63
28-02-2025,Manimuthar,118,5511,82.01,2219,1119,1114,86.06,2504,40.26
28-02-2025,Mettur,120,93470,102.31,62740,813,411,101.87,62064,67.12
28-02-2025,Papanasam,143,5500,91.01,1777,189,148,86.1,1547,32.31
28-02-2025,Vaigai,71,6091,21.42,305,2066,1676,21.44,305,5.01
01-03-2025,Amaravathi,90,4047,44.53,697,148,151,45.8,748,17.22
01-03-2025,Bhavanisagar,105,32800,63.09,9181,159,165,64.39,9660,27.99
01-03-2025,Manimuthar,118,5511,79.21,2034,58,31,75.51,1805,36.91
01-03-2025,Mettur,120,93470,97.94,56250,860,590,101.08,60874,60.18
01-03-2025,Papanasam,143,5500,87.2,1597,521,354,91.29,1791,29.04
01-03-2025,Vaigai,71,6091,21.42,305,1236,777,21.49,307,5.01
02-03-2025,Amaravathi,90,4047,45.93,753,818,608,44.59,699,18.61
02-03-2025,Bhavanisagar,105,32800,59.92,8068,762,426,60.66,8320,24.6
02-03-2025,Manimuthar,118,5511,76.24,1849,452,283,74.25,1731,33.55
02-03-2025,Mettur,120,93470,98.89,57622,1126,915,104.31,65850,61.65
02-03-2025,Papanasam,143,5500,89.91,1724,72,73,88.56,1660,31.35
02-03-2025,Vaigai,71,6091,21.42,305,209,199,21.59,310,5.01
03-03-2025,Amaravathi,90,4047,46.24,766,1081,733,45.83,749,18.93
03-03-2025,Bhavanisagar,105,32800,57.35,7231,675,373,56.87,7082,22.05
03-03-2025,Manimuthar,118,5511,75.14,1783,619,462,72.06,1606,32.35
03-03-2025,Mettur,120,93470,99.11,57950,97,63,93.11,49563,62
03-03-2025,Papanasam,143,5500,87.49,1610,83,82,89.37,1698,29.27
03-03-2025,Vaigai,71,6091,21.42,305,605,442,21.8,318,5.01
04-03-2025,Amaravathi,90,4047,45.16,722,156,88,46.34,770,17.84
04-03-2025,Bhavanisagar,105,32800,60.93,8415,146,159,61.38,8569,25.66
04-03-2025,Manimuthar,118,5511,78.97,2019,58,37,74.6,1751,36.64
04-03-2025,Mettur,120,93470,98.97,57738,263,253,99.18,58049,61.77
04-03-2025,Papanasam,143,5500,87.87,1628,24,13,89.28,1694,29.6
04-03-2025,Vaigai,71,6091,21.42,305,1815,1361,21.42,305,5.01
05-03-2025,Amaravathi,90,4047,46.21,765,4125,2252,46.06,758,18.9
05-03-2025,Bhavanisagar,105,32800,58.91,7732,75,81,57.37,7237,23.57
05-03-2025,Manimuthar,118,5511,78.81,2009,315,230,81.72,2199,36.45
05-03-2025,Mettur,120,93470,95.6,52953,1,0,97.26,55280,56.65
05-03-2025,Papanasam,143,5500,88.85,1674,968,867,91.62,1807,30.44
05-03-2025,Vaigai,71,6091,21.42,305,58,46,21.42,305,5.01
06-03-2025,Amaravathi,90,4047,45.07,718,1231,1198,46.44,774,17.74
06-03-2025,Bhavanisagar,105,32800,61.49,8609,418,371,57.82,7382,26.25
06-03-2025,Manimuthar,118,5511,77.76,1943,191,109,77.77,1944,35.26
06-03-2025,Mettur,120,93470,95.17,52356,2779,2801,89.48,44873,56.01
06-03-2025,Papanasam,143,5500,88.2,1643,650,426,92.41,1846,29.87
06-03-2025,Vaigai,71,6091,21.42,305,674,483,21.71,315,5.01
07-03-2025,Amaravathi,90,4047,45.02,716,686,743,44.07,679,17.69
07-03-2025,Bhavanisagar,105,32800,60.35,8216,247,132,57.83,7384,25.05
07-03-2025,Manimuthar,118,5511,78.67,2000,951,507,77.99,1957,36.29
07-03-2025,Mettur,120,93470,98.21,56645,1152,892,97,54911,60.6
07-03-2025,Papanasam,143,5500,86.91,1584,991,749,81.72,1358,28.8
07-03-2025,Vaigai,71,6091,21.42,305,2645,2442,21.42,305,5.01
08-03-2025,Amaravathi,90,4047,43.76,667,1950,1290,46.23,765,16.48
08-03-2025,Bhavanisagar,105,32800,61.67,8672,1713,1561,59.78,8021,26.44
08-03-2025,Manimuthar,118,5511,79.41,2047,207,197,82.85,2276,37.14
08-03-2025,Mettur,120,93470,98.34,56829,274,147,95.05,52196,60.8
08-03-2025,Papanasam,143,5500,86.88,1583,51,45,91.54,1803,28.78
08-03-2025,Vaigai,71,6091,21.42,305,120,70,21.42,305,5.01
09-03-2025,Amaravathi,90,4047,45.19,723,722,479,43.94,674,17.87
09-03-2025,Bhavanisagar,105,32800,60.38,8225,645,479,59.38,7889,25.08
09-03-2025,Manimuthar,118,5511,76.32,1854,222,124,74.66,1755,33.64
09-03-2025,Mettur,120,93470,97.71,55922,1045,819,92.3,48504,59.83
09-03-2025,Papanasam,143,5500,87.55,1613,291,190,82.28,1381,29.33
09-03-2025,Vaigai,71,6091,21.42,305,1338,1304,22.37,340,5.01
10-03-2025,Amaravathi,90,4047,47.21,807,91,51,46.34,770,19.94
10-03-2025,Bhavanisagar,105,32800,59.7,7996,185,166,62.94,9125,24.38
10-03-2025,Manimuthar,118,5511,76.66,1874,587,636,75.72,1818,34
10-03-2025,Mettur,120,93470,94.84,51897,2405,2562,98,56337,55.52
10-03-2025,Papanasam,143,5500,91.55,1804,242,186,88.14,1640,32.8
10-03-2025,Vaigai,71,6091,21.42,305,2598,1983,22.54,346,5.01
11-03-2025,Amaravathi,90,4047,46.04,757,82,82,46.59,780,18.71
11-03-2025,Bhavanisagar,105,32800,60.57,8291,419,321,58.75,7680,25.28
11-03-2025,Manimuthar,118,5511,76.23,1848,144,88,78.57,1994,33.53
11-03-2025,Mettur,120,93470,97.94,56246,2500,1363,96.34,53980,60.18
11-03-2025,Papanasam,143,5500,87.32,1602,1710,1816,88.54,1659,29.13
11-03-2025,Vaigai,71,6091,21.42,305,870,793,22.43,342,5.01
12-03-2025,Amaravathi,90,4047,46.71,785,2462,2220,44.84,709,19.4
12-03-2025,Bhavanisagar,105,32800,58.81,7701,1325,1048,59.12,7802,23.48
12-03-2025,Manimuthar,118,5511,76.36,1856,47,51,76.57,1869,33.68
12-03-2025,Mettur,120,93470,98.32,56795,194,119,93.94,50674,60.76
12-03-2025,Papanasam,143,5500,86.16,1550,41,38,81.98,1369,28.18
12-03-2025,Vaigai,71,6091,21.42,305,354,301,21.42,305,5.01
13-03-2025,Amaravathi,90,4047,47.33,812,21,10,45.15,721,20.06
13-03-2025,Bhavanisagar,105,32800,59.13,7806,68,63,56.91,7094,23.8
13-03-2025,Manimuthar,118,5511,73.95,1713,890,696,72.41,1625,31.08
13-03-2025,Mettur,120,93470,100.19,59541,656,385,103.83,65099,63.7
13-03-2025,Papanasam,143,5500,88.7,1666,983,1052,91.18,1785,30.29
13-03-2025,Vaigai,71,6091,21.42,305,560,554,21.42,305,5.01
14-03-2025,Amaravathi,90,4047,45.23,725,220,166,45.16,722,17.91
14-03-2025,Bhavanisagar,105,32800,59.54,7941,890,653,58.93,7740,24.21
14-03-2025,Manimuthar,118,5511,77.98,1956,234,246,75.98,1834,35.49
14-03-2025,Mettur,120,93470,98.91,57649,767,562,100.94,60661,61.68
14-03-2025,Papanasam,143,5500,88.01,1634,898,590,92.33,1842,29.71
14-03-2025,Vaigai,71,6091,21.42,305,569,354,21.42,305,5.01
15-03-2025,Amaravathi,90,4047,45.9,752,689,466,43.09,642,18.58
15-03-2025,Bhavanisagar,105,32800,57.6,7312,80,54,58.72,7671,22.29
15-03-2025,Manimuthar,118,5511,74.17,1726,68,41,71.33,1566,31.32
15-03-2025,Mettur,120,93470,96.41,54072,1896,1278,96.06,53586,57.85
15-03-2025,Papanasam,143,5500,85.66,1527,1332,667,88.97,1680,27.76
15-03-2025,Vaigai,71,6091,21.42,305,672,348,21.42,305,5.01
16-03-2025,Amaravathi,90,4047,44.83,709,61,44,42.91,635,17.52
16-03-2025,Bhavanisagar,105,32800,59.59,7959,832,558,59.3,7863,24.27
16-03-2025,Manimuthar,118,5511,75.85,1825,899,668,78.35,1980,33.12
16-03-2025,Mettur,120,93470,95.57,52905,1678,1551,90.33,45956,56.6
16-03-2025,Papanasam,143,5500,86.28,1555,231,238,88.23,1645,28.27
16-03-2025,Vaigai,71,6091,21.42,305,606,518,21.42,305,5.01
17-03-2025,Amaravathi,90,4047,46.77,788,602,384,45.89,751,19.47
17-03-2025,Bhavanisagar,105,32800,59.54,7940,17,17,57.41,7251,24.21
17-03-2025,Manimuthar,118,5511,75.74,1819,629,594,76.94,1892,33.01
17-03-2025,Mettur,120,93470,96.36,54009,109,117,96.7,54489,57.78
17-03-2025,Papanasam,143,5500,85.01,1499,46,45,81.55,1351,27.25
17-03-2025,Vaigai,71,6091,21.42,305,973,563,21.66,313,5.01
18-03-2025,Amaravathi,90,4047,44.34,689,723,734,45.65,742,17.02
18-03-2025,Bhavanisagar,105,32800,59.5,7928,196,130,56.74,7042,24.17
18-03-2025,Manimuthar,118,5511,77.92,1953,696,656,73.6,1693,35.44
18-03-2025,Mettur,120,93470,101.6,61653,210,168,103.76,64975,65.96
18-03-2025,Papanasam,143,5500,89.19,1690,353,303,89,1681,30.73
18-03-2025,Vaigai,71,6091,21.42,305,847,442,22.31,337,5.01
19-03-2025,Amaravathi,90,4047,43.76,667,345,354,41.23,575,16.48
19-03-2025,Bhavanisagar,105,32800,59.46,7914,109,96,58.3,7533,24.13
19-03-2025,Manimuthar,118,5511,75.71,1817,644,415,78.7,2002,32.97
19-03-2025,Mettur,120,93470,97.55,55695,1250,969,98.1,56473,59.59
19-03-2025,Papanasam,143,5500,86.29,1556,99,100,81.22,1337,28.29
19-03-2025,Vaigai,71,6091,21.42,305,762,691,22.19,333,5.01
20-03-2025,Amaravathi,90,4047,46.23,765,3360,3019,47.21,807,18.9
20-03-2025,Bhavanisagar,105,32800,60.41,8234,935,780,58.6,7632,25.1
20-03-2025,Manimuthar,118,5511,78.38,1982,497,440,81.07,2156,35.96
20-03-2025,Mettur,120,93470,97.25,55257,430,226,93.22,49716,59.12
20-03-2025,Papanasam,143,5500,86.39,1560,2867,1775,82.2,1378,28.36
20-03-2025,Vaigai,71,6091,21.42,305,825,574,21.42,305,5.01
21-03-2025,Amaravathi,90,4047,45.64,741,503,283,44.4,692,18.31
21-03-2025,Bhavanisagar,105,32800,59.25,7845,584,445,57.56,7299,23.92
21-03-2025,Manimuthar,118,5511,77.48,1925,122,123,78.57,1994,34.93
21-03-2025,Mettur,120,93470,95.25,52470,38,38,100.53,60044,56.14
21-03-2025,Papanasam,143,5500,85.64,1527,701,708,80.79,1320,27.76
21-03-2025,Vaigai,71,6091,21.42,305,930,1019,21.9,322,5.01
22-03-2025,Amaravathi,90,4047,45.17,722,1679,1393,44.7,703,17.84
22-03-2025,Bhavanisagar,105,32800,60.53,8277,704,720,64.01,9516,25.23
22-03-2025,Manimuthar,118,5511,77.77,1944,714,751,75.37,1797,35.27
22-03-2025,Mettur,120,93470,97.41,55495,1197,1211,94.32,51199,59.37
22-03-2025,Papanasam,143,5500,87.15,1595,1222,900,83.48,1432,29
22-03-2025,Vaigai,71,6091,21.42,305,26,25,21.42,305,5.01
23-03-2025,Amaravathi,90,4047,45.72,744,922,800,45.77,747,18.38
23-03-2025,Bhavanisagar,105,32800,58.48,7594,193,126,58.34,7547,23.15
23-03-2025,Manimuthar,118,5511,77.17,1906,1056,811,78.39,1982,34.59
23-03-2025,Mettur,120,93470,94.92,52015,436,373,89.86,45353,55.65
23-03-2025,Papanasam,143,5500,86.02,1544,474,469,88.31,1648,28.07
23-03-2025,Vaigai,71,6091,21.42,305,237,179,21.42,305,5.01
24-03-2025,Amaravathi,90,4047,45.23,725,432,369,43.75,667,17.91
24-03-2025,Bhavanisagar,105,32800,62,8790,347,363,61.01,8442,26.8
24-03-2025,Manimuthar,118,5511,74.69,1756,457,395,77.49,1926,31.86
24-03-2025,Mettur,120,93470,98.74,57400,740,805,94.96,52063,61.41
24-03-2025,Papanasam,143,5500,87.01,1588,509,517,82.9,1407,28.87
24-03-2025,Vaigai,71,6091,21.42,305,762,752,21.42,305,5.01
25-03-2025,Amaravathi,90,4047,45.66,742,283,217,47.3,810,18.33
25-03-2025,Bhavanisagar,105,32800,58.58,7625,1376,1225,59.37,7886,23.25
25-03-2025,Manimuthar,118,5511,77.85,1948,1176,903,76.17,1845,35.35
25-03-2025,Mettur,120,93470,98.67,57305,1076,642,98.4,56908,61.31
25-03-2025,Papanasam,143,5500,88.32,1649,596,539,88.96,1679,29.98
25-03-2025,Vaigai,71,6091,21.42,305,843,877,21.42,305,5.01
26-03-2025,Amaravathi,90,4047,46.09,760,133,89,47.07,800,18.78
26-03-2025,Bhavanisagar,105,32800,58.44,7579,309,306,55.05,6529,23.11
26-03-2025,Manimuthar,118,5511,75.72,1818,10,9,74.13,1724,32.99
26-03-2025,Mettur,120,93470,97.93,56242,962,623,99.57,58614,60.17
26-03-2025,Papanasam,143,5500,87.84,1627,333,280,85.23,1508,29.58
26-03-2025,Vaigai,71,6091,21.42,305,1457,1183,21.73,316,5.01
27-03-2025,Amaravathi,90,4047,46.41,773,106,101,43.91,673,19.1
27-03-2025,Bhavanisagar,105,32800,60.22,8169,386,308,61.41,8580,24.91
27-03-2025,Manimuthar,118,5511,75.04,1777,524,482,77.43,1922,32.24
27-03-2025,Mettur,120,93470,96.13,53692,632,608,96.12,53674,57.44
27-03-2025,Papanasam,143,5500,84.08,1458,99,68,87.53,1612,26.51
27-03-2025,Vaigai,71,6091,21.42,305,195,127,21.43,305,5.01
28-03-2025,Amaravathi,90,4047,45,715,9,9,45.44,733,17.67
28-03-2025,Bhavanisagar,105,32800,61.38,8569,9,9,60.98,8432,26.12
28-03-2025,Manimuthar,118,5511,75.3,1793,378,339,77.26,1912,32.53
28-03-2025,Mettur,120,93470,98.75,57426,9,4,97.04,54963,61.44
28-03-2025,Papanasam,143,5500,86.16,1550,364,345,82.7,1399,28.18
28-03-2025,Vaigai,71,6091,21.42,305,1272,1203,21.65,313,5.01
29-03-2025,Amaravathi,90,4047,44.5,696,729,587,47.01,798,17.2
29-03-2025,Bhavanisagar,105,32800,59.16,7816,439,350,58.47,7590,23.83
29-03-2025,Manimuthar,118,5511,76.23,1848,1710,1549,77.56,1931,33.53
29-03-2025,Mettur,120,93470,95.58,52924,294,296,98.15,56557,56.62
29-03-2025,Papanasam,143,5500,85.34,1513,113,98,86.43,1562,27.51
29-03-2025,Vaigai,71,6091,21.42,305,2736,2287,21.42,305,5.01
30-03-2025,Amaravathi,90,4047,44.97,714,3106,2736,44.66,702,17.64
30-03-2025,Bhavanisagar,105,32800,59.74,8008,862,648,62.92,9117,24.41
30-03-2025,Manimuthar,118,5511,76.64,1873,46,45,77.24,1911,33.99
30-03-2025,Mettur,120,93470,98.99,57772,76,57,93.14,49611,61.81
30-03-2025,Papanasam,143,5500,86.61,1570,182,142,90.27,1741,28.55
30-03-2025,Vaigai,71,6091,21.42,305,198,171,21.48,307,5.01
31-03-2025,Amaravathi,90,4047,47.21,806,81,56,44.7,704,19.92
31-03-2025,Bhavanisagar,105,32800,61.56,8632,88,64,60.34,8210,26.32
31-03-2025,Manimuthar,118,5511,78.12,1965,29,27,74.34,1736,35.66
31-03-2025,Mettur,120,93470,101.62,61679,95,63,100.36,59789,65.99
31-03-2025,Papanasam,143,5500,86.18,1551,2970,2571,85.87,1537,28.2
31-03-2025,Vaigai,71,6091,21.42,305,54,38,22.5,344,5.01
01-04-2025,Amaravathi,90,4047,41.86,597,45,27,41.79,594,14.75
01-04-2025,Bhavanisagar,105,32800,55.93,6792,505,513,52.98,5933,20.71
01-04-2025,Manimuthar,118,5511,68.45,1412,317,313,70.03,1495,25.62
01-04-2025,Mettur,120,93470,89.65,45092,1511,1655,84.54,38936,48.24
01-04-2025,Papanasam,143,5500,80.33,1301,337,284,76.23,1141,23.65
01-04-2025,Vaigai,71,6091,21.42,305,1190,798,21.42,305,5.01
02-04-2025,Amaravathi,90,4047,41.88,598,245,134,42.13,607,14.78
02-04-2025,Bhavanisagar,105,32800,56.23,6883,469,468,53.61,6109,20.98
02-04-2025,Manimuthar,118,5511,71.12,1554,2083,1860,68.71,1426,28.2
02-04-2025,Mettur,120,93470,88.81,44040,299,284,93.11,49568,47.12
02-04-2025,Papanasam,143,5500,80.39,1303,121,101,76.73,1160,23.69
02-04-2025,Vaigai,71,6091,21.42,305,687,741,21.42,305,5.01
03-04-2025,Amaravathi,90,4047,43.36,652,189,164,45.74,745,16.11
03-04-2025,Bhavanisagar,105,32800,54,6221,83,69,56.78,7054,18.97
03-04-2025,Manimuthar,118,5511,70.52,1522,263,285,68.13,1396,27.62
03-04-2025,Mettur,120,93470,92.83,49191,1808,1530,91.21,47082,52.63
03-04-2025,Papanasam,143,5500,81.2,1336,10,8,82.63,1396,24.29
03-04-2025,Vaigai,71,6091,21.42,305,38,39,21.42,305,5.01
04-04-2025,Amaravathi,90,4047,41.75,593,384,415,43.08,641,14.65
04-04-2025,Bhavanisagar,105,32800,53.13,5973,559,591,55.21,6577,18.21
04-04-2025,Manimuthar,118,5511,67.51,1364,877,894,66.2,1299,24.75
04-04-2025,Mettur,120,93470,88.73,43948,498,356,90.38,46013,47.02
04-04-2025,Papanasam,143,5500,77.7,1197,554,295,78.71,1236,21.76
04-04-2025,Vaigai,71,6091,21.42,305,1705,1056,21.42,305,5.01
05-04-2025,Amaravathi,90,4047,41.67,590,1371,960,44.03,678,14.58
05-04-2025,Bhavanisagar,105,32800,54.31,6311,3240,1663,51.69,5578,19.24
05-04-2025,Manimuthar,118,5511,72.97,1657,647,536,70.99,1547,30.07
05-04-2025,Mettur,120,93470,91.77,47804,164,100,96.21,53802,51.14
05-04-2025,Papanasam,143,5500,80.66,1314,484,432,84.36,1470,23.89
05-04-2025,Vaigai,71,6091,21.42,305,401,308,21.42,305,5.01
06-04-2025,Amaravathi,90,4047,43.01,639,898,737,44.51,696,15.79
06-04-2025,Bhavanisagar,105,32800,56.89,7086,201,129,58.8,7696,21.6
06-04-2025,Manimuthar,118,5511,71.43,1571,100,98,67.58,1368,28.51
06-04-2025,Mettur,120,93470,90.19,45775,149,77,84.94,39403,48.97
06-04-2025,Papanasam,143,5500,79.42,1264,30,30,79.33,1261,22.98
06-04-2025,Vaigai,71,6091,21.42,305,795,744,21.42,305,5.01
07-04-2025,Amaravathi,90,4047,42.6,624,543,373,42.91,635,15.42
07-04-2025,Bhavanisagar,105,32800,55.93,6791,34,24,55.96,6803,20.7
07-04-2025,Manimuthar,118,5511,68.06,1393,59,41,64.83,1233,25.28
07-04-2025,Mettur,120,93470,88.16,43244,115,117,85.81,40422,46.27
07-04-2025,Papanasam,143,5500,80.38,1303,1011,695,79.39,1263,23.69
07-04-2025,Vaigai,71,6091,21.42,305,1552,931,21.42,305,5.01
08-04-2025,Amaravathi,90,4047,43.18,645,2401,1792,44.51,696,15.94
08-04-2025,Bhavanisagar,105,32800,57.48,7273,262,227,58.06,7459,22.17
08-04-2025,Manimuthar,118,5511,66.82,1330,767,822,68.81,1431,24.13
08-04-2025,Mettur,120,93470,90.38,46014,344,291,90.56,46245,49.23
08-04-2025,Papanasam,143,5500,80.98,1327,55,55,83.76,1444,24.13
08-04-2025,Vaigai,71,6091,21.42,305,107,56,21.42,305,5.01
09-04-2025,Amaravathi,90,4047,42.08,605,63,60,41.43,582,14.95
09-04-2025,Bhavanisagar,105,32800,55.97,6806,475,420,54.32,6314,20.75
09-04-2025,Manimuthar,118,5511,69.99,1493,118,125,69.08,1445,27.09
09-04-2025,Mettur,120,93470,91.35,47265,853,571,89.72,45181,50.57
09-04-2025,Papanasam,143,5500,80.5,1308,227,161,75.93,1130,23.78
09-04-2025,Vaigai,71,6091,21.42,305,362,234,21.42,305,5.01
10-04-2025,Amaravathi,90,4047,41.85,597,565,322,43.9,672,14.75
10-04-2025,Bhavanisagar,105,32800,55.42,6638,1101,1013,57.29,7214,20.24
10-04-2025,Manimuthar,118,5511,66.63,1320,197,204,65.27,1254,23.95
10-04-2025,Mettur,120,93470,89.77,45243,909,714,89.74,45210,48.4
10-04-2025,Papanasam,143,5500,80.02,1288,60,36,83.25,1422,23.42
10-04-2025,Vaigai,71,6091,21.42,305,783,408,21.42,305,5.01
11-04-2025,Amaravathi,90,4047,41.59,587,48,50,42.6,624,14.5
11-04-2025,Bhavanisagar,105,32800,53.41,6052,259,192,52.72,5859,18.45
11-04-2025,Manimuthar,118,5511,69.58,1471,518,333,72,1603,26.69
11-04-2025,Mettur,120,93470,92.03,48146,137,117,88.46,43613,51.51
11-04-2025,Papanasam,143,5500,79.4,1264,507,446,76.34,1145,22.98
11-04-2025,Vaigai,71,6091,21.42,305,391,239,21.42,305,5.01
12-04-2025,Amaravathi,90,4047,40.95,565,810,697,41.78,594,13.96
12-04-2025,Bhavanisagar,105,32800,55.59,6690,109,57,57.41,7251,20.4
12-04-2025,Manimuthar,118,5511,69.75,1480,686,632,70.27,1508,26.86
12-04-2025,Mettur,120,93470,91.96,48055,139,75,87.01,41842,51.41
12-04-2025,Papanasam,143,5500,80.36,1302,444,465,83.59,1437,23.67
12-04-2025,Vaigai,71,6091,21.42,305,1906,1048,21.79,318,5.01
13-04-2025,Amaravathi,90,4047,40.38,546,295,233,42.65,626,13.49
13-04-2025,Bhavanisagar,105,32800,55.45,6648,174,173,56.78,7054,20.27
13-04-2025,Manimuthar,118,5511,72.54,1633,550,464,68.75,1428,29.63
13-04-2025,Mettur,120,93470,89.29,44638,1695,1363,88.31,43425,47.76
13-04-2025,Papanasam,143,5500,80.33,1301,788,741,76.38,1147,23.65
13-04-2025,Vaigai,71,6091,21.42,305,2150,2336,21.42,305,5.01
14-04-2025,Amaravathi,90,4047,41.57,587,207,198,42.86,633,14.5
14-04-2025,Bhavanisagar,105,32800,55.26,6591,650,506,56.12,6849,20.09
14-04-2025,Manimuthar,118,5511,70.37,1514,346,351,66.16,1297,27.47
14-04-2025,Mettur,120,93470,91.05,46879,242,221,93.95,50692,50.15
14-04-2025,Papanasam,143,5500,79.59,1271,5,2,83.11,1416,23.11
14-04-2025,Vaigai,71,6091,21.42,305,1322,1384,21.7,314,5.01
15-04-2025,Amaravathi,90,4047,40.59,553,207,113,38.1,472,13.66
15-04-2025,Bhavanisagar,105,32800,56.17,6867,358,219,56.23,6883,20.94
15-04-2025,Manimuthar,118,5511,74.14,1725,173,99,69.82,1484,31.3
15-04-2025,Mettur,120,93470,90.99,46794,637,376,94.96,52071,50.06
15-04-2025,Papanasam,143,5500,79.81,1280,164,177,80.73,1317,23.27
15-04-2025,Vaigai,71,6091,21.42,305,871,822,21.83,319,5.01
16-04-2025,Amaravathi,90,4047,40.09,536,2673,2089,38.89,497,13.24
16-04-2025,Bhavanisagar,105,32800,57.11,7157,797,715,54.36,6327,21.82
16-04-2025,Manimuthar,118,5511,72.36,1623,75,64,76.4,1859,29.45
16-04-2025,Mettur,120,93470,86.38,41089,332,173,82.38,36502,43.96
16-04-2025,Papanasam,143,5500,80.02,1288,148,161,83.25,1422,23.42
16-04-2025,Vaigai,71,6091,21.42,305,458,294,22.04,327,5.01
17-04-2025,Amaravathi,90,4047,40.45,548,1331,1057,40.93,565,13.54
17-04-2025,Bhavanisagar,105,32800,55.58,6686,765,612,58.12,7476,20.38
17-04-2025,Manimuthar,118,5511,68.92,1437,207,208,72.86,1651,26.08
17-04-2025,Mettur,120,93470,90.82,46573,870,435,89.9,45407,49.83
17-04-2025,Papanasam,143,5500,77.03,1171,15,16,79.03,1249,21.29
17-04-2025,Vaigai,71,6091,21.42,305,384,259,22.18,332,5.01
18-04-2025,Amaravathi,90,4047,41.73,593,1731,1477,40.94,565,14.65
18-04-2025,Bhavanisagar,105,32800,56.28,6898,96,90,52.8,5881,21.03
18-04-2025,Manimuthar,118,5511,68.14,1396,671,675,65.37,1259,25.33
18-04-2025,Mettur,120,93470,88.75,43971,2168,1378,86.63,41388,47.04
18-04-2025,Papanasam,143,5500,80.49,1307,624,393,82.93,1409,23.76
18-04-2025,Vaigai,71,6091,21.42,305,108,96,21.42,305,5.01
19-04-2025,Amaravathi,90,4047,41.18,573,589,616,40.04,534,14.16
19-04-2025,Bhavanisagar,105,32800,52.58,5821,110,93,53.91,6195,17.75
19-04-2025,Manimuthar,118,5511,72.22,1615,361,249,70.3,1510,29.31
19-04-2025,Mettur,120,93470,90.23,45827,217,138,84.57,38973,49.03
19-04-2025,Papanasam,143,5500,78.95,1246,54,42,74.09,1063,22.65
19-04-2025,Vaigai,71,6091,21.42,305,1403,785,21.82,319,5.01
20-04-2025,Amaravathi,90,4047,42.51,621,113,105,43.09,642,15.34
20-04-2025,Bhavanisagar,105,32800,55.72,6729,668,492,52.22,5722,20.52
20-04-2025,Manimuthar,118,5511,70.58,1525,248,213,68.14,1396,27.67
20-04-2025,Mettur,120,93470,91.55,47513,812,819,90.69,46410,50.83
20-04-2025,Papanasam,143,5500,79.22,1256,105,100,74.85,1090,22.84
20-04-2025,Vaigai,71,6091,21.42,305,1849,1868,21.42,305,5.01
21-04-2025,Amaravathi,90,4047,41.96,601,683,485,41.01,567,14.85
21-04-2025,Bhavanisagar,105,32800,56.03,6822,76,62,57.19,7181,20.8
21-04-2025,Manimuthar,118,5511,72.67,1641,156,126,71.88,1596,29.78
21-04-2025,Mettur,120,93470,87.75,42735,216,150,89.94,45461,45.72
21-04-2025,Papanasam,143,5500,78.25,1218,1101,1172,79.88,1283,22.15
21-04-2025,Vaigai,71,6091,21.42,305,4,2,21.42,305,5.01
22-04-2025,Amaravathi,90,4047,40.93,565,326,199,38.4,481,13.96
22-04-2025,Bhavanisagar,105,32800,57.38,7241,442,240,55.2,6572,22.08
22-04-2025,Manimuthar,118,5511,70.56,1524,441,436,73.45,1684,27.65
22-04-2025,Mettur,120,93470,89.2,44524,278,289,92.39,48620,47.63
22-04-2025,Papanasam,143,5500,78.97,1246,389,335,80.54,1309,22.65
22-04-2025,Vaigai,71,6091,21.42,305,476,264,21.42,305,5.01
23-04-2025,Amaravathi,90,4047,42.6,624,2105,1597,44.9,712,15.42
23-04-2025,Bhavanisagar,105,32800,54.69,6422,1099,1027,57.19,7183,19.58
23-04-2025,Manimuthar,118,5511,70.78,1535,161,138,73.71,1699,27.85
23-04-2025,Mettur,120,93470,91.11,46945,2514,2394,89.93,45441,50.22
23-04-2025,Papanasam,143,5500,77.8,1201,484,344,81.33,1342,21.84
23-04-2025,Vaigai,71,6091,21.42,305,228,187,21.83,319,5.01
24-04-2025,Amaravathi,90,4047,42.2,609,134,130,43.6,661,15.05
24-04-2025,Bhavanisagar,105,32800,54.13,6259,520,542,52.94,5922,19.08
24-04-2025,Manimuthar,118,5511,72.06,1606,1399,874,69.93,1490,29.14
24-04-2025,Mettur,120,93470,93.64,50282,49,40,95.95,53440,53.79
24-04-2025,Papanasam,143,5500,79.93,1285,896,480,81.86,1364,23.36
24-04-2025,Vaigai,71,6091,21.42,305,1005,911,22.39,340,5.01
25-04-2025,Amaravathi,90,4047,40.91,564,71,74,39.37,512,13.94
25-04-2025,Bhavanisagar,105,32800,56.07,6835,665,407,56.9,7091,20.84
25-04-2025,Manimuthar,118,5511,70.72,1533,119,73,74.07,1720,27.82
25-04-2025,Mettur,120,93470,92.15,48296,109,105,93.07,49509,51.67
25-04-2025,Papanasam,143,5500,78.5,1228,1027,920,73.7,1049,22.33
25-04-2025,Vaigai,71,6091,21.42,305,357,369,22.33,338,5.01
26-04-2025,Amaravathi,90,4047,42.05,604,1284,1378,41.25,575,14.92
26-04-2025,Bhavanisagar,105,32800,53.98,6215,225,136,56.49,6965,18.95
26-04-2025,Manimuthar,118,5511,73.14,1667,297,261,76.92,1891,30.25
26-04-2025,Mettur,120,93470,91.49,47437,211,195,94.27,51123,50.75
26-04-2025,Papanasam,143,5500,79.1,1252,159,171,80.52,1309,22.76
26-04-2025,Vaigai,71,6091,21.42,305,1620,1505,22.48,344,5.01
27-04-2025,Amaravathi,90,4047,41.98,601,66,40,41.98,601,14.85
27-04-2025,Bhavanisagar,105,32800,54.61,6399,303,196,54.27,6300,19.51
27-04-2025,Manimuthar,118,5511,74.11,1723,111,63,69.77,1482,31.26
27-04-2025,Mettur,120,93470,86.98,41809,64,51,87.07,41920,44.73
27-04-2025,Papanasam,143,5500,78.11,1213,211,223,80.32,1300,22.05
27-04-2025,Vaigai,71,6091,21.42,305,956,827,21.42,305,5.01
28-04-2025,Amaravathi,90,4047,41.51,585,646,448,40.71,557,14.46
28-04-2025,Bhavanisagar,105,32800,56.84,7070,2128,1623,59.22,7836,21.55
28-04-2025,Manimuthar,118,5511,68.6,1420,338,271,70.67,1530,25.77
28-04-2025,Mettur,120,93470,91.4,47323,1054,967,93.71,50366,50.63
28-04-2025,Papanasam,143,5500,78.52,1229,133,143,78.69,1235,22.35
28-04-2025,Vaigai,71,6091,21.42,305,737,693,21.42,305,5.01
29-04-2025,Amaravathi,90,4047,42.32,614,650,507,43.87,671,15.17
29-04-2025,Bhavanisagar,105,32800,54.34,6320,500,297,55.56,6682,19.27
29-04-2025,Manimuthar,118,5511,68.99,1440,298,208,71.62,1582,26.13
29-04-2025,Mettur,120,93470,89.78,45259,371,390,91.84,47901,48.42
29-04-2025,Papanasam,143,5500,77.3,1182,1358,961,80.55,1310,21.49
29-04-2025,Vaigai,71,6091,21.42,305,212,165,21.42,305,5.01
30-04-2025,Amaravathi,90,4047,42.35,615,39,24,43.14,644,15.2
30-04-2025,Bhavanisagar,105,32800,58.08,7464,1322,1010,60.78,8363,22.76
30-04-2025,Manimuthar,118,5511,70.25,1507,226,224,66.56,1317,27.35
30-04-2025,Mettur,120,93470,91.52,47478,192,188,88.07,43137,50.79
30-04-2025,Papanasam,143,5500,79.62,1272,894,850,83.32,1425,23.13
30-04-2025,Vaigai,71,6091,21.42,305,1153,1131,21.83,319,5.01
01-05-2025,Amaravathi,90,4047,40.48,549,1081,704,39.63,521,13.57
01-05-2025,Bhavanisagar,105,32800,54.38,6332,777,616,55.05,6528,19.3
01-05-2025,Manimuthar,118,5511,70.25,1507,220,169,67.54,1366,27.35
01-05-2025,Mettur,120,93470,88.96,44226,237,166,93.86,50575,47.32
01-05-2025,Papanasam,143,5500,79.52,1268,205,159,82.9,1407,23.05
01-05-2025,Vaigai,71,6091,21.42,305,220,178,21.42,305,5.01
02-05-2025,Amaravathi,90,4047,39.49,516,933,899,37.75,461,12.75
02-05-2025,Bhavanisagar,105,32800,53.71,6138,221,193,50.73,5321,18.71
02-05-2025,Manimuthar,118,5511,68.81,1431,786,789,72.61,1637,25.97
02-05-2025,Mettur,120,93470,89,44272,727,608,93.59,50211,47.36
02-05-2025,Papanasam,143,5500,77.21,1178,1046,552,79.76,1278,21.42
02-05-2025,Vaigai,71,6091,21.42,305,369,368,21.42,305,5.01
03-05-2025,Amaravathi,90,4047,41.17,573,349,336,40.35,545,14.16
03-05-2025,Bhavanisagar,105,32800,54.28,6303,13,10,53.18,5987,19.22
03-05-2025,Manimuthar,118,5511,67.14,1346,43,27,69.16,1449,24.42
03-05-2025,Mettur,120,93470,89.7,45160,383,278,85.96,40594,48.31
03-05-2025,Papanasam,143,5500,80.67,1315,129,86,80.61,1312,23.91
03-05-2025,Vaigai,71,6091,21.42,305,85,92,21.65,313,5.01
04-05-2025,Amaravathi,90,4047,40.49,550,525,310,42.05,604,13.59
04-05-2025,Bhavanisagar,105,32800,51.92,5639,100,91,52.01,5664,17.19
04-05-2025,Manimuthar,118,5511,65.85,1282,128,85,65.29,1255,23.26
04-05-2025,Mettur,120,93470,89.53,44942,271,139,93.07,49512,48.08
04-05-2025,Papanasam,143,5500,80.29,1299,440,307,77.06,1172,23.62
04-05-2025,Vaigai,71,6091,21.42,305,135,125,21.42,305,5.01
05-05-2025,Amaravathi,90,4047,41.12,571,245,163,42.75,629,14.11
05-05-2025,Bhavanisagar,105,32800,53.57,6098,125,86,54.15,6265,18.59
05-05-2025,Manimuthar,118,5511,70.09,1498,109,117,66.66,1322,27.18
05-05-2025,Mettur,120,93470,89.85,45343,6,5,94.72,51740,48.51
05-05-2025,Papanasam,143,5500,72.67,1013,819,606,72.72,1014,18.42
05-05-2025,Vaigai,71,6091,21.42,305,476,401,22.45,342,5.01
06-05-2025,Amaravathi,90,4047,40.85,562,258,173,42.8,631,13.89
06-05-2025,Bhavanisagar,105,32800,55.19,6570,705,635,55.04,6524,20.03
06-05-2025,Manimuthar,118,5511,71.89,1596,623,391,70.48,1519,28.96
06-05-2025,Mettur,120,93470,84.73,39157,683,676,85.2,39702,41.89
06-05-2025,Papanasam,143,5500,79.51,1268,688,362,82.65,1397,23.05
06-05-2025,Vaigai,71,6091,21.42,305,476,264,21.42,305,5.01
07-05-2025,Amaravathi,90,4047,40.43,547,778,418,41.45,582,13.52
07-05-2025,Bhavanisagar,105,32800,55.19,6569,575,300,55.98,6808,20.03
07-05-2025,Manimuthar,118,5511,68.45,1413,403,355,68.8,1431,25.64
07-05-2025,Mettur,120,93470,87.3,42191,1910,1014,87.35,42251,45.14
07-05-2025,Papanasam,143,5500,78.66,1234,2543,1992,82.92,1408,22.44
07-05-2025,Vaigai,71,6091,21.42,305,17,13,21.42,305,5.01
08-05-2025,Amaravathi,90,4047,41.89,598,210,177,41.89,598,14.78
08-05-2025,Bhavanisagar,105,32800,54.13,6259,247,164,55.05,6528,19.08
08-05-2025,Manimuthar,118,5511,64.71,1227,386,293,65.03,1243,22.26
08-05-2025,Mettur,120,93470,89.54,44950,110,107,90.1,45661,48.09
08-05-2025,Papanasam,143,5500,74.51,1078,225,201,72.03,990,19.6
08-05-2025,Vaigai,71,6091,21.42,305,712,389,21.42,305,5.01
09-05-2025,Amaravathi,90,4047,41.04,568,376,290,39.55,518,14.04
09-05-2025,Bhavanisagar,105,32800,56.09,6840,660,674,55.01,6517,20.85
09-05-2025,Manimuthar,118,5511,67.18,1348,1225,1077,68.94,1438,24.46
09-05-2025,Mettur,120,93470,88.96,44224,282,163,92.73,49070,47.31
09-05-2025,Papanasam,143,5500,82.2,1378,62,32,80.11,1292,25.05
09-05-2025,Vaigai,71,6091,21.42,305,627,650,21.42,305,5.01
10-05-2025,Amaravathi,90,4047,40.68,556,1782,1169,41.56,586,13.74
10-05-2025,Bhavanisagar,105,32800,54.57,6388,1200,980,54.69,6422,19.48
10-05-2025,Manimuthar,118,5511,72.09,1607,483,249,76.23,1848,29.16
10-05-2025,Mettur,120,93470,87.03,41872,191,195,88.81,44042,44.8
10-05-2025,Papanasam,143,5500,80.19,1295,193,210,78.15,1214,23.55
10-05-2025,Vaigai,71,6091,21.42,305,442,475,22.04,327,5.01
11-05-2025,Amaravathi,90,4047,42.51,621,1582,1420,44.35,690,15.34
11-05-2025,Bhavanisagar,105,32800,56.05,6828,482,457,59.05,7780,20.82
11-05-2025,Manimuthar,118,5511,71.22,1560,19,14,67.72,1375,28.31
11-05-2025,Mettur,120,93470,86.19,40869,892,580,87.47,42400,43.72
11-05-2025,Papanasam,143,5500,73.92,1057,325,182,71.75,981,19.22
11-05-2025,Vaigai,71,6091,21.42,305,1062,756,21.56,310,5.01
12-05-2025,Amaravathi,90,4047,40.52,550,513,304,40.69,556,13.59
12-05-2025,Bhavanisagar,105,32800,54.19,6277,534,421,51.45,5512,19.14
12-05-2025,Manimuthar,118,5511,69.41,1463,310,304,67.48,1363,26.55
12-05-2025,Mettur,120,93470,90.6,46291,1324,671,92.46,48708,49.52
12-05-2025,Papanasam,143,5500,78.34,1222,778,480,77.08,1173,22.22
12-05-2025,Vaigai,71,6091,21.42,305,472,303,21.42,305,5.01
13-05-2025,Amaravathi,90,4047,42.02,603,146,138,42.16,608,14.9
13-05-2025,Bhavanisagar,105,32800,55.07,6533,818,775,53.8,6164,19.92
13-05-2025,Manimuthar,118,5511,69.17,1450,165,107,70.12,1500,26.31
13-05-2025,Mettur,120,93470,88.62,43807,29,24,86.32,41016,46.87
13-05-2025,Papanasam,143,5500,77.03,1171,9,9,79.55,1270,21.29
13-05-2025,Vaigai,71,6091,21.42,305,262,247,22.45,343,5.01
14-05-2025,Amaravathi,90,4047,39.38,512,3720,2020,37.13,442,12.65
14-05-2025,Bhavanisagar,105,32800,55.25,6588,42,43,53.6,6107,20.09
14-05-2025,Manimuthar,118,5511,68.97,1439,267,289,65.68,1274,26.11
14-05-2025,Mettur,120,93470,85.82,40433,543,380,88.17,43256,43.26
14-05-2025,Papanasam,143,5500,77.85,1203,1740,1279,78.1,1212,21.87
14-05-2025,Vaigai,71,6091,21.42,305,60,62,21.6,311,5.01
15-05-2025,Amaravathi,90,4047,40.38,546,137,148,42.6,624,13.49
15-05-2025,Bhavanisagar,105,32800,53.47,6070,503,533,54.6,6394,18.51
15-05-2025,Manimuthar,118,5511,71.49,1574,373,277,67.91,1385,28.56
15-05-2025,Mettur,120,93470,85.1,39588,290,156,87.93,42959,42.35
15-05-2025,Papanasam,143,5500,77.09,1174,245,210,81.34,1342,21.35
15-05-2025,Vaigai,71,6091,21.42,305,848,828,21.42,305,5.01
16-05-2025,Amaravathi,90,4047,41.78,594,134,145,39.93,531,14.68
16-05-2025,Bhavanisagar,105,32800,56.3,6906,236,157,59.52,7935,21.05
16-05-2025,Manimuthar,118,5511,69.76,1481,944,767,70.59,1525,26.87
16-05-2025,Mettur,120,93470,86.91,41723,647,452,82.09,36173,44.64
16-05-2025,Papanasam,143,5500,77.9,1205,247,269,79.81,1280,21.91
16-05-2025,Vaigai,71,6091,21.42,305,52,47,22.56,347,5.01
17-05-2025,Amaravathi,90,4047,41.31,578,59,33,41.67,590,14.28
17-05-2025,Bhavanisagar,105,32800,53.1,5966,778,689,52.17,5707,18.19
17-05-2025,Manimuthar,118,5511,70.88,1541,675,705,67.27,1352,27.96
17-05-2025,Mettur,120,93470,84.3,38661,262,279,85.72,40305,41.36
17-05-2025,Papanasam,143,5500,73.08,1027,333,168,73.26,1033,18.67
17-05-2025,Vaigai,71,6091,21.42,305,200,203,22.5,344,5.01
18-05-2025,Amaravathi,90,4047,40.39,546,2134,1623,38.64,489,13.49
18-05-2025,Bhavanisagar,105,32800,56.11,6846,431,432,52.82,5888,20.87
18-05-2025,Manimuthar,118,5511,71.32,1565,1779,1936,72.49,1630,28.4
18-05-2025,Mettur,120,93470,90.4,46044,124,93,93.07,49510,49.26
18-05-2025,Papanasam,143,5500,78.22,1217,112,57,76.84,1164,22.13
18-05-2025,Vaigai,71,6091,21.42,305,227,118,22.25,335,5.01
19-05-2025,Amaravathi,90,4047,42.19,609,351,318,43.82,670,15.05
19-05-2025,Bhavanisagar,105,32800,54.55,6380,255,163,54.2,6279,19.45
19-05-2025,Manimuthar,118,5511,67.61,1370,120,68,71.1,1553,24.86
19-05-2025,Mettur,120,93470,91.08,46910,59,39,88.58,43762,50.19
19-05-2025,Papanasam,143,5500,78.86,1242,1402,1539,82.91,1408,22.58
19-05-2025,Vaigai,71,6091,21.42,305,1060,932,21.42,305,5.01
20-05-2025,Amaravathi,90,4047,43.18,645,174,154,45.6,739,15.94
20-05-2025,Bhavanisagar,105,32800,54.47,6359,452,478,51.08,5415,19.39
20-05-2025,Manimuthar,118,5511,67,1339,1521,855,68.81,1431,24.3
20-05-2025,Mettur,120,93470,88.79,44022,39,31,85.27,39788,47.1
20-05-2025,Papanasam,143,5500,78.99,1247,500,411,80.91,1325,22.67
20-05-2025,Vaigai,71,6091,21.42,305,726,760,22,326,5.01
21-05-2025,Amaravathi,90,4047,39.95,531,28,28,40.25,541,13.12
21-05-2025,Bhavanisagar,105,32800,54.08,6243,772,804,51.66,5569,19.03
21-05-2025,Manimuthar,118,5511,68.82,1432,549,303,67.47,1362,25.98
21-05-2025,Mettur,120,93470,87.96,42997,1976,1122,86.93,41753,46
21-05-2025,Papanasam,143,5500,81.27,1339,303,273,77.45,1187,24.35
21-05-2025,Vaigai,71,6091,21.42,305,988,936,21.75,316,5.01
22-05-2025,Amaravathi,90,4047,38.84,495,112,72,40.34,544,12.23
22-05-2025,Bhavanisagar,105,32800,53.92,6197,1519,1253,54.09,6248,18.89
22-05-2025,Manimuthar,118,5511,69.84,1485,363,182,73.67,1697,26.95
22-05-2025,Mettur,120,93470,89.93,45450,307,217,88.82,44054,48.63
22-05-2025,Papanasam,143,5500,79.56,1270,1310,1078,74.88,1091,23.09
22-05-2025,Vaigai,71,6091,21.42,305,589,435,21.42,305,5.01
23-05-2025,Amaravathi,90,4047,40.77,559,533,558,39.43,514,13.81
23-05-2025,Bhavanisagar,105,32800,52.97,5928,85,42,54.89,6480,18.07
23-05-2025,Manimuthar,118,5511,67.47,1362,240,157,65.16,1249,24.71
23-05-2025,Mettur,120,93470,90.23,45829,171,106,90.05,45596,49.03
23-05-2025,Papanasam,143,5500,77.21,1178,1465,1349,76.41,1148,21.42
23-05-2025,Vaigai,71,6091,21.42,305,192,158,21.42,305,5.01
24-05-2025,Amaravathi,90,4047,41.09,570,664,454,42.89,635,14.08
24-05-2025,Bhavanisagar,105,32800,54.43,6347,1377,860,55.5,6662,19.35
24-05-2025,Manimuthar,118,5511,68.04,1391,1148,1016,66.95,1336,25.24
24-05-2025,Mettur,120,93470,86.06,40714,598,646,87.12,41980,43.56
24-05-2025,Papanasam,143,5500,75.49,1114,350,361,72.33,1001,20.25
24-05-2025,Vaigai,71,6091,21.42,305,104,101,21.42,305,5.01
25-05-2025,Amaravathi,90,4047,40.98,566,852,433,42.5,620,13.99
25-05-2025,Bhavanisagar,105,32800,53.17,5986,45,38,50.96,5383,18.25
25-05-2025,Manimuthar,118,5511,66.5,1314,1280,1215,64.28,1207,23.84
25-05-2025,Mettur,120,93470,85.88,40500,44,23,90.36,45985,43.33
25-05-2025,Papanasam,143,5500,81.74,1359,61,30,79.89,1283,24.71
25-05-2025,Vaigai,71,6091,21.42,305,477,280,21.42,305,5.01
26-05-2025,Amaravathi,90,4047,40.17,538,143,111,39.8,526,13.29
26-05-2025,Bhavanisagar,105,32800,52.93,5919,348,299,50.78,5335,18.05
26-05-2025,Manimuthar,118,5511,70.37,1514,384,361,74.19,1727,27.47
26-05-2025,Mettur,120,93470,86.89,41695,511,446,88.41,43553,44.61
26-05-2025,Papanasam,143,5500,77.42,1186,6,3,75.84,1127,21.56
26-05-2025,Vaigai,71,6091,21.42,305,823,521,21.72,315,5.01
27-05-2025,Amaravathi,90,4047,40.52,550,190,114,41.77,594,13.59
27-05-2025,Bhavanisagar,105,32800,55.5,6662,757,515,56.56,6986,20.31
27-05-2025,Manimuthar,118,5511,69.67,1476,656,368,67.49,1363,26.78
27-05-2025,Mettur,120,93470,87.48,42414,174,88,92.17,48331,45.38
27-05-2025,Papanasam,143,5500,77.22,1178,17,14,77.85,1203,21.42
27-05-2025,Vaigai,71,6091,21.42,305,156,170,22.54,346,5.01
28-05-2025,Amaravathi,90,4047,39.95,531,137,79,40.19,539,13.12
28-05-2025,Bhavanisagar,105,32800,54.75,6441,76,57,53.05,5952,19.64
28-05-2025,Manimuthar,118,5511,66.61,1319,1769,1314,66.27,1302,23.93
28-05-2025,Mettur,120,93470,89.77,45244,686,594,87.72,42705,48.4
28-05-2025,Papanasam,143,5500,78.56,1231,3701,3947,73.65,1047,22.38
28-05-2025,Vaigai,71,6091,21.42,305,905,844,21.93,323,5.01
29-05-2025,Amaravathi,90,4047,40.16,538,520,480,41.01,567,13.29
29-05-2025,Bhavanisagar,105,32800,52.97,5928,772,507,55.31,6606,18.07
29-05-2025,Manimuthar,118,5511,70.41,1516,677,551,69.4,1462,27.51
29-05-2025,Mettur,120,93470,85.56,40123,177,151,89.2,44529,42.93
29-05-2025,Papanasam,143,5500,76.56,1154,888,632,72.38,1003,20.98
29-05-2025,Vaigai,71,6091,21.42,305,1782,1528,21.77,317,5.01
30-05-2025,Amaravathi,90,4047,39.97,532,640,454,38.55,486,13.15
30-05-2025,Bhavanisagar,105,32800,53.98,6215,532,293,53.27,6013,18.95
30-05-2025,Manimuthar,118,5511,69.59,1472,1132,1031,68.59,1420,26.71
30-05-2025,Mettur,120,93470,89.23,44565,126,107,91.35,47254,47.68
30-05-2025,Papanasam,143,5500,76.2,1140,414,371,78.43,1225,20.73
30-05-2025,Vaigai,71,6091,21.42,305,739,473,21.42,305,5.01
31-05-2025,Amaravathi,90,4047,39.74,524,262,173,37.7,459,12.95
31-05-2025,Bhavanisagar,105,32800,54.32,6315,699,626,55.13,6551,19.25
31-05-2025,Manimuthar,118,5511,68.06,1392,76,75,71.54,1577,25.26
31-05-2025,Mettur,120,93470,88.79,44014,638,475,83.38,37615,47.09
31-05-2025,Papanasam,143,5500,75.9,1129,158,109,74.13,1064,20.53
31-05-2025,Vaigai,71,6091,21.42,305,89,71,21.42,305,5.01
01-06-2025,Amaravathi,90,4047,43.15,644,158,85,44.36,690,15.91
01-06-2025,Bhavanisagar,105,32800,55.65,6708,69,64,55.68,6716,20.45
01-06-2025,Manimuthar,118,5511,74.82,1764,338,270,77.75,1942,32.01
01-06-2025,Mettur,120,93470,89.06,44349,382,410,87.97,43006,47.45
01-06-2025,Papanasam,143,5500,80.41,1304,316,250,79.6,1272,23.71
01-06-2025,Vaigai,71,6091,21.42,305,1139,989,21.92,323,5.01
02-06-2025,Amaravathi,90,4047,43.13,643,152,111,40.78,559,15.89
02-06-2025,Bhavanisagar,105,32800,54.84,6465,789,512,53.66,6125,19.71
02-06-2025,Manimuthar,118,5511,71.41,1570,55,45,68.9,1436,28.49
02-06-2025,Mettur,120,93470,93.2,49695,1172,718,95.1,52266,53.17
02-06-2025,Papanasam,143,5500,84.7,1485,1127,877,82.59,1394,27
02-06-2025,Vaigai,71,6091,21.42,305,223,184,21.76,317,5.01
03-06-2025,Amaravathi,90,4047,43.53,658,1044,651,42.66,626,16.26
03-06-2025,Bhavanisagar,105,32800,57.98,7431,1456,1180,57.67,7331,22.66
03-06-2025,Manimuthar,118,5511,74.44,1742,17,14,72.47,1629,31.61
03-06-2025,Mettur,120,93470,92.14,48289,62,58,96.56,54295,51.66
03-06-2025,Papanasam,143,5500,82.76,1402,349,314,78.19,1216,25.49
03-06-2025,Vaigai,71,6091,21.42,305,1462,1582,21.85,320,5.01
04-06-2025,Amaravathi,90,4047,42.3,613,92,50,44.69,703,15.15
04-06-2025,Bhavanisagar,105,32800,55.96,6801,20,20,52.53,5807,20.73
04-06-2025,Manimuthar,118,5511,70.37,1513,708,414,72.32,1621,27.45
04-06-2025,Mettur,120,93470,91.84,47895,364,238,91.11,46953,51.24
04-06-2025,Papanasam,143,5500,82.56,1393,482,254,77.68,1196,25.33
04-06-2025,Vaigai,71,6091,21.42,305,2286,2284,21.42,305,5.01
05-06-2025,Amaravathi,90,4047,43.41,654,928,931,44.96,714,16.16
05-06-2025,Bhavanisagar,105,32800,56.64,7011,267,281,53.26,6011,21.38
05-06-2025,Manimuthar,118,5511,72.9,1653,1549,1037,68.58,1419,29.99
05-06-2025,Mettur,120,93470,95.58,52924,649,418,97.99,56322,56.62
05-06-2025,Papanasam,143,5500,79.05,1250,868,900,75.51,1114,22.73
05-06-2025,Vaigai,71,6091,21.42,305,2,1,21.42,305,5.01
06-06-2025,Amaravathi,90,4047,44.74,705,10,6,45.56,738,17.42
06-06-2025,Bhavanisagar,105,32800,57.49,7276,557,461,55.5,6664,22.18
06-06-2025,Manimuthar,118,5511,72.66,1640,681,586,68.35,1407,29.76
06-06-2025,Mettur,120,93470,94.88,51961,61,37,99.04,57846,55.59
06-06-2025,Papanasam,143,5500,83.39,1428,825,667,79.37,1262,25.96
06-06-2025,Vaigai,71,6091,21.42,305,814,614,21.42,305,5.01
07-06-2025,Amaravathi,90,4047,43.01,639,700,751,41.42,582,15.79
07-06-2025,Bhavanisagar,105,32800,58.91,7735,831,415,61.89,8749,23.58
07-06-2025,Manimuthar,118,5511,72.9,1653,1554,1622,69.75,1481,29.99
07-06-2025,Mettur,120,93470,90.61,46302,202,131,85.65,40226,49.54
07-06-2025,Papanasam,143,5500,83.87,1449,463,488,84.08,1458,26.35
07-06-2025,Vaigai,71,6091,21.42,305,2368,2096,21.42,305,5.01
08-06-2025,Amaravathi,90,4047,42.87,634,1276,884,45.29,727,15.67
08-06-2025,Bhavanisagar,105,32800,55.57,6682,115,73,53.95,6208,20.37
08-06-2025,Manimuthar,118,5511,70.98,1546,310,163,70.72,1532,28.05
08-06-2025,Mettur,120,93470,90.8,46546,393,369,91.95,48037,49.8
08-06-2025,Papanasam,143,5500,84.62,1482,2981,2401,80.58,1311,26.95
08-06-2025,Vaigai,71,6091,21.42,305,233,147,21.42,305,5.01
09-06-2025,Amaravathi,90,4047,42.95,637,1007,764,42.79,631,15.74
09-06-2025,Bhavanisagar,105,32800,57.54,7292,190,97,55.58,6686,22.23
09-06-2025,Manimuthar,118,5511,73.75,1702,442,246,72.69,1641,30.88
09-06-2025,Mettur,120,93470,91.02,46835,1936,1941,94.27,51122,50.11
09-06-2025,Papanasam,143,5500,79.43,1265,581,532,79.13,1253,23
09-06-2025,Vaigai,71,6091,21.42,305,278,215,21.42,305,5.01
10-06-2025,Amaravathi,90,4047,41.74,593,2748,2075,42.25,611,14.65
10-06-2025,Bhavanisagar,105,32800,57.21,7187,37,20,56.74,7040,21.91
10-06-2025,Manimuthar,118,5511,73.6,1693,1721,1097,71.98,1602,30.72
10-06-2025,Mettur,120,93470,92.66,48977,1108,1174,93.15,49627,52.4
10-06-2025,Papanasam,143,5500,81.63,1354,65,50,77.36,1184,24.62
10-06-2025,Vaigai,71,6091,21.42,305,332,186,21.51,308,5.01
11-06-2025,Amaravathi,90,4047,41.85,597,10,8,39.29,509,14.75
11-06-2025,Bhavanisagar,105,32800,56.78,7052,187,199,59.45,7911,21.5
11-06-2025,Manimuthar,118,5511,73.88,1709,1556,1140,74.01,1717,31.01
11-06-2025,Mettur,120,93470,93.14,49611,869,819,93.38,49931,53.08
11-06-2025,Papanasam,143,5500,83.66,1440,2099,1236,83.99,1454,26.18
11-06-2025,Vaigai,71,6091,21.42,305,535,499,21.42,305,5.01
12-06-2025,Amaravathi,90,4047,44.44,694,0,0,42.74,629,17.15
12-06-2025,Bhavanisagar,105,32800,54.7,6424,535,381,53.91,6195,19.59
12-06-2025,Manimuthar,118,5511,73.95,1714,403,425,76.29,1852,31.1
12-06-2025,Mettur,120,93470,89.67,45116,45,32,94.04,50811,48.27
12-06-2025,Papanasam,143,5500,82.99,1411,536,564,84.25,1465,25.65
12-06-2025,Vaigai,71,6091,21.42,305,307,171,21.48,307,5.01
13-06-2025,Amaravathi,90,4047,43.4,653,35,24,41.51,585,16.14
13-06-2025,Bhavanisagar,105,32800,58.55,7616,384,389,61.56,8631,23.22
13-06-2025,Manimuthar,118,5511,72.31,1620,1004,762,67.98,1388,29.4
13-06-2025,Mettur,120,93470,94.29,51155,200,144,98.61,57222,54.73
13-06-2025,Papanasam,143,5500,81.49,1348,680,625,84.93,1495,24.51
13-06-2025,Vaigai,71,6091,21.42,305,863,862,22.05,327,5.01
14-06-2025,Amaravathi,90,4047,41.86,597,555,497,42.95,637,14.75
14-06-2025,Bhavanisagar,105,32800,55.91,6785,262,219,53.08,5961,20.69
14-06-2025,Manimuthar,118,5511,72.78,1646,39,35,71.65,1583,29.87
14-06-2025,Mettur,120,93470,96.73,54529,702,682,96.2,53782,58.34
14-06-2025,Papanasam,143,5500,79.82,1280,127,136,75.41,1111,23.27
14-06-2025,Vaigai,71,6091,21.42,305,99,86,21.42,305,5.01
15-06-2025,Amaravathi,90,4047,42.56,622,52,39,44.75,706,15.37
15-06-2025,Bhavanisagar,105,32800,56.19,6873,147,150,53.81,6168,20.95
15-06-2025,Manimuthar,118,5511,73.17,1669,14,12,70.39,1515,30.28
15-06-2025,Mettur,120,93470,89.46,44852,782,591,88.84,44079,47.99
15-06-2025,Papanasam,143,5500,84,1455,48,25,79.83,1281,26.45
15-06-2025,Vaigai,71,6091,21.42,305,90,91,21.71,315,5.01
16-06-2025,Amaravathi,90,4047,42.7,627,157,102,40.57,552,15.49
16-06-2025,Bhavanisagar,105,32800,55.01,6516,389,335,56.26,6891,19.87
16-06-2025,Manimuthar,118,5511,73.52,1689,351,307,76.71,1878,30.65
16-06-2025,Mettur,120,93470,93.55,50162,670,711,88.45,43601,53.67
16-06-2025,Papanasam,143,5500,83.33,1426,58,48,80.41,1304,25.93
16-06-2025,Vaigai,71,6091,21.42,305,280,145,21.52,308,5.01
17-06-2025,Amaravathi,90,4047,44.36,690,659,669,44.28,687,17.05
17-06-2025,Bhavanisagar,105,32800,57.83,7383,537,410,54.7,6424,22.51
17-06-2025,Manimuthar,118,5511,74.65,1754,977,731,74.65,1755,31.83
17-06-2025,Mettur,120,93470,91.08,46915,375,192,88.87,44114,50.19
17-06-2025,Papanasam,143,5500,81.55,1351,761,678,79.76,1278,24.56
17-06-2025,Vaigai,71,6091,21.42,305,2280,1326,21.6,311,5.01
18-06-2025,Amaravathi,90,4047,43.76,667,92,61,44.6,700,16.48
18-06-2025,Bhavanisagar,105,32800,56.29,6901,399,395,57.05,7139,21.04
18-06-2025,Manimuthar,118,5511,72.25,1617,771,399,75.53,1806,29.34
18-06-2025,Mettur,120,93470,93.88,50597,446,238,93.78,50462,54.13
18-06-2025,Papanasam,143,5500,83.78,1445,178,125,86.69,1574,26.27
18-06-2025,Vaigai,71,6091,21.42,305,1024,834,21.42,305,5.01
19-06-2025,Amaravathi,90,4047,43.48,657,735,648,45.41,732,16.23
19-06-2025,Bhavanisagar,105,32800,56.64,7009,80,40,55.27,6595,21.37
19-06-2025,Manimuthar,118,5511,71.36,1567,2542,1544,74.78,1762,28.43
19-06-2025,Mettur,120,93470,91.2,47062,681,446,87.35,42255,50.35
19-06-2025,Papanasam,143,5500,79.09,1251,1089,580,80.95,1326,22.75
19-06-2025,Vaigai,71,6091,21.42,305,834,797,22.1,329,5.01
20-06-2025,Amaravathi,90,4047,44.98,714,564,545,43.59,661,17.64
20-06-2025,Bhavanisagar,105,32800,58.2,7502,766,746,56.75,7043,22.87
20-06-2025,Manimuthar,118,5511,73.81,1705,251,240,73.42,1683,30.94
20-06-2025,Mettur,120,93470,95,52124,111,60,91.31,47208,55.77
20-06-2025,Papanasam,143,5500,82.78,1402,370,347,86.88,1582,25.49
20-06-2025,Vaigai,71,6091,21.42,305,696,438,21.42,305,5.01
21-06-2025,Amaravathi,90,4047,43.5,657,311,300,44.65,702,16.23
21-06-2025,Bhavanisagar,105,32800,53.18,5988,338,215,50.78,5335,18.26
21-06-2025,Manimuthar,118,5511,71.44,1572,200,111,74.48,1744,28.52
21-06-2025,Mettur,120,93470,93.74,50417,1076,980,89.2,44524,53.94
21-06-2025,Papanasam,143,5500,81.19,1336,104,102,80.81,1320,24.29
21-06-2025,Vaigai,71,6091,21.42,305,239,151,21.44,305,5.01
22-06-2025,Amaravathi,90,4047,43.17,645,39,33,41.18,573,15.94
22-06-2025,Bhavanisagar,105,32800,56.48,6961,140,74,54.38,6330,21.22
22-06-2025,Manimuthar,118,5511,73.3,1676,224,205,76.04,1837,30.41
22-06-2025,Mettur,120,93470,92.86,49240,218,149,90.01,45546,52.68
22-06-2025,Papanasam,143,5500,84.6,1480,50,46,82.44,1388,26.91
22-06-2025,Vaigai,71,6091,21.42,305,596,301,22.12,330,5.01
23-06-2025,Amaravathi,90,4047,41.26,576,22,18,40.7,556,14.23
23-06-2025,Bhavanisagar,105,32800,55.98,6808,283,142,58.19,7501,20.76
23-06-2025,Manimuthar,118,5511,72.39,1624,854,800,67.91,1385,29.47
23-06-2025,Mettur,120,93470,97.81,56059,282,200,101.55,61584,59.98
23-06-2025,Papanasam,143,5500,78.55,1230,806,831,73.61,1046,22.36
23-06-2025,Vaigai,71,6091,21.42,305,355,248,21.59,311,5.01
24-06-2025,Amaravathi,90,4047,43.85,671,68,66,45.96,754,16.58
24-06-2025,Bhavanisagar,105,32800,55.3,6601,20,21,57.81,7378,20.12
24-06-2025,Manimuthar,118,5511,72.77,1646,159,126,72.07,1607,29.87
24-06-2025,Mettur,120,93470,94.62,51604,996,681,99.15,58010,55.21
24-06-2025,Papanasam,143,5500,81.6,1353,745,715,78.68,1235,24.6
24-06-2025,Vaigai,71,6091,21.42,305,976,501,22.58,347,5.01
25-06-2025,Amaravathi,90,4047,43.53,658,156,102,41.97,601,16.26
25-06-2025,Bhavanisagar,105,32800,59.37,7887,678,496,60.41,8235,24.05
25-06-2025,Manimuthar,118,5511,72.2,1614,1769,1372,76.07,1839,29.29
25-06-2025,Mettur,120,93470,91.94,48023,280,224,96.62,54378,51.38
25-06-2025,Papanasam,143,5500,80.26,1298,878,885,76.34,1145,23.6
25-06-2025,Vaigai,71,6091,21.42,305,914,670,22.05,328,5.01
26-06-2025,Amaravathi,90,4047,43.4,654,927,990,44.51,696,16.16
26-06-2025,Bhavanisagar,105,32800,58.89,7726,29,15,58.58,7627,23.55
26-06-2025,Manimuthar,118,5511,73.59,1693,855,852,69.97,1492,30.72
26-06-2025,Mettur,120,93470,92.84,49208,1337,750,91.63,47624,52.65
26-06-2025,Papanasam,143,5500,81.81,1362,1085,1044,80.29,1299,24.76
26-06-2025,Vaigai,71,6091,21.42,305,312,324,21.42,305,5.01
27-06-2025,Amaravathi,90,4047,43.19,645,313,236,40.89,563,15.94
27-06-2025,Bhavanisagar,105,32800,57.85,7390,70,69,55.78,6748,22.53
27-06-2025,Manimuthar,118,5511,70.83,1539,226,197,72.72,1643,27.93
27-06-2025,Mettur,120,93470,92.54,48809,137,139,94.47,51400,52.22
27-06-2025,Papanasam,143,5500,82,1370,619,556,82.6,1395,24.91
27-06-2025,Vaigai,71,6091,21.42,305,246,185,21.42,305,5.01
28-06-2025,Amaravathi,90,4047,43.68,664,20,18,43.36,652,16.41
28-06-2025,Bhavanisagar,105,32800,56.82,7065,320,220,56.13,6853,21.54
28-06-2025,Manimuthar,118,5511,72.96,1657,25,20,73.53,1689,30.07
28-06-2025,Mettur,120,93470,97.87,56153,1164,1181,100.73,60337,60.08
28-06-2025,Papanasam,143,5500,83.15,1418,1243,1076,87.08,1591,25.78
28-06-2025,Vaigai,71,6091,21.42,305,1241,1010,21.42,305,5.01
29-06-2025,Amaravathi,90,4047,44.72,704,207,162,44.56,698,17.4
29-06-2025,Bhavanisagar,105,32800,56.68,7022,1035,791,56.62,7002,21.41
29-06-2025,Manimuthar,118,5511,72.56,1634,800,425,74.77,1761,29.65
29-06-2025,Mettur,120,93470,96.16,53726,111,100,92.34,48556,57.48
29-06-2025,Papanasam,143,5500,79.67,1274,1566,1423,81.54,1350,23.16
29-06-2025,Vaigai,71,6091,21.42,305,464,439,21.42,305,5.01
30-06-2025,Amaravathi,90,4047,44.55,698,314,311,44.29,687,17.25
30-06-2025,Bhavanisagar,105,32800,55.17,6563,1208,1115,55.11,6545,20.01
30-06-2025,Manimuthar,118,5511,71.24,1561,549,548,68.76,1429,28.33
30-06-2025,Mettur,120,93470,89.89,45395,757,482,85.61,40187,48.57
30-06-2025,Papanasam,143,5500,82.38,1386,2708,1476,81.67,1356,25.2
30-06-2025,Vaigai,71,6091,21.42,305,160,116,21.42,305,5.01
01-07-2025,Amaravathi,90,4047,49.05,888,1810,1871,47.67,826,21.94
01-07-2025,Bhavanisagar,105,32800,64.45,9680,774,489,62.62,9010,29.51
01-07-2025,Manimuthar,118,5511,80.12,2094,1878,1733,75.35,1796,38
01-07-2025,Mettur,120,93470,105.59,67889,651,388,100.1,59408,72.63
01-07-2025,Papanasam,143,5500,93.29,1891,1479,1597,92.78,1865,34.38
01-07-2025,Vaigai,71,6091,21.42,305,352,282,21.74,316,5.01
02-07-2025,Amaravathi,90,4047,48.56,866,32,21,47.25,808,21.4
02-07-2025,Bhavanisagar,105,32800,63.58,9358,1462,769,67.18,10740,28.53
02-07-2025,Manimuthar,118,5511,81.3,2171,8,5,77.7,1939,39.39
02-07-2025,Mettur,120,93470,105.5,67740,17,10,110.28,75682,72.47
02-07-2025,Papanasam,143,5500,90.35,1745,1388,1457,92.31,1841,31.73
02-07-2025,Vaigai,71,6091,21.42,305,237,220,21.54,309,5.01
03-07-2025,Amaravathi,90,4047,48.59,867,76,44,46.51,777,21.42
03-07-2025,Bhavanisagar,105,32800,64.21,9593,451,358,67.05,10689,29.25
03-07-2025,Manimuthar,118,5511,83.72,2337,2561,2743,85.3,2448,42.41
03-07-2025,Mettur,120,93470,102.8,63485,100,63,103.03,63851,67.92
03-07-2025,Papanasam,143,5500,93.19,1886,3154,3445,94.76,1966,34.29
03-07-2025,Vaigai,71,6091,21.42,305,251,258,21.58,310,5.01
04-07-2025,Amaravathi,90,4047,48.92,882,895,842,50.97,977,21.79
04-07-2025,Bhavanisagar,105,32800,63.54,9345,479,393,59.96,8081,28.49
04-07-2025,Manimuthar,118,5511,83.34,2310,5,3,83.47,2320,41.92
04-07-2025,Mettur,120,93470,101.86,62050,842,544,96.22,53817,66.38
04-07-2025,Papanasam,143,5500,90.21,1738,1962,1216,87.39,1606,31.6
04-07-2025,Vaigai,71,6091,21.42,305,845,866,22.22,334,5.01
05-07-2025,Amaravathi,90,4047,47.55,821,399,418,47.97,840,20.29
05-07-2025,Bhavanisagar,105,32800,63.14,9196,108,80,64.24,9604,28.04
05-07-2025,Manimuthar,118,5511,85.04,2430,2909,2999,80.9,2145,44.09
05-07-2025,Mettur,120,93470,101.66,61739,223,239,103.06,63893,66.05
05-07-2025,Papanasam,143,5500,91.83,1818,801,690,89.49,1704,33.05
05-07-2025,Vaigai,71,6091,21.42,305,511,423,21.42,305,5.01
06-07-2025,Amaravathi,90,4047,47.78,831,1206,957,44.95,713,20.53
06-07-2025,Bhavanisagar,105,32800,64.28,9620,1120,679,60.91,8406,29.33
06-07-2025,Manimuthar,118,5511,81.82,2206,278,277,84.91,2421,40.03
06-07-2025,Mettur,120,93470,103.04,63863,732,548,102.16,62502,68.32
06-07-2025,Papanasam,143,5500,90.38,1746,2280,2391,89.19,1690,31.75
06-07-2025,Vaigai,71,6091,21.42,305,84,83,21.42,305,5.01
07-07-2025,Amaravathi,90,4047,48.44,860,1141,717,49.7,917,21.25
07-07-2025,Bhavanisagar,105,32800,63.29,9253,1552,1492,64.02,9522,28.21
07-07-2025,Manimuthar,118,5511,83.07,2292,1003,786,80.01,2087,41.59
07-07-2025,Mettur,120,93470,107.03,70229,1090,657,107.03,70231,75.14
07-07-2025,Papanasam,143,5500,94.87,1972,978,713,93.89,1921,35.85
07-07-2025,Vaigai,71,6091,21.42,305,1,0,21.64,312,5.01
08-07-2025,Amaravathi,90,4047,47.82,833,1497,1118,49.2,894,20.58
08-07-2025,Bhavanisagar,105,32800,64.42,9672,370,243,61.39,8575,29.49
08-07-2025,Manimuthar,118,5511,80.62,2126,1975,1790,77.31,1915,38.58
08-07-2025,Mettur,120,93470,104.63,66357,477,487,106.26,68974,70.99
08-07-2025,Papanasam,143,5500,91.48,1800,384,246,91.02,1778,32.73
08-07-2025,Vaigai,71,6091,21.42,305,814,786,21.44,305,5.01
09-07-2025,Amaravathi,90,4047,49.66,915,1299,1422,48.73,873,22.61
09-07-2025,Bhavanisagar,105,32800,66.53,10483,400,314,65.43,10054,31.96
09-07-2025,Manimuthar,118,5511,83.18,2299,1961,1242,87.85,2636,41.72
09-07-2025,Mettur,120,93470,102.28,62689,837,477,100.25,59628,67.07
09-07-2025,Papanasam,143,5500,93.95,1924,1358,984,96.86,2077,34.98
09-07-2025,Vaigai,71,6091,21.42,305,621,537,22.41,341,5.01
10-07-2025,Amaravathi,90,4047,47.68,827,476,285,45.94,753,20.43
10-07-2025,Bhavanisagar,105,32800,64.22,9597,922,959,61.55,8630,29.26
10-07-2025,Manimuthar,118,5511,82.98,2285,149,128,84.52,2393,41.46
10-07-2025,Mettur,120,93470,104.13,65563,138,126,100.36,59785,70.14
10-07-2025,Papanasam,143,5500,93.58,1905,5,3,96.8,2073,34.64
10-07-2025,Vaigai,71,6091,21.42,305,461,337,21.42,305,5.01
11-07-2025,Amaravathi,90,4047,48.79,876,451,274,47.51,819,21.65
11-07-2025,Bhavanisagar,105,32800,62.88,9102,882,826,66.02,10282,27.75
11-07-2025,Manimuthar,118,5511,80.81,2139,1994,1769,80.78,2137,38.81
11-07-2025,Mettur,120,93470,105.4,67583,205,164,104.37,65946,72.3
11-07-2025,Papanasam,143,5500,91.66,1809,931,972,92.38,1845,32.89
11-07-2025,Vaigai,71,6091,21.42,305,631,619,21.55,309,5.01
12-07-2025,Amaravathi,90,4047,48.58,866,546,368,46.99,797,21.4
12-07-2025,Bhavanisagar,105,32800,63.58,9357,294,314,60.1,8131,28.53
12-07-2025,Manimuthar,118,5511,78.4,1983,123,62,74.74,1760,35.98
12-07-2025,Mettur,120,93470,103.6,64726,16,15,98.02,56358,69.25
12-07-2025,Papanasam,143,5500,95.58,2009,1447,1574,97.89,2133,36.53
12-07-2025,Vaigai,71,6091,21.42,305,282,274,21.42,305,5.01
13-07-2025,Amaravathi,90,4047,49.48,907,278,239,50.47,953,22.41
13-07-2025,Bhavanisagar,105,32800,63.3,9255,2017,1649,64.57,9725,28.22
13-07-2025,Manimuthar,118,5511,81.5,2185,1371,998,77.39,1920,39.65
13-07-2025,Mettur,120,93470,108.22,72189,891,813,104.94,66845,77.23
13-07-2025,Papanasam,143,5500,91.57,1805,422,354,94.76,1966,32.82
13-07-2025,Vaigai,71,6091,21.42,305,167,174,21.42,305,5.01
14-07-2025,Amaravathi,90,4047,48.54,864,957,734,47.63,825,21.35
14-07-2025,Bhavanisagar,105,32800,64.06,9536,1603,946,60.35,8216,29.07
14-07-2025,Manimuthar,118,5511,81.98,2217,755,504,83.53,2323,40.23
14-07-2025,Mettur,120,93470,102.11,62433,9,8,102.55,63101,66.79
14-07-2025,Papanasam,143,5500,92.44,1848,518,557,89.86,1722,33.6
14-07-2025,Vaigai,71,6091,21.42,305,4108,2072,21.42,305,5.01
15-07-2025,Amaravathi,90,4047,48.77,875,348,195,46.16,762,21.62
15-07-2025,Bhavanisagar,105,32800,63.54,9345,124,96,64.29,9621,28.49
15-07-2025,Manimuthar,118,5511,83.5,2321,4399,3220,83.15,2297,42.12
15-07-2025,Mettur,120,93470,104.6,66312,1668,1319,102.48,63002,70.94
15-07-2025,Papanasam,143,5500,91.57,1804,598,586,89.28,1694,32.8
15-07-2025,Vaigai,71,6091,21.42,305,1414,924,21.42,305,5.01
16-07-2025,Amaravathi,90,4047,48.88,880,89,75,46.14,762,21.74
16-07-2025,Bhavanisagar,105,32800,64.67,9764,28,18,60.88,8396,29.77
16-07-2025,Manimuthar,118,5511,83.12,2295,1469,1244,78.3,1977,41.64
16-07-2025,Mettur,120,93470,104.63,66356,1411,1087,100.54,60054,70.99
16-07-2025,Papanasam,143,5500,94.57,1956,91,73,94.89,1973,35.56
16-07-2025,Vaigai,71,6091,21.42,305,968,739,21.92,323,5.01
17-07-2025,Amaravathi,90,4047,49.3,899,313,299,50.72,965,22.21
17-07-2025,Bhavanisagar,105,32800,64.84,9828,3648,3218,62.12,8830,29.96
17-07-2025,Manimuthar,118,5511,81.73,2200,262,150,83.27,2305,39.92
17-07-2025,Mettur,120,93470,102.64,63248,441,433,107.42,70872,67.67
17-07-2025,Papanasam,143,5500,92.51,1851,1029,1123,97.24,2097,33.65
17-07-2025,Vaigai,71,6091,21.42,305,1366,1273,21.82,319,5.01
18-07-2025,Amaravathi,90,4047,47.79,831,253,237,49.18,893,20.53
18-07-2025,Bhavanisagar,105,32800,63.73,9413,2126,1721,60.99,8435,28.7
18-07-2025,Manimuthar,118,5511,80.98,2150,230,117,80.18,2098,39.01
18-07-2025,Mettur,120,93470,103.88,65173,204,110,108.44,72551,69.73
18-07-2025,Papanasam,143,5500,91.42,1797,1121,911,87.59,1615,32.67
18-07-2025,Vaigai,71,6091,21.42,305,151,99,21.42,305,5.01
19-07-2025,Amaravathi,90,4047,47.35,813,662,696,48.14,847,20.09
19-07-2025,Bhavanisagar,105,32800,64.03,9526,1184,1095,61.66,8669,29.04
19-07-2025,Manimuthar,118,5511,80.37,2110,530,477,81.48,2183,38.29
19-07-2025,Mettur,120,93470,105.39,67556,3099,1673,107.24,70562,72.28
19-07-2025,Papanasam,143,5500,94.25,1940,1162,1024,96.63,2064,35.27
19-07-2025,Vaigai,71,6091,21.42,305,1472,1299,21.59,311,5.01
20-07-2025,Amaravathi,90,4047,48.03,842,170,154,47.6,823,20.81
20-07-2025,Bhavanisagar,105,32800,64.11,9553,213,194,61.89,8750,29.12
20-07-2025,Manimuthar,118,5511,80.3,2105,2491,2019,80.04,2088,38.2
20-07-2025,Mettur,120,93470,100.14,59467,69,50,103.7,64887,63.62
20-07-2025,Papanasam,143,5500,89.61,1710,504,472,85.65,1527,31.09
20-07-2025,Vaigai,71,6091,21.42,305,230,241,21.42,305,5.01
21-07-2025,Amaravathi,90,4047,49.56,911,651,643,50.86,972,22.51
21-07-2025,Bhavanisagar,105,32800,65.37,10032,1379,1064,67.61,10912,30.59
21-07-2025,Manimuthar,118,5511,82.73,2268,136,108,81.94,2215,41.15
21-07-2025,Mettur,120,93470,100.79,60435,223,158,99.23,58124,64.66
21-07-2025,Papanasam,143,5500,91.87,1820,1993,1087,95.11,1984,33.09
21-07-2025,Vaigai,71,6091,21.42,305,205,142,21.42,305,5.01
22-07-2025,Amaravathi,90,4047,48.85,879,859,507,50.77,967,21.72
22-07-2025,Bhavanisagar,105,32800,63.59,9363,1641,1465,61.47,8600,28.55
22-07-2025,Manimuthar,118,5511,80.83,2140,966,1014,85,2427,38.83
22-07-2025,Mettur,120,93470,105.01,66959,64,46,104.56,66240,71.64
22-07-2025,Papanasam,143,5500,91.87,1820,239,186,96.3,2047,33.09
22-07-2025,Vaigai,71,6091,21.42,305,1030,681,22.21,333,5.01
23-07-2025,Amaravathi,90,4047,47.04,799,1264,1179,44.94,713,19.74
23-07-2025,Bhavanisagar,105,32800,62.96,9130,111,73,60.7,8335,27.84
23-07-2025,Manimuthar,118,5511,81.15,2162,1502,1218,80.69,2131,39.23
23-07-2025,Mettur,120,93470,105.46,67684,1110,560,101.8,61951,72.41
23-07-2025,Papanasam,143,5500,90.28,1742,300,315,89.49,1704,31.67
23-07-2025,Vaigai,71,6091,21.42,305,3035,1958,21.98,325,5.01
24-07-2025,Amaravathi,90,4047,48.32,855,1886,1147,50,931,21.13
24-07-2025,Bhavanisagar,105,32800,62.74,9053,546,570,59.65,7979,27.6
24-07-2025,Manimuthar,118,5511,80.88,2143,1116,961,85.27,2446,38.89
24-07-2025,Mettur,120,93470,106.08,68671,975,770,99.48,58480,73.47
24-07-2025,Papanasam,143,5500,92.92,1872,795,616,91.55,1804,34.04
24-07-2025,Vaigai,71,6091,21.42,305,1266,800,21.42,305,5.01
25-07-2025,Amaravathi,90,4047,46.82,790,155,93,47.72,828,19.52
25-07-2025,Bhavanisagar,105,32800,64.89,9847,90,94,65.42,10049,30.02
25-07-2025,Manimuthar,118,5511,80.54,2121,704,693,81.62,2193,38.49
25-07-2025,Mettur,120,93470,104.98,66904,715,386,108.26,72253,71.58
25-07-2025,Papanasam,143,5500,93.37,1895,1140,758,96.52,2059,34.45
25-07-2025,Vaigai,71,6091,21.42,305,876,688,22.12,330,5.01
26-07-2025,Amaravathi,90,4047,48,841,719,412,45.69,743,20.78
26-07-2025,Bhavanisagar,105,32800,65.05,9911,406,387,63.12,9189,30.22
26-07-2025,Manimuthar,118,5511,84.93,2422,937,1014,86.12,2508,43.95
26-07-2025,Mettur,120,93470,105.09,67086,788,763,108.2,72152,71.77
26-07-2025,Papanasam,143,5500,90.75,1764,1735,1825,86.94,1585,32.07
26-07-2025,Vaigai,71,6091,21.42,305,241,229,22.33,338,5.01
27-07-2025,Amaravathi,90,4047,48.48,862,1119,598,48.83,878,21.3
27-07-2025,Bhavanisagar,105,32800,63.85,9457,1645,1264,64.88,9845,28.83
27-07-2025,Manimuthar,118,5511,83.79,2341,969,492,83.46,2318,42.48
27-07-2025,Mettur,120,93470,104.13,65558,136,122,105.62,67928,70.14
27-07-2025,Papanasam,143,5500,93.47,1900,199,99,97.5,2111,34.55
27-07-2025,Vaigai,71,6091,21.42,305,471,512,21.42,305,5.01
28-07-2025,Amaravathi,90,4047,48.22,850,79,82,50.5,954,21
28-07-2025,Bhavanisagar,105,32800,63.95,9494,225,203,65.99,10269,28.95
28-07-2025,Manimuthar,118,5511,80.59,2124,1222,976,83.23,2302,38.54
28-07-2025,Mettur,120,93470,106.3,69025,1220,734,102.29,62709,73.85
28-07-2025,Papanasam,143,5500,91.69,1811,355,265,91.1,1782,32.93
28-07-2025,Vaigai,71,6091,21.42,305,916,546,22.61,348,5.01
29-07-2025,Amaravathi,90,4047,48.74,873,1501,1496,49.14,892,21.57
29-07-2025,Bhavanisagar,105,32800,66.23,10365,548,567,66.21,10358,31.6
29-07-2025,Manimuthar,118,5511,82.28,2238,311,172,81.59,2191,40.61
29-07-2025,Mettur,120,93470,104.48,66114,2149,2052,105.69,68041,70.73
29-07-2025,Papanasam,143,5500,91.68,1810,2005,1744,91.98,1825,32.91
29-07-2025,Vaigai,71,6091,21.42,305,61,58,22.11,330,5.01
30-07-2025,Amaravathi,90,4047,48.55,865,328,206,47.53,820,21.37
30-07-2025,Bhavanisagar,105,32800,63.37,9282,1659,1627,62.69,9033,28.3
30-07-2025,Manimuthar,118,5511,81.8,2205,702,498,79.21,2034,40.01
30-07-2025,Mettur,120,93470,104.75,66550,955,986,105.74,68123,71.2
30-07-2025,Papanasam,143,5500,93.69,1911,354,228,95.07,1982,34.75
30-07-2025,Vaigai,71,6091,21.42,305,1002,676,21.42,305,5.01
31-07-2025,Amaravathi,90,4047,47.52,820,269,210,45.96,754,20.26
31-07-2025,Bhavanisagar,105,32800,63.41,9296,1574,1001,63.6,9365,28.34
31-07-2025,Manimuthar,118,5511,80.41,2113,898,868,82.87,2278,38.34
31-07-2025,Mettur,120,93470,102.25,62640,578,537,99.38,58336,67.02
31-07-2025,Papanasam,143,5500,93.59,1906,608,490,92.64,1858,34.65
31-07-2025,Vaigai,71,6091,21.42,305,251,178,21.42,305,5.01
01-08-2025,Amaravathi,90,4047,55.63,1216,1154,1216,57.25,1306,30.05
01-08-2025,Bhavanisagar,105,32800,71.93,12740,2132,1518,73.14,13284,38.84
01-08-2025,Manimuthar,118,5511,95.23,3224,611,513,94.65,3176,58.5
01-08-2025,Mettur,120,93470,119.51,92515,293,201,115.71,85340,98.98
01-08-2025,Papanasam,143,5500,105.49,2571,2024,1527,102.51,2393,46.75
01-08-2025,Vaigai,71,6091,21.42,305,339,185,22.46,343,5.01
02-08-2025,Amaravathi,90,4047,55.92,1231,870,532,58.48,1377,30.42
02-08-2025,Bhavanisagar,105,32800,72.75,13108,2056,1150,70.71,12209,39.96
02-08-2025,Manimuthar,118,5511,92.9,3030,238,171,93.61,3089,54.98
02-08-2025,Mettur,120,93470,118.46,90506,3099,2492,113.9,82033,96.83
02-08-2025,Papanasam,143,5500,105.96,2600,1163,1007,108.69,2770,47.27
02-08-2025,Vaigai,71,6091,21.42,305,995,872,22.47,343,5.01
03-08-2025,Amaravathi,90,4047,56.47,1262,371,205,58.13,1357,31.18
03-08-2025,Bhavanisagar,105,32800,72.88,13166,2511,1777,76.86,15035,40.14
03-08-2025,Manimuthar,118,5511,93.35,3068,1390,971,95.2,3222,55.67
03-08-2025,Mettur,120,93470,117.03,87801,104,95,115.37,84714,93.93
03-08-2025,Papanasam,143,5500,106.87,2656,488,253,110.75,2903,48.29
03-08-2025,Vaigai,71,6091,21.42,305,255,172,22.6,348,5.01
04-08-2025,Amaravathi,90,4047,55.08,1186,37,21,52.85,1070,29.31
04-08-2025,Bhavanisagar,105,32800,72.34,12925,1598,828,75.46,14360,39.41
04-08-2025,Manimuthar,118,5511,93.83,3107,224,189,94.3,3146,56.38
04-08-2025,Mettur,120,93470,119.52,92535,2068,1371,119.52,92535,99
04-08-2025,Papanasam,143,5500,106.1,2608,111,80,100.3,2266,47.42
04-08-2025,Vaigai,71,6091,21.42,305,207,106,22.63,349,5.01
05-08-2025,Amaravathi,90,4047,54.65,1163,72,64,56.79,1280,28.74
05-08-2025,Bhavanisagar,105,32800,73.03,13233,194,111,70.1,11945,40.34
05-08-2025,Manimuthar,118,5511,94.19,3137,2659,1888,93.31,3064,56.92
05-08-2025,Mettur,120,93470,119.52,92535,398,423,119.52,92535,99
05-08-2025,Papanasam,143,5500,104.83,2531,960,856,100.57,2281,46.02
05-08-2025,Vaigai,71,6091,21.42,305,425,448,22.64,350,5.01
06-08-2025,Amaravathi,90,4047,55.94,1232,311,216,53.51,1103,30.44
06-08-2025,Bhavanisagar,105,32800,73.15,13288,2101,1551,71.69,12635,40.51
06-08-2025,Manimuthar,118,5511,94.28,3145,1650,864,94.99,3204,57.07
06-08-2025,Mettur,120,93470,117.35,88402,275,252,113.29,80942,94.58
06-08-2025,Papanasam,143,5500,106.38,2625,759,744,111.64,2962,47.73
06-08-2025,Vaigai,71,6091,21.42,305,110,86,21.42,305,5.01
07-08-2025,Amaravathi,90,4047,55.16,1190,1259,946,55.91,1231,29.4
07-08-2025,Bhavanisagar,105,32800,73.19,13305,347,273,73.64,13512,40.56
07-08-2025,Manimuthar,118,5511,96.2,3307,168,115,98.04,3468,60.01
07-08-2025,Mettur,120,93470,117.74,89135,1176,774,119.52,92535,95.36
07-08-2025,Papanasam,143,5500,105.4,2565,4761,4946,103.05,2425,46.64
07-08-2025,Vaigai,71,6091,21.42,305,1211,924,22.5,344,5.01
08-08-2025,Amaravathi,90,4047,55.53,1210,1284,1362,54.17,1137,29.9
08-08-2025,Bhavanisagar,105,32800,71.98,12762,3859,2322,75.85,14545,38.91
08-08-2025,Manimuthar,118,5511,93.12,3049,1578,1405,88.37,2675,55.33
08-08-2025,Mettur,120,93470,119.52,92535,1859,1138,113.38,81109,99
08-08-2025,Papanasam,143,5500,105.47,2569,344,370,105.48,2570,46.71
08-08-2025,Vaigai,71,6091,21.42,305,2948,1733,21.42,305,5.01
09-08-2025,Amaravathi,90,4047,56.34,1255,578,537,57.08,1297,31.01
09-08-2025,Bhavanisagar,105,32800,73.73,13555,19,14,72.24,12877,41.33
09-08-2025,Manimuthar,118,5511,92.71,3015,1119,658,89.89,2791,54.71
09-08-2025,Mettur,120,93470,119.52,92535,1560,1124,118.54,90657,99
09-08-2025,Papanasam,143,5500,105.73,2585,659,661,100.29,2265,47
09-08-2025,Vaigai,71,6091,21.42,305,147,85,21.45,306,5.01
10-08-2025,Amaravathi,90,4047,55.08,1186,820,616,52.89,1071,29.31
10-08-2025,Bhavanisagar,105,32800,74.89,14090,743,556,76.94,15074,42.96
10-08-2025,Manimuthar,118,5511,92.58,3005,6576,3940,95.63,3258,54.53
10-08-2025,Mettur,120,93470,119.44,92389,51,45,116.86,87483,98.84
10-08-2025,Papanasam,143,5500,103.39,2444,559,382,99.69,2232,44.44
10-08-2025,Vaigai,71,6091,21.42,305,5258,3123,21.53,308,5.01
11-08-2025,Amaravathi,90,4047,54.63,1162,3357,3213,54.51,1155,28.71
11-08-2025,Bhavanisagar,105,32800,71.82,12690,1505,1504,69.61,11738,38.69
11-08-2025,Manimuthar,118,5511,93.52,3082,2302,2524,92.72,3016,55.92
11-08-2025,Mettur,120,93470,116.81,87385,2966,3063,114.32,82805,93.49
11-08-2025,Papanasam,143,5500,104.14,2489,246,217,109.19,2802,45.25
11-08-2025,Vaigai,71,6091,21.42,305,135,93,21.49,307,5.01
12-08-2025,Amaravathi,90,4047,55.78,1224,190,123,56.07,1240,30.24
12-08-2025,Bhavanisagar,105,32800,74.27,13803,600,474,72.58,13032,42.08
12-08-2025,Manimuthar,118,5511,93.55,3084,80,69,94.45,3159,55.96
12-08-2025,Mettur,120,93470,119.42,92350,372,314,112.96,80361,98.8
12-08-2025,Papanasam,143,5500,103.29,2439,225,224,108.91,2784,44.35
12-08-2025,Vaigai,71,6091,21.42,305,87,63,21.42,305,5.01
13-08-2025,Amaravathi,90,4047,55.55,1211,2085,1087,58.65,1387,29.92
13-08-2025,Bhavanisagar,105,32800,74.6,13954,198,124,70.93,12303,42.54
13-08-2025,Manimuthar,118,5511,92.23,2976,296,289,86.88,2563,54
13-08-2025,Mettur,120,93470,119.4,92301,129,141,116.87,87501,98.75
13-08-2025,Papanasam,143,5500,105.73,2585,558,376,107,2664,47
13-08-2025,Vaigai,71,6091,21.42,305,339,295,21.42,305,5.01
14-08-2025,Amaravathi,90,4047,54.01,1129,450,272,55.85,1228,27.9
14-08-2025,Bhavanisagar,105,32800,74.05,13700,3910,3666,69.9,11859,41.77
14-08-2025,Manimuthar,118,5511,92.97,3037,376,350,90.47,2837,55.11
14-08-2025,Mettur,120,93470,119.52,92535,2537,2787,115.72,85359,99
14-08-2025,Papanasam,143,5500,105.33,2561,1292,1201,110.93,2915,46.56
14-08-2025,Vaigai,71,6091,21.42,305,712,364,22.62,349,5.01
15-08-2025,Amaravathi,90,4047,54.93,1178,4043,3024,57.8,1338,29.11
15-08-2025,Bhavanisagar,105,32800,74.18,13759,2803,2852,73.67,13525,41.95
15-08-2025,Manimuthar,118,5511,93.88,3111,930,975,88.58,2691,56.45
15-08-2025,Mettur,120,93470,119.52,92535,53,39,114.03,82266,99
15-08-2025,Papanasam,143,5500,107.42,2690,234,257,106.02,2603,48.91
15-08-2025,Vaigai,71,6091,21.42,305,594,574,21.42,305,5.01
16-08-2025,Amaravathi,90,4047,55.31,1198,1457,1108,55.7,1219,29.6
16-08-2025,Bhavanisagar,105,32800,73.42,13412,987,1029,69.6,11734,40.89
16-08-2025,Manimuthar,118,5511,95.25,3226,1963,1443,91.26,2899,58.54
16-08-2025,Mettur,120,93470,118.92,91372,1990,1671,116.2,86240,97.76
16-08-2025,Papanasam,143,5500,106.27,2619,866,795,104.93,2537,47.62
16-08-2025,Vaigai,71,6091,21.42,305,545,279,21.42,305,5.01
17-08-2025,Amaravathi,90,4047,56.18,1246,77,70,53.04,1079,30.79
17-08-2025,Bhavanisagar,105,32800,73.18,13300,275,210,73.92,13639,40.55
17-08-2025,Manimuthar,118,5511,92.16,2971,739,711,95.19,3221,53.91
17-08-2025,Mettur,120,93470,118.79,91123,1380,882,111.53,77848,97.49
17-08-2025,Papanasam,143,5500,107.6,2701,175,138,107.88,2719,49.11
17-08-2025,Vaigai,71,6091,21.42,305,2863,2617,21.42,305,5.01
18-08-2025,Amaravathi,90,4047,55.64,1216,351,243,55.52,1209,30.05
18-08-2025,Bhavanisagar,105,32800,72.69,13081,2099,1810,69.99,11898,39.88
18-08-2025,Manimuthar,118,5511,92.95,3035,3292,1732,95.52,3249,55.07
18-08-2025,Mettur,120,93470,119.52,92535,1867,977,119.52,92535,99
18-08-2025,Papanasam,143,5500,105.06,2544,218,179,102.59,2398,46.25
18-08-2025,Vaigai,71,6091,21.42,305,1565,922,22.34,338,5.01
19-08-2025,Amaravathi,90,4047,55.63,1216,1180,793,56.25,1250,30.05
19-08-2025,Bhavanisagar,105,32800,73.02,13228,887,838,75.33,14301,40.33
19-08-2025,Manimuthar,118,5511,93.07,3045,61,61,97.44,3415,55.25
19-08-2025,Mettur,120,93470,119.52,92535,1256,1052,119.52,92535,99
19-08-2025,Papanasam,143,5500,103.9,2475,873,554,98.1,2144,45
19-08-2025,Vaigai,71,6091,21.42,305,466,359,21.49,307,5.01
20-08-2025,Amaravathi,90,4047,55.18,1191,3,1,57.07,1296,29.43
20-08-2025,Bhavanisagar,105,32800,71.47,12539,4731,4248,70.68,12194,38.23
20-08-2025,Manimuthar,118,5511,93.16,3052,851,577,92.23,2977,55.38
20-08-2025,Mettur,120,93470,119.31,92126,1130,1236,119.52,92535,98.56
20-08-2025,Papanasam,143,5500,106.37,2625,541,285,110.89,2912,47.73
20-08-2025,Vaigai,71,6091,21.42,305,849,732,21.42,305,5.01
21-08-2025,Amaravathi,90,4047,55.28,1197,4231,3199,55.36,1201,29.58
21-08-2025,Bhavanisagar,105,32800,73.12,13274,427,400,70.8,12248,40.47
21-08-2025,Manimuthar,118,5511,93.41,3073,1421,889,91.79,2941,55.76
21-08-2025,Mettur,120,93470,119.52,92535,759,701,117.91,89460,99
21-08-2025,Papanasam,143,5500,107.09,2669,241,255,106.81,2652,48.53
21-08-2025,Vaigai,71,6091,21.42,305,3540,2280,21.42,305,5.01
22-08-2025,Amaravathi,90,4047,55.47,1207,203,175,58.24,1363,29.82
22-08-2025,Bhavanisagar,105,32800,73.22,13320,445,390,69.74,11794,40.61
22-08-2025,Manimuthar,118,5511,94.28,3145,513,460,97.22,3395,57.07
22-08-2025,Mettur,120,93470,119.52,92535,3423,3619,117.22,88146,99
22-08-2025,Papanasam,143,5500,107.1,2670,2722,1966,105.9,2596,48.55
22-08-2025,Vaigai,71,6091,21.42,305,915,838,21.42,305,5.01
23-08-2025,Amaravathi,90,4047,54.63,1161,283,271,51.36,995,28.69
23-08-2025,Bhavanisagar,105,32800,72.04,12788,1383,926,67.51,10871,38.99
23-08-2025,Manimuthar,118,5511,94.91,3197,1166,750,88.94,2718,58.01
23-08-2025,Mettur,120,93470,117.04,87818,975,611,119.52,92535,93.95
23-08-2025,Papanasam,143,5500,104.64,2519,737,776,107.01,2665,45.8
23-08-2025,Vaigai,71,6091,21.42,305,2489,1453,21.42,305,5.01
24-08-2025,Amaravathi,90,4047,54.81,1172,564,340,53.97,1127,28.96
24-08-2025,Bhavanisagar,105,32800,72.82,13137,1958,1693,76.77,14993,40.05
24-08-2025,Manimuthar,118,5511,94.18,3136,1554,848,95.13,3216,56.9
24-08-2025,Mettur,120,93470,119.52,92535,1169,621,118.87,91280,99
24-08-2025,Papanasam,143,5500,104.75,2526,340,223,101.27,2321,45.93
24-08-2025,Vaigai,71,6091,21.42,305,1440,1533,22.02,326,5.01
25-08-2025,Amaravathi,90,4047,55.19,1192,702,477,56.21,1248,29.45
25-08-2025,Bhavanisagar,105,32800,73.54,13467,608,552,69.53,11704,41.06
25-08-2025,Manimuthar,118,5511,94.14,3133,2236,1640,90.63,2849,56.85
25-08-2025,Mettur,120,93470,119.52,92535,1460,1323,117.68,89013,99
25-08-2025,Papanasam,143,5500,104.93,2536,1396,795,103.49,2451,46.11
25-08-2025,Vaigai,71,6091,21.42,305,1012,1072,21.42,305,5.01
26-08-2025,Amaravathi,90,4047,55.25,1195,277,183,57.52,1322,29.53
26-08-2025,Bhavanisagar,105,32800,73.49,13443,1006,676,70.02,11911,40.98
26-08-2025,Manimuthar,118,5511,94.91,3198,65,55,96.52,3335,58.03
26-08-2025,Mettur,120,93470,119.52,92535,1552,1380,116.23,86297,99
26-08-2025,Papanasam,143,5500,103.85,2472,87,47,99.02,2194,44.95
26-08-2025,Vaigai,71,6091,21.42,305,685,687,21.42,305,5.01
27-08-2025,Amaravathi,90,4047,55.83,1227,1102,851,53.41,1098,30.32
27-08-2025,Bhavanisagar,105,32800,73.04,13239,1580,1401,71.93,12738,40.36
27-08-2025,Manimuthar,118,5511,93.98,3120,1198,1066,95.44,3243,56.61
27-08-2025,Mettur,120,93470,118.97,91484,220,193,119.52,92535,97.88
27-08-2025,Papanasam,143,5500,106.67,2643,2349,2101,100.86,2298,48.05
27-08-2025,Vaigai,71,6091,21.42,305,1052,981,22.42,341,5.01
28-08-2025,Amaravathi,90,4047,54.25,1141,3727,3840,51.43,999,28.19
28-08-2025,Bhavanisagar,105,32800,73.53,13462,503,327,73.84,13601,41.04
28-08-2025,Manimuthar,118,5511,93.25,3059,1254,640,94.74,3183,55.51
28-08-2025,Mettur,120,93470,119.52,92535,789,710,119.52,92535,99
28-08-2025,Papanasam,143,5500,103.78,2468,1121,912,103.55,2454,44.87
28-08-2025,Vaigai,71,6091,21.42,305,1339,986,21.42,305,5.01
29-08-2025,Amaravathi,90,4047,55.11,1187,945,600,54.52,1156,29.33
29-08-2025,Bhavanisagar,105,32800,72.93,13189,2256,1267,76.67,14942,40.21
29-08-2025,Manimuthar,118,5511,93.09,3047,1423,915,94.18,3136,55.29
29-08-2025,Mettur,120,93470,117.76,89175,241,123,119.52,92535,95.4
29-08-2025,Papanasam,143,5500,104.73,2524,490,285,107.71,2708,45.89
29-08-2025,Vaigai,71,6091,21.42,305,3077,3256,22.4,341,5.01
30-08-2025,Amaravathi,90,4047,55.41,1204,528,329,57.35,1312,29.75
30-08-2025,Bhavanisagar,105,32800,72.66,13067,1618,1182,71.8,12684,39.84
30-08-2025,Manimuthar,118,5511,91.8,2942,808,844,90.99,2877,53.38
30-08-2025,Mettur,120,93470,119.52,92535,2367,2323,119.52,92535,99
30-08-2025,Papanasam,143,5500,106.65,2642,73,64,104.71,2523,48.04
30-08-2025,Vaigai,71,6091,21.42,305,950,919,21.58,310,5.01
31-08-2025,Amaravathi,90,4047,56.02,1237,1273,994,54.07,1132,30.57
31-08-2025,Bhavanisagar,105,32800,73.55,13469,1987,2141,70.14,11961,41.06
31-08-2025,Manimuthar,118,5511,93.89,3112,1291,672,88.94,2718,56.47
31-08-2025,Mettur,120,93470,119.52,92535,998,791,118.1,89812,99
31-08-2025,Papanasam,143,5500,104.57,2515,1904,1938,102.86,2413,45.73
31-08-2025,Vaigai,71,6091,21.42,305,6543,5060,21.96,324,5.01
01-09-2025,Amaravathi,90,4047,59.99,1468,1174,869,60.14,1477,36.27
01-09-2025,Bhavanisagar,105,32800,78.56,15882,755,542,74.16,13749,48.42
01-09-2025,Manimuthar,118,5511,100.03,3647,2201,1324,96.92,3369,66.18
01-09-2025,Mettur,120,93470,119.52,92535,518,545,119.52,92535,99
01-09-2025,Papanasam,143,5500,113.04,3056,863,618,108.62,2765,55.56
01-09-2025,Vaigai,71,6091,22.52,345,3111,2574,22.28,336,5.66
02-09-2025,Amaravathi,90,4047,59.77,1455,2415,1700,57.4,1315,35.95
02-09-2025,Bhavanisagar,105,32800,77.05,15128,1851,1409,74.14,13743,46.12
02-09-2025,Manimuthar,118,5511,100.56,3695,902,630,101.58,3789,67.05
02-09-2025,Mettur,120,93470,119.52,92535,1437,1024,112.81,80098,99
02-09-2025,Papanasam,143,5500,114.23,3137,3598,2118,116.07,3265,57.04
02-09-2025,Vaigai,71,6091,22.83,357,182,133,23.46,382,5.86
03-09-2025,Amaravathi,90,4047,60.82,1519,1995,2053,59.86,1460,37.53
03-09-2025,Bhavanisagar,105,32800,79.4,16312,1066,723,80.7,16988,49.73
03-09-2025,Manimuthar,118,5511,100.17,3659,3179,3276,103.99,4018,66.39
03-09-2025,Mettur,120,93470,119.52,92535,141,121,119.52,92535,99
03-09-2025,Papanasam,143,5500,113.57,3092,2721,1812,119.12,3483,56.22
03-09-2025,Vaigai,71,6091,22.49,344,702,415,23,364,5.65
04-09-2025,Amaravathi,90,4047,60.34,1490,125,134,59.87,1460,36.82
04-09-2025,Bhavanisagar,105,32800,79.42,16321,543,348,81.57,17450,49.76
04-09-2025,Manimuthar,118,5511,99.63,3610,3201,2694,101.36,3768,65.51
04-09-2025,Mettur,120,93470,119.52,92535,3431,3072,115.26,84519,99
04-09-2025,Papanasam,143,5500,114.69,3168,1975,1918,108.75,2774,57.6
04-09-2025,Vaigai,71,6091,22.58,347,5157,4561,22.89,360,5.7
05-09-2025,Amaravathi,90,4047,60.67,1510,1265,788,62.49,1626,37.31
05-09-2025,Bhavanisagar,105,32800,78.46,15830,441,468,78.65,15926,48.26
05-09-2025,Manimuthar,118,5511,102.55,3881,1281,725,106.26,4241,70.42
05-09-2025,Mettur,120,93470,119.52,92535,540,530,119.52,92535,99
05-09-2025,Papanasam,143,5500,115.48,3223,3164,1636,121.34,3648,58.6
05-09-2025,Vaigai,71,6091,22.34,338,2091,1800,22.77,355,5.55
06-09-2025,Amaravathi,90,4047,60.46,1497,2605,2166,60.37,1492,36.99
06-09-2025,Bhavanisagar,105,32800,78.69,15946,726,743,77.69,15443,48.62
06-09-2025,Manimuthar,118,5511,101.47,3779,2287,2269,97.59,3428,68.57
06-09-2025,Mettur,120,93470,119.52,92535,48,49,119.52,92535,99
06-09-2025,Papanasam,143,5500,114.5,3155,70,60,117.11,3338,57.36
06-09-2025,Vaigai,71,6091,22.55,346,3665,3556,23.29,375,5.68
07-09-2025,Amaravathi,90,4047,59.11,1414,4914,4767,60.22,1482,34.94
07-09-2025,Bhavanisagar,105,32800,78.21,15704,759,523,79.85,16539,47.88
07-09-2025,Manimuthar,118,5511,100.3,3671,1135,658,98.91,3545,66.61
07-09-2025,Mettur,120,93470,119.52,92535,3007,1616,117.12,87963,99
07-09-2025,Papanasam,143,5500,113.59,3093,181,173,118.21,3417,56.24
07-09-2025,Vaigai,71,6091,22.33,338,983,956,21.42,305,5.55
08-09-2025,Amaravathi,90,4047,59.22,1421,1166,700,62.48,1625,35.11
08-09-2025,Bhavanisagar,105,32800,78.57,15886,547,462,74.3,13817,48.43
08-09-2025,Manimuthar,118,5511,100.19,3661,321,211,102.63,3888,66.43
08-09-2025,Mettur,120,93470,119.52,92535,110,119,119.52,92535,99
08-09-2025,Papanasam,143,5500,115.53,3227,1416,844,108.49,2758,58.67
08-09-2025,Vaigai,71,6091,22.57,347,93,50,23.18,371,5.7
09-09-2025,Amaravathi,90,4047,59.36,1430,1089,1115,62.03,1596,35.33
09-09-2025,Bhavanisagar,105,32800,78.75,15976,4422,3211,80.27,16763,48.71
09-09-2025,Manimuthar,118,5511,100.71,3709,142,131,103.5,3971,67.3
09-09-2025,Mettur,120,93470,119.52,92535,117,73,115.54,85022,99
09-09-2025,Papanasam,143,5500,114.64,3165,1683,1662,113.73,3103,57.55
09-09-2025,Vaigai,71,6091,22.03,327,178,167,21.55,309,5.37
10-09-2025,Amaravathi,90,4047,59.68,1449,17,17,58.01,1350,35.8
10-09-2025,Bhavanisagar,105,32800,78.08,15639,471,271,73.76,13568,47.68
10-09-2025,Manimuthar,118,5511,101.26,3760,2691,2111,105.5,4165,68.23
10-09-2025,Mettur,120,93470,119.52,92535,1013,669,113.58,81458,99
10-09-2025,Papanasam,143,5500,116.09,3266,212,225,116.72,3310,59.38
10-09-2025,Vaigai,71,6091,22.53,345,493,439,22.69,352,5.66
11-09-2025,Amaravathi,90,4047,59.98,1468,1366,1349,61.99,1594,36.27
11-09-2025,Bhavanisagar,105,32800,78.39,15798,305,291,73.62,13504,48.16
11-09-2025,Manimuthar,118,5511,100.7,3708,231,226,97.34,3406,67.28
11-09-2025,Mettur,120,93470,119.52,92535,5783,5526,119.52,92535,99
11-09-2025,Papanasam,143,5500,114.84,3179,4291,3618,112,2986,57.8
11-09-2025,Vaigai,71,6091,22.82,357,506,494,22.06,328,5.86
12-09-2025,Amaravathi,90,4047,60.41,1494,3533,2938,63.66,1703,36.92
12-09-2025,Bhavanisagar,105,32800,78.67,15938,1305,949,78.73,15969,48.59
12-09-2025,Manimuthar,118,5511,100.54,3693,270,235,95.23,3224,67.01
12-09-2025,Mettur,120,93470,119.52,92535,926,617,119.52,92535,99
12-09-2025,Papanasam,143,5500,114.34,3144,9356,8499,113.07,3058,57.16
12-09-2025,Vaigai,71,6091,22.24,334,276,267,22.78,355,5.48
13-09-2025,Amaravathi,90,4047,59.83,1458,784,680,56.51,1264,36.03
13-09-2025,Bhavanisagar,105,32800,77.65,15427,559,525,81,17145,47.03
13-09-2025,Manimuthar,118,5511,99.83,3629,424,418,99.86,3631,65.85
13-09-2025,Mettur,120,93470,119.52,92535,423,244,115.95,85775,99
13-09-2025,Papanasam,143,5500,111.93,2981,3507,2768,116.15,3270,54.2
13-09-2025,Vaigai,71,6091,22.5,345,2916,2816,22.03,327,5.66
14-09-2025,Amaravathi,90,4047,60.5,1499,1129,1154,58.36,1370,37.04
14-09-2025,Bhavanisagar,105,32800,79.49,16354,342,191,83.15,18306,49.86
14-09-2025,Manimuthar,118,5511,101.48,3780,1918,1480,98.21,3483,68.59
14-09-2025,Mettur,120,93470,119.52,92535,702,634,112.98,80392,99
14-09-2025,Papanasam,143,5500,115.71,3239,2933,2917,118.73,3455,58.89
14-09-2025,Vaigai,71,6091,22.51,345,1717,986,22.53,345,5.66
15-09-2025,Amaravathi,90,4047,60.21,1481,895,639,59.77,1455,36.6
15-09-2025,Bhavanisagar,105,32800,79.54,16384,712,409,80.39,16823,49.95
15-09-2025,Manimuthar,118,5511,101.25,3759,224,166,99.15,3566,68.21
15-09-2025,Mettur,120,93470,119.52,92535,254,179,119.52,92535,99
15-09-2025,Papanasam,143,5500,113.8,3107,194,195,113.78,3106,56.49
15-09-2025,Vaigai,71,6091,22.51,345,124,97,22.3,337,5.66
16-09-2025,Amaravathi,90,4047,59.77,1454,1172,1030,61.87,1586,35.93
16-09-2025,Bhavanisagar,105,32800,77.5,15352,1191,740,77.05,15130,46.8
16-09-2025,Manimuthar,118,5511,101.62,3793,385,408,106.12,4226,68.83
16-09-2025,Mettur,120,93470,119.52,92535,269,147,119.3,92106,99
16-09-2025,Papanasam,143,5500,115.26,3208,218,124,110.4,2880,58.33
16-09-2025,Vaigai,71,6091,22.48,343,940,495,22.1,329,5.63
17-09-2025,Amaravathi,90,4047,60.57,1503,1220,857,61.7,1575,37.14
17-09-2025,Bhavanisagar,105,32800,79.33,16273,163,135,81.22,17263,49.61
17-09-2025,Manimuthar,118,5511,100.66,3704,2298,1436,101.76,3806,67.21
17-09-2025,Mettur,120,93470,119.52,92535,2605,1516,119.52,92535,99
17-09-2025,Papanasam,143,5500,115.05,3193,364,366,111.97,2984,58.05
17-09-2025,Vaigai,71,6091,22.38,340,2009,1449,22.17,332,5.58
18-09-2025,Amaravathi,90,4047,59.72,1451,2023,1688,56.4,1258,35.85
18-09-2025,Bhavanisagar,105,32800,80,16622,2517,2208,76.56,14890,50.68
18-09-2025,Manimuthar,118,5511,100.1,3653,1925,1717,102.54,3879,66.29
18-09-2025,Mettur,120,93470,119.52,92535,1126,660,119.52,92535,99
18-09-2025,Papanasam,143,5500,115.22,3205,2519,1998,118.36,3428,58.27
18-09-2025,Vaigai,71,6091,22.8,356,1327,1420,21.69,314,5.84
19-09-2025,Amaravathi,90,4047,59.53,1440,531,480,55.93,1232,35.58
19-09-2025,Bhavanisagar,105,32800,79.77,16499,39,29,78.14,15672,50.3
19-09-2025,Manimuthar,118,5511,101.98,3827,35,23,96.22,3309,69.44
19-09-2025,Mettur,120,93470,119.52,92535,137,106,116.69,87163,99
19-09-2025,Papanasam,143,5500,112.48,3018,2945,1534,118.64,3448,54.87
19-09-2025,Vaigai,71,6091,22.54,346,4764,5211,22.5,344,5.68
20-09-2025,Amaravathi,90,4047,59.37,1430,2254,1485,57.99,1349,35.33
20-09-2025,Bhavanisagar,105,32800,79.9,16569,1771,1115,80.77,17021,50.52
20-09-2025,Manimuthar,118,5511,100.87,3723,1685,944,104.93,4110,67.56
20-09-2025,Mettur,120,93470,119.52,92535,2764,1476,118.34,90276,99
20-09-2025,Papanasam,143,5500,112.86,3044,1671,1269,114.58,3161,55.35
20-09-2025,Vaigai,71,6091,22.44,342,1010,895,22.59,348,5.61
21-09-2025,Amaravathi,90,4047,58.98,1407,3453,1903,58.59,1384,34.77
21-09-2025,Bhavanisagar,105,32800,79.82,16525,464,505,80.9,17089,50.38
21-09-2025,Manimuthar,118,5511,100.98,3734,2007,2041,102.91,3914,67.76
21-09-2025,Mettur,120,93470,119.52,92535,1366,1229,119.52,92535,99
21-09-2025,Papanasam,143,5500,114.2,3135,6729,4314,117.19,3344,57
21-09-2025,Vaigai,71,6091,22.72,353,2194,1751,22.61,349,5.8
22-09-2025,Amaravathi,90,4047,59.91,1463,3029,2633,58.39,1372,36.15
22-09-2025,Bhavanisagar,105,32800,78.84,16023,2524,1391,75.75,14501,48.85
22-09-2025,Manimuthar,118,5511,101.26,3759,49,49,104.03,4021,68.21
22-09-2025,Mettur,120,93470,119.52,92535,3171,2182,119.52,92535,99
22-09-2025,Papanasam,143,5500,113.01,3054,913,813,108.9,2783,55.53
22-09-2025,Vaigai,71,6091,22.59,348,1632,1262,22.48,344,5.71
23-09-2025,Amaravathi,90,4047,60.77,1516,5794,6001,59.6,1444,37.46
23-09-2025,Bhavanisagar,105,32800,78.11,15657,1512,1387,76.61,14917,47.73
23-09-2025,Manimuthar,118,5511,99.73,3619,1045,1066,96.7,3350,65.67
23-09-2025,Mettur,120,93470,119.52,92535,347,275,119.52,92535,99
23-09-2025,Papanasam,143,5500,114.58,3161,347,306,115.61,3232,57.47
23-09-2025,Vaigai,71,6091,22.8,356,522,424,22.37,339,5.84
24-09-2025,Amaravathi,90,4047,59.47,1436,10110,5076,55.94,1233,35.48
24-09-2025,Bhavanisagar,105,32800,80.08,16661,182,98,80.93,17106,50.8
24-09-2025,Manimuthar,118,5511,100.16,3658,170,173,94.2,3138,66.38
24-09-2025,Mettur,120,93470,119.52,92535,1085,857,119.52,92535,99
24-09-2025,Papanasam,143,5500,114.13,3130,1332,1157,114.16,3132,56.91
24-09-2025,Vaigai,71,6091,22.52,345,177,190,23.44,382,5.66
25-09-2025,Amaravathi,90,4047,59.56,1442,100,64,59.03,1410,35.63
25-09-2025,Bhavanisagar,105,32800,80.27,16763,1140,858,79.28,16250,51.11
25-09-2025,Manimuthar,118,5511,100.94,3730,1135,657,105.65,4180,67.68
25-09-2025,Mettur,120,93470,119.52,92535,835,581,118.86,91258,99
25-09-2025,Papanasam,143,5500,113.73,3102,853,820,120.02,3549,56.4
25-09-2025,Vaigai,71,6091,22.57,347,683,749,22.02,326,5.7
26-09-2025,Amaravathi,90,4047,60.12,1476,2098,1834,58.18,1360,36.47
26-09-2025,Bhavanisagar,105,32800,79.14,16176,42,29,83.48,18485,49.32
26-09-2025,Manimuthar,118,5511,101.72,3803,2217,2337,103.92,4012,69.01
26-09-2025,Mettur,120,93470,119.52,92535,2299,1323,115.04,84108,99
26-09-2025,Papanasam,143,5500,114.59,3161,4829,5020,109.74,2837,57.47
26-09-2025,Vaigai,71,6091,22.44,342,436,366,23.32,376,5.61
27-09-2025,Amaravathi,90,4047,60.28,1486,2699,1872,63.63,1701,36.72
27-09-2025,Bhavanisagar,105,32800,78.76,15981,1417,1428,78.2,15699,48.72
27-09-2025,Manimuthar,118,5511,100.65,3703,1067,922,105.61,4176,67.19
27-09-2025,Mettur,120,93470,119.52,92535,1076,954,115.55,85035,99
27-09-2025,Papanasam,143,5500,112.66,3030,985,880,109.35,2813,55.09
27-09-2025,Vaigai,71,6091,22.65,350,101,106,21.47,306,5.75
28-09-2025,Amaravathi,90,4047,59.83,1458,1973,1060,56.35,1255,36.03
28-09-2025,Bhavanisagar,105,32800,79.63,16427,28,15,79.73,16478,50.08
28-09-2025,Manimuthar,118,5511,100.29,3670,775,714,105.62,4178,66.59
28-09-2025,Mettur,120,93470,119.52,92535,1287,930,119.52,92535,99
28-09-2025,Papanasam,143,5500,112.41,3013,37,21,111.59,2959,54.78
28-09-2025,Vaigai,71,6091,22.33,338,3929,3121,22.19,333,5.55
29-09-2025,Amaravathi,90,4047,60.13,1476,324,261,57.08,1296,36.47
29-09-2025,Bhavanisagar,105,32800,79.46,16340,1538,1363,74.76,14028,49.82
29-09-2025,Manimuthar,118,5511,102.7,3894,555,388,96.6,3342,70.66
29-09-2025,Mettur,120,93470,119.52,92535,327,218,115.38,84727,99
29-09-2025,Papanasam,143,5500,115.17,3202,180,189,120.45,3581,58.22
29-09-2025,Vaigai,71,6091,22.34,338,1128,922,22.38,340,5.55
30-09-2025,Amaravathi,90,4047,59.4,1432,4058,2866,62.2,1607,35.38
30-09-2025,Bhavanisagar,105,32800,79.37,16295,2821,2744,77.02,15117,49.68
30-09-2025,Manimuthar,118,5511,100.67,3705,5687,5619,95.58,3254,67.23
30-09-2025,Mettur,120,93470,119.52,92535,323,321,116.38,86586,99
30-09-2025,Papanasam,143,5500,113.31,3074,3830,3614,107.77,2712,55.89
30-09-2025,Vaigai,71,6091,22.6,348,1348,689,23.16,370,5.71
01-10-2025,Amaravathi,90,4047,61.79,1581,4212,3416,58.51,1379,39.07
01-10-2025,Bhavanisagar,105,32800,81.25,17277,72,44,78.02,15612,52.67
01-10-2025,Manimuthar,118,5511,106.32,4247,198,157,105.59,4174,77.06
01-10-2025,Mettur,120,93470,119.52,92535,825,807,117.59,88854,99
01-10-2025,Papanasam,143,5500,117.25,3348,7740,5416,118.44,3434,60.87
01-10-2025,Vaigai,71,6091,23.22,373,1486,1249,23.72,393,6.12
02-10-2025,Amaravathi,90,4047,62.01,1594,205,149,65.16,1805,39.39
02-10-2025,Bhavanisagar,105,32800,82.41,17902,725,544,82.5,17948,54.58
02-10-2025,Manimuthar,118,5511,103.96,4015,428,291,109.56,4577,72.85
02-10-2025,Mettur,120,93470,119.52,92535,160,133,119.52,92535,99
02-10-2025,Papanasam,143,5500,118.16,3413,2660,2799,121.7,3675,62.05
02-10-2025,Vaigai,71,6091,23.42,381,157,137,22.79,356,6.26
03-10-2025,Amaravathi,90,4047,62.43,1622,803,422,65.84,1852,40.08
03-10-2025,Bhavanisagar,105,32800,80.68,16974,52,44,79.66,16443,51.75
03-10-2025,Manimuthar,118,5511,104.05,4024,1352,1220,106.81,4295,73.02
03-10-2025,Mettur,120,93470,119.52,92535,1966,1243,115.37,84713,99
03-10-2025,Papanasam,143,5500,117.94,3398,1636,910,123.2,3789,61.78
03-10-2025,Vaigai,71,6091,23.66,390,2152,1229,23.92,401,6.4
04-10-2025,Amaravathi,90,4047,62.24,1609,30,32,61.24,1546,39.76
04-10-2025,Bhavanisagar,105,32800,81.8,17571,624,636,84.17,18871,53.57
04-10-2025,Manimuthar,118,5511,104.27,4045,2470,1289,102.93,3917,73.4
04-10-2025,Mettur,120,93470,119.52,92535,3646,2369,116.05,85963,99
04-10-2025,Papanasam,143,5500,120.35,3574,1381,723,126.2,4024,64.98
04-10-2025,Vaigai,71,6091,23.36,378,6120,3635,24.32,418,6.21
05-10-2025,Amaravathi,90,4047,61.83,1583,1467,1294,63.57,1697,39.12
05-10-2025,Bhavanisagar,105,32800,81.91,17632,246,225,78.94,16077,53.76
05-10-2025,Manimuthar,118,5511,105.13,4129,1622,861,103.81,4001,74.92
05-10-2025,Mettur,120,93470,119.52,92535,2441,1443,118.92,91378,99
05-10-2025,Papanasam,143,5500,119.45,3508,3421,3384,112.9,3046,63.78
05-10-2025,Vaigai,71,6091,23.55,386,582,391,24.66,433,6.34
06-10-2025,Amaravathi,90,4047,61.81,1582,351,377,62.83,1648,39.09
06-10-2025,Bhavanisagar,105,32800,82.73,18077,1024,551,85.87,19841,55.11
06-10-2025,Manimuthar,118,5511,105.05,4121,135,128,99.32,3582,74.78
06-10-2025,Mettur,120,93470,119.52,92535,761,423,119.32,92150,99
06-10-2025,Papanasam,143,5500,118.31,3424,499,511,123.78,3834,62.25
06-10-2025,Vaigai,71,6091,23.5,384,785,422,23.78,395,6.3
07-10-2025,Amaravathi,90,4047,62.1,1600,941,1022,62.7,1640,39.54
07-10-2025,Bhavanisagar,105,32800,81.85,17597,2400,2092,84.75,19197,53.65
07-10-2025,Manimuthar,118,5511,104.6,4077,1093,813,104.14,4032,73.98
07-10-2025,Mettur,120,93470,119.52,92535,478,499,119.06,91649,99
07-10-2025,Papanasam,143,5500,115.99,3259,338,365,111.89,2979,59.25
07-10-2025,Vaigai,71,6091,23.4,380,1806,1850,24.18,412,6.24
08-10-2025,Amaravathi,90,4047,62.65,1636,3548,3803,63.95,1722,40.43
08-10-2025,Bhavanisagar,105,32800,82.7,18060,994,965,82.33,17856,55.06
08-10-2025,Manimuthar,118,5511,103.75,3994,2198,1585,104.34,4052,72.47
08-10-2025,Mettur,120,93470,119.52,92535,1105,1056,114.4,82944,99
08-10-2025,Papanasam,143,5500,116.71,3309,372,333,113.02,3054,60.16
08-10-2025,Vaigai,71,6091,23.28,375,209,152,24.03,406,6.16
09-10-2025,Amaravathi,90,4047,61.97,1592,71,44,59.57,1442,39.34
09-10-2025,Bhavanisagar,105,32800,81.91,17630,1093,1061,84.98,19331,53.75
09-10-2025,Manimuthar,118,5511,103.99,4017,1674,1329,106.71,4286,72.89
09-10-2025,Mettur,120,93470,119.52,92535,1599,1758,119.52,92535,99
09-10-2025,Papanasam,143,5500,118.34,3427,1178,704,118.26,3421,62.31
09-10-2025,Vaigai,71,6091,23.43,381,2342,1192,24.46,425,6.26
10-10-2025,Amaravathi,90,4047,62.03,1596,517,353,60.97,1529,39.44
10-10-2025,Bhavanisagar,105,32800,82.42,17906,1423,865,82.1,17733,54.59
10-10-2025,Manimuthar,118,5511,103.67,3987,1447,1421,102.96,3919,72.35
10-10-2025,Mettur,120,93470,119.52,92535,892,888,114.65,83394,99
10-10-2025,Papanasam,143,5500,118.12,3411,933,964,110.83,2909,62.02
10-10-2025,Vaigai,71,6091,23.34,377,187,109,23.98,404,6.19
11-10-2025,Amaravathi,90,4047,61.55,1565,76,68,61.83,1583,38.67
11-10-2025,Bhavanisagar,105,32800,83.42,18451,3118,1651,86.84,20402,56.25
11-10-2025,Manimuthar,118,5511,106.75,4290,440,321,108.33,4450,77.84
11-10-2025,Mettur,120,93470,119.52,92535,1680,1757,119.52,92535,99
11-10-2025,Papanasam,143,5500,118.4,3431,289,152,118.94,3470,62.38
11-10-2025,Vaigai,71,6091,23.37,379,600,426,22.93,361,6.22
12-10-2025,Amaravathi,90,4047,61.93,1590,1033,909,64.3,1746,39.29
12-10-2025,Bhavanisagar,105,32800,81.59,17460,1399,865,79.77,16503,53.23
12-10-2025,Manimuthar,118,5511,104.8,4097,51,38,106.03,4218,74.34
12-10-2025,Mettur,120,93470,119.52,92535,1224,648,112.55,79624,99
12-10-2025,Papanasam,143,5500,118.59,3444,471,320,114.87,3181,62.62
12-10-2025,Vaigai,71,6091,23.57,387,696,449,23.88,399,6.35
13-10-2025,Amaravathi,90,4047,63.03,1661,5402,5422,62.46,1624,41.04
13-10-2025,Bhavanisagar,105,32800,82.1,17734,93,55,85.1,19398,54.07
13-10-2025,Manimuthar,118,5511,104.95,4112,102,65,108.33,4451,74.61
13-10-2025,Mettur,120,93470,119.52,92535,3216,1918,112.39,79348,99
13-10-2025,Papanasam,143,5500,119.07,3479,142,115,123.12,3783,63.25
13-10-2025,Vaigai,71,6091,23.29,375,363,364,23.95,403,6.16
14-10-2025,Amaravathi,90,4047,61.5,1562,1821,1103,61.94,1590,38.6
14-10-2025,Bhavanisagar,105,32800,80.65,16958,250,160,80.19,16721,51.7
14-10-2025,Manimuthar,118,5511,103.24,3946,231,151,108.54,4472,71.6
14-10-2025,Mettur,120,93470,119.52,92535,1049,673,112.78,80032,99
14-10-2025,Papanasam,143,5500,120.36,3575,149,154,121.49,3659,65
14-10-2025,Vaigai,71,6091,23.47,383,4701,2817,22.44,342,6.29
15-10-2025,Amaravathi,90,4047,62.03,1596,4621,3439,65.59,1835,39.44
15-10-2025,Bhavanisagar,105,32800,83.04,18243,1043,1015,84.2,18890,55.62
15-10-2025,Manimuthar,118,5511,105.36,4152,3518,3341,100.39,3679,75.34
15-10-2025,Mettur,120,93470,119.52,92535,1649,1102,114.69,83471,99
15-10-2025,Papanasam,143,5500,118.97,3472,42,44,121,3622,63.13
15-10-2025,Vaigai,71,6091,23.79,396,1151,989,22.85,358,6.5
16-10-2025,Amaravathi,90,4047,62.23,1609,1523,800,62.87,1651,39.76
16-10-2025,Bhavanisagar,105,32800,82,17677,211,125,81.38,17343,53.89
16-10-2025,Manimuthar,118,5511,105.43,4159,1279,980,103,3923,75.47
16-10-2025,Mettur,120,93470,119.52,92535,840,823,117.96,89540,99
16-10-2025,Papanasam,143,5500,121.08,3629,169,86,114.27,3140,65.98
16-10-2025,Vaigai,71,6091,23.51,384,1149,1028,23.32,377,6.3
17-10-2025,Amaravathi,90,4047,61.72,1576,2802,1885,59.39,1432,38.94
17-10-2025,Bhavanisagar,105,32800,82.95,18196,1529,1120,79.57,16398,55.48
17-10-2025,Manimuthar,118,5511,104.78,4095,109,72,101.28,3761,74.31
17-10-2025,Mettur,120,93470,119.52,92535,2607,1674,119.52,92535,99
17-10-2025,Papanasam,143,5500,119.9,3541,1218,833,120.36,3574,64.38
17-10-2025,Vaigai,71,6091,23.25,374,714,487,22.99,364,6.14
18-10-2025,Amaravathi,90,4047,62.45,1623,6419,4602,63.21,1673,40.1
18-10-2025,Bhavanisagar,105,32800,81.49,17402,452,382,80.73,17002,53.05
18-10-2025,Manimuthar,118,5511,106.02,4217,3844,3415,106.79,4294,76.52
18-10-2025,Mettur,120,93470,119.52,92535,1468,1552,117.89,89407,99
18-10-2025,Papanasam,143,5500,119.84,3536,1278,653,116.65,3305,64.29
18-10-2025,Vaigai,71,6091,23.73,393,41,36,24.69,434,6.45
19-10-2025,Amaravathi,90,4047,62.62,1634,4332,3919,61.89,1587,40.38
19-10-2025,Bhavanisagar,105,32800,81.01,17149,1913,1935,78.6,15904,52.28
19-10-2025,Manimuthar,118,5511,106.85,4300,2474,2059,112.26,4865,78.03
19-10-2025,Mettur,120,93470,119.52,92535,2627,1683,117.26,88235,99
19-10-2025,Papanasam,143,5500,119.05,3478,1626,1255,114.99,3189,63.24
19-10-2025,Vaigai,71,6091,23.27,374,7613,5011,22.19,332,6.14
20-10-2025,Amaravathi,90,4047,63.11,1666,3490,2124,63.44,1688,41.17
20-10-2025,Bhavanisagar,105,32800,81.97,17660,1190,1291,80.3,16777,53.84
20-10-2025,Manimuthar,118,5511,104.99,4115,6626,7270,107.09,4324,74.67
20-10-2025,Mettur,120,93470,119.52,92535,53,57,119.52,92535,99
20-10-2025,Papanasam,143,5500,117.96,3399,2359,2459,114.12,3129,61.8
20-10-2025,Vaigai,71,6091,23.32,377,812,765,22.74,353,6.19
21-10-2025,Amaravathi,90,4047,62.1,1600,2988,2665,64.55,1763,39.54
21-10-2025,Bhavanisagar,105,32800,81.35,17331,1639,907,85.66,19719,52.84
21-10-2025,Manimuthar,118,5511,104.77,4093,3455,3612,109.67,4590,74.27
21-10-2025,Mettur,120,93470,119.52,92535,1663,1508,116.86,87470,99
21-10-2025,Papanasam,143,5500,118.89,3467,6637,6304,115.76,3243,63.04
21-10-2025,Vaigai,71,6091,22.98,363,220,153,23.59,387,5.96
22-10-2025,Amaravathi,90,4047,62.29,1613,5088,3377,59.74,1453,39.86
22-10-2025,Bhavanisagar,105,32800,82.06,17709,2213,2153,84.03,18794,53.99
22-10-2025,Manimuthar,118,5511,105.51,4167,3127,2326,101.05,3740,75.61
22-10-2025,Mettur,120,93470,119.52,92535,3316,3542,119.52,92535,99
22-10-2025,Papanasam,143,5500,117.42,3360,958,699,122.23,3715,61.09
22-10-2025,Vaigai,71,6091,23.67,391,1666,952,22.68,351,6.42
23-10-2025,Amaravathi,90,4047,63.02,1661,453,227,61.82,1582,41.04
23-10-2025,Bhavanisagar,105,32800,81.05,17173,3440,3694,81.05,17168,52.36
23-10-2025,Manimuthar,118,5511,105.94,4209,466,366,106.76,4291,76.37
23-10-2025,Mettur,120,93470,119.52,92535,582,627,112.16,78941,99
23-10-2025,Papanasam,143,5500,118.81,3461,565,600,120.97,3620,62.93
23-10-2025,Vaigai,71,6091,23.57,387,756,648,22.61,349,6.35
24-10-2025,Amaravathi,90,4047,61.94,1590,6105,5598,61.2,1543,39.29
24-10-2025,Bhavanisagar,105,32800,83.45,18471,4719,4011,83.84,18684,56.31
24-10-2025,Manimuthar,118,5511,104.25,4043,1629,1729,106.24,4239,73.36
24-10-2025,Mettur,120,93470,119.52,92535,2215,2046,119.52,92535,99
24-10-2025,Papanasam,143,5500,119.77,3531,6199,5257,124.26,3872,64.2
24-10-2025,Vaigai,71,6091,23.45,382,656,335,24.19,413,6.27
25-10-2025,Amaravathi,90,4047,61.74,1577,327,184,64.65,1770,38.97
25-10-2025,Bhavanisagar,105,32800,80.9,17092,6,3,81,17142,52.11
25-10-2025,Manimuthar,118,5511,105.26,4141,3156,2077,101.49,3781,75.14
25-10-2025,Mettur,120,93470,119.52,92535,1029,675,117.24,88188,99
25-10-2025,Papanasam,143,5500,117.78,3386,5851,3002,121.49,3659,61.56
25-10-2025,Vaigai,71,6091,23.59,388,2168,2162,22.98,363,6.37
26-10-2025,Amaravathi,90,4047,61.42,1557,10654,6376,57.99,1349,38.47
26-10-2025,Bhavanisagar,105,32800,81.77,17553,841,646,86.29,20084,53.52
26-10-2025,Manimuthar,118,5511,106.14,4229,4590,4204,108.29,4446,76.74
26-10-2025,Mettur,120,93470,119.52,92535,3166,3360,114.88,83811,99
26-10-2025,Papanasam,143,5500,119.4,3504,5928,4169,121.49,3659,63.71
26-10-2025,Vaigai,71,6091,23.27,375,360,389,23.87,399,6.16
27-10-2025,Amaravathi,90,4047,61.78,1580,403,274,59.5,1438,39.04
27-10-2025,Bhavanisagar,105,32800,81.46,17390,252,133,84.09,18827,53.02
27-10-2025,Manimuthar,118,5511,102.83,3907,1427,816,102.27,3854,70.89
27-10-2025,Mettur,120,93470,119.52,92535,112,62,114.53,83174,99
27-10-2025,Papanasam,143,5500,119.88,3539,3539,3050,124.31,3875,64.35
27-10-2025,Vaigai,71,6091,23.61,388,142,119,23.41,380,6.37
28-10-2025,Amaravathi,90,4047,60.94,1527,2619,2429,61.92,1589,37.73
28-10-2025,Bhavanisagar,105,32800,80.46,16861,1488,1423,76.97,15090,51.41
28-10-2025,Manimuthar,118,5511,104.36,4054,1069,879,106.02,4217,73.56
28-10-2025,Mettur,120,93470,119.52,92535,1591,939,119.52,92535,99
28-10-2025,Papanasam,143,5500,118.71,3453,658,419,117.72,3382,62.78
28-10-2025,Vaigai,71,6091,23.19,372,31,19,22.58,348,6.11
29-10-2025,Amaravathi,90,4047,62.44,1622,6144,3712,60.31,1488,40.08
29-10-2025,Bhavanisagar,105,32800,80.81,17043,455,230,77.1,15153,51.96
29-10-2025,Manimuthar,118,5511,105.01,4117,3787,3157,106.59,4274,74.71
29-10-2025,Mettur,120,93470,119.52,92535,498,389,119.52,92535,99
29-10-2025,Papanasam,143,5500,117.32,3353,2007,1478,121.37,3650,60.96
29-10-2025,Vaigai,71,6091,23.41,380,488,325,24.49,426,6.24
30-10-2025,Amaravathi,90,4047,61.91,1588,1312,727,61.43,1558,39.24
30-10-2025,Bhavanisagar,105,32800,82.25,17811,651,371,86.85,20408,54.3
30-10-2025,Manimuthar,118,5511,105.23,4139,127,73,106.23,4238,75.1
30-10-2025,Mettur,120,93470,119.52,92535,2448,2331,119.52,92535,99
30-10-2025,Papanasam,143,5500,118.91,3468,66,59,121.02,3624,63.05
30-10-2025,Vaigai,71,6091,23.18,371,1107,813,23.79,396,6.09
31-10-2025,Amaravathi,90,4047,62.39,1619,707,583,65.69,1842,40
31-10-2025,Bhavanisagar,105,32800,81.39,17350,390,332,76.95,15081,52.9
31-10-2025,Manimuthar,118,5511,106.04,4219,1378,1418,111.82,4817,76.56
31-10-2025,Mettur,120,93470,119.52,92535,906,933,119.52,92535,99
31-10-2025,Papanasam,143,5500,118.47,3436,2800,2919,120.92,3616,62.47
31-10-2025,Vaigai,71,6091,23.78,395,675,650,25.07,451,6.48
01-11-2025,Amaravathi,90,4047,61.79,1581,378,337,58.26,1364,39.07
01-11-2025,Bhavanisagar,105,32800,79.48,16351,3253,3503,77.01,15109,49.85
01-11-2025,Manimuthar,118,5511,101.72,3802,261,192,103.7,3990,68.99
01-11-2025,Mettur,120,93470,119.52,92535,3934,2707,119.52,92535,99
01-11-2025,Papanasam,143,5500,115.5,3224,562,574,118.85,3464,58.62
01-11-2025,Vaigai,71,6091,22.52,345,4710,3106,21.77,317,5.66
02-11-2025,Amaravathi,90,4047,60.44,1496,181,92,57.98,1348,36.97
02-11-2025,Bhavanisagar,105,32800,79.48,16349,1678,1255,77.24,15222,49.84
02-11-2025,Manimuthar,118,5511,101.11,3746,2756,2999,104.36,4053,67.97
02-11-2025,Mettur,120,93470,119.52,92535,334,235,118.51,90591,99
02-11-2025,Papanasam,143,5500,116.99,3330,3317,3600,123.1,3782,60.55
02-11-2025,Vaigai,71,6091,22.72,353,383,353,22.13,330,5.8
03-11-2025,Amaravathi,90,4047,59.98,1468,1364,1257,57.78,1337,36.27
03-11-2025,Bhavanisagar,105,32800,79.74,16484,380,339,78.93,16070,50.26
03-11-2025,Manimuthar,118,5511,101.28,3762,1216,930,101.76,3806,68.26
03-11-2025,Mettur,120,93470,119.52,92535,2915,1667,119.52,92535,99
03-11-2025,Papanasam,143,5500,114.58,3161,645,485,109.01,2791,57.47
03-11-2025,Vaigai,71,6091,22.86,358,509,523,21.9,322,5.88
04-11-2025,Amaravathi,90,4047,59.82,1458,1558,1164,60.91,1525,36.03
04-11-2025,Bhavanisagar,105,32800,80.17,16710,1365,1385,76.36,14792,50.95
04-11-2025,Manimuthar,118,5511,102.37,3864,373,388,105.43,4159,70.11
04-11-2025,Mettur,120,93470,119.52,92535,1113,756,119.52,92535,99
04-11-2025,Papanasam,143,5500,115.74,3242,734,640,118.02,3403,58.95
04-11-2025,Vaigai,71,6091,22.71,353,1531,878,22.63,350,5.8
05-11-2025,Amaravathi,90,4047,60.69,1511,8706,9251,56.9,1286,37.34
05-11-2025,Bhavanisagar,105,32800,79.08,16145,2525,2282,75.29,14280,49.22
05-11-2025,Manimuthar,118,5511,99.05,3558,1873,2004,96.44,3328,64.56
05-11-2025,Mettur,120,93470,119.52,92535,932,557,113.82,81891,99
05-11-2025,Papanasam,143,5500,114.88,3181,2496,1521,112.14,2995,57.84
05-11-2025,Vaigai,71,6091,22.69,352,1618,1632,21.94,323,5.78
06-11-2025,Amaravathi,90,4047,59.96,1466,195,182,63.04,1661,36.22
06-11-2025,Bhavanisagar,105,32800,79.37,16293,4756,2782,80.71,16992,49.67
06-11-2025,Manimuthar,118,5511,102.21,3848,533,559,101.61,3792,69.82
06-11-2025,Mettur,120,93470,119.52,92535,691,649,119.52,92535,99
06-11-2025,Papanasam,143,5500,112.99,3052,6673,6679,112.71,3034,55.49
06-11-2025,Vaigai,71,6091,22.62,349,1852,1404,21.53,309,5.73
07-11-2025,Amaravathi,90,4047,60.27,1485,1547,1437,62.12,1602,36.69
07-11-2025,Bhavanisagar,105,32800,81.09,17189,789,847,79.4,16312,52.41
07-11-2025,Manimuthar,118,5511,101.4,3772,3751,2548,100.01,3645,68.44
07-11-2025,Mettur,120,93470,119.52,92535,4398,4365,119.52,92535,99
07-11-2025,Papanasam,143,5500,114.38,3147,3467,2456,118.2,3417,57.22
07-11-2025,Vaigai,71,6091,22.87,359,2054,1295,21.96,324,5.89
08-11-2025,Amaravathi,90,4047,60.29,1487,4040,2360,60.57,1503,36.74
08-11-2025,Bhavanisagar,105,32800,80.38,16816,8900,5799,79.76,16497,51.27
08-11-2025,Manimuthar,118,5511,100.37,3677,2440,1409,99.61,3608,66.72
08-11-2025,Mettur,120,93470,119.52,92535,836,581,112.17,78955,99
08-11-2025,Papanasam,143,5500,115.97,3258,999,563,112.75,3036,59.24
08-11-2025,Vaigai,71,6091,23.02,365,437,266,21.6,311,5.99
09-11-2025,Amaravathi,90,4047,60.31,1488,1474,1217,57.29,1309,36.77
09-11-2025,Bhavanisagar,105,32800,79.3,16261,1204,815,74.47,13896,49.58
09-11-2025,Manimuthar,118,5511,103.36,3958,1968,1464,97.65,3433,71.82
09-11-2025,Mettur,120,93470,119.52,92535,2873,2817,113.63,81555,99
09-11-2025,Papanasam,143,5500,114.46,3153,843,800,108.35,2749,57.33
09-11-2025,Vaigai,71,6091,22.47,343,1046,792,21.73,316,5.63
10-11-2025,Amaravathi,90,4047,60.2,1481,825,505,60.65,1508,36.6
10-11-2025,Bhavanisagar,105,32800,79.24,16227,961,579,82.67,18044,49.47
10-11-2025,Manimuthar,118,5511,102.17,3844,18,15,107.13,4328,69.75
10-11-2025,Mettur,120,93470,119.52,92535,207,225,115.32,84615,99
10-11-2025,Papanasam,143,5500,116.56,3299,1740,1664,111.92,2980,59.98
10-11-2025,Vaigai,71,6091,22.71,353,2545,2364,23.67,391,5.8
11-11-2025,Amaravathi,90,4047,60.31,1488,1935,1585,59.84,1459,36.77
11-11-2025,Bhavanisagar,105,32800,79.09,16150,2001,1102,80.49,16877,49.24
11-11-2025,Manimuthar,118,5511,103.89,4008,193,164,106.68,4283,72.73
11-11-2025,Mettur,120,93470,119.52,92535,114,97,119.52,92535,99
11-11-2025,Papanasam,143,5500,116.21,3274,1450,1543,117.74,3383,59.53
11-11-2025,Vaigai,71,6091,22.6,348,15,16,22.17,332,5.71
12-11-2025,Amaravathi,90,4047,60.99,1530,406,381,62.83,1648,37.81
12-11-2025,Bhavanisagar,105,32800,80.04,16640,4,2,84,18776,50.73
12-11-2025,Manimuthar,118,5511,103.49,3970,287,287,105.41,4156,72.04
12-11-2025,Mettur,120,93470,119.52,92535,1246,700,114.68,83444,99
12-11-2025,Papanasam,143,5500,116.75,3313,664,611,122.38,3726,60.24
12-11-2025,Vaigai,71,6091,22.28,336,721,724,22.92,361,5.52
13-11-2025,Amaravathi,90,4047,60.19,1480,891,604,59.98,1467,36.57
13-11-2025,Bhavanisagar,105,32800,79.86,16547,4411,4112,82.35,17867,50.45
13-11-2025,Manimuthar,118,5511,101.97,3826,662,535,107.45,4360,69.42
13-11-2025,Mettur,120,93470,119.52,92535,1376,932,119.52,92535,99
13-11-2025,Papanasam,143,5500,115.95,3256,17,17,111.93,2981,59.2
13-11-2025,Vaigai,71,6091,22.65,350,7949,6900,22.55,346,5.75
14-11-2025,Amaravathi,90,4047,60.35,1490,1150,1160,58.39,1372,36.82
14-11-2025,Bhavanisagar,105,32800,79.79,16512,432,262,82.68,18049,50.34
14-11-2025,Manimuthar,118,5511,102.14,3841,1606,935,96.29,3315,69.7
14-11-2025,Mettur,120,93470,119.52,92535,84,44,119.52,92535,99
14-11-2025,Papanasam,143,5500,116.44,3291,2848,2948,122.37,3726,59.84
14-11-2025,Vaigai,71,6091,23.11,368,856,709,24.29,417,6.04
15-11-2025,Amaravathi,90,4047,60.35,1490,4486,4813,63.54,1695,36.82
15-11-2025,Bhavanisagar,105,32800,79.11,16160,237,185,83.12,18286,49.27
15-11-2025,Manimuthar,118,5511,100.71,3709,22,15,95.35,3235,67.3
15-11-2025,Mettur,120,93470,119.52,92535,1004,638,119.52,92535,99
15-11-2025,Papanasam,143,5500,115.07,3195,971,867,113.54,3090,58.09
15-11-2025,Vaigai,71,6091,22.83,357,298,201,21.85,320,5.86
16-11-2025,Amaravathi,90,4047,60.16,1478,123,103,60.58,1504,36.52
16-11-2025,Bhavanisagar,105,32800,79.78,16506,305,210,79.05,16132,50.32
16-11-2025,Manimuthar,118,5511,102.04,3832,42,24,99.84,3629,69.53
16-11-2025,Mettur,120,93470,119.52,92535,729,724,119.52,92535,99
16-11-2025,Papanasam,143,5500,114.29,3141,2228,1784,118.48,3437,57.11
16-11-2025,Vaigai,71,6091,22.69,352,1183,879,21.42,305,5.78
17-11-2025,Amaravathi,90,4047,60.97,1528,3111,3414,61.03,1532,37.76
17-11-2025,Bhavanisagar,105,32800,79.87,16554,606,405,84.22,18900,50.47
17-11-2025,Manimuthar,118,5511,101.5,3781,820,872,100.21,3663,68.61
17-11-2025,Mettur,120,93470,119.52,92535,1064,755,117.52,88720,99
17-11-2025,Papanasam,143,5500,113.16,3064,2242,1148,114.91,3184,55.71
17-11-2025,Vaigai,71,6091,22.63,349,5179,5550,22.02,326,5.73
18-11-2025,Amaravathi,90,4047,59.79,1456,7,5,60.19,1480,35.98
18-11-2025,Bhavanisagar,105,32800,80.11,16680,0,0,83.97,18761,50.85
18-11-2025,Manimuthar,118,5511,100.58,3696,0,0,95.33,3233,67.07
18-11-2025,Mettur,120,93470,119.52,92535,384,211,119.04,91611,99
18-11-2025,Papanasam,143,5500,113.57,3092,2797,2317,118.65,3449,56.22
18-11-2025,Vaigai,71,6091,22.85,358,444,291,22.82,357,5.88
19-11-2025,Amaravathi,90,4047,60.1,1474,2857,2293,62.99,1659,36.42
19-11-2025,Bhavanisagar,105,32800,79.25,16233,556,339,80.67,16972,49.49
19-11-2025,Manimuthar,118,5511,102.12,3839,5463,3160,103.39,3960,69.66
19-11-2025,Mettur,120,93470,119.52,92535,1079,1083,115.42,84797,99
19-11-2025,Papanasam,143,5500,112.79,3039,2046,1701,116.16,3271,55.25
19-11-2025,Vaigai,71,6091,23.07,366,891,601,23.9,400,6.01
20-11-2025,Amaravathi,90,4047,60.97,1529,263,266,62.23,1609,37.78
20-11-2025,Bhavanisagar,105,32800,80.5,16878,630,410,84.73,19187,51.46
20-11-2025,Manimuthar,118,5511,103.46,3967,53,48,98.04,3468,71.98
20-11-2025,Mettur,120,93470,119.52,92535,2845,2079,118.93,91401,99
20-11-2025,Papanasam,143,5500,115.09,3196,440,479,115.68,3237,58.11
20-11-2025,Vaigai,71,6091,23.18,371,344,282,22.66,351,6.09
21-11-2025,Amaravathi,90,4047,60.61,1506,306,187,63.6,1699,37.21
21-11-2025,Bhavanisagar,105,32800,80.59,16928,4211,3260,83.84,18686,51.61
21-11-2025,Manimuthar,118,5511,101.78,3808,442,263,106.58,4273,69.1
21-11-2025,Mettur,120,93470,119.52,92535,592,627,113.85,81949,99
21-11-2025,Papanasam,143,5500,114.35,3145,1780,1187,111.87,2977,57.18
21-11-2025,Vaigai,71,6091,22.68,351,1225,1186,23.4,380,5.76
22-11-2025,Amaravathi,90,4047,60.37,1491,616,553,62.76,1643,36.84
22-11-2025,Bhavanisagar,105,32800,78.12,15658,279,210,78.46,15834,47.74
22-11-2025,Manimuthar,118,5511,100.46,3685,853,487,103.38,3960,66.87
22-11-2025,Mettur,120,93470,119.52,92535,1243,645,119.17,91858,99
22-11-2025,Papanasam,143,5500,116.54,3298,1052,852,117.82,3389,59.96
22-11-2025,Vaigai,71,6091,23.02,364,4649,4069,22.01,326,5.98
23-11-2025,Amaravathi,90,4047,60.11,1475,732,553,63.45,1689,36.45
23-11-2025,Bhavanisagar,105,32800,78.73,15969,37,28,81.33,17317,48.69
23-11-2025,Manimuthar,118,5511,103.08,3931,1509,1084,98.89,3543,71.33
23-11-2025,Mettur,120,93470,119.52,92535,859,512,119.52,92535,99
23-11-2025,Papanasam,143,5500,114.12,3129,2401,1330,117.82,3389,56.89
23-11-2025,Vaigai,71,6091,22.52,345,1867,1051,23.49,384,5.66
24-11-2025,Amaravathi,90,4047,60.53,1501,947,606,59.88,1462,37.09
24-11-2025,Bhavanisagar,105,32800,80.55,16907,3940,2012,81.1,17196,51.55
24-11-2025,Manimuthar,118,5511,103.43,3964,614,316,99.79,3624,71.93
24-11-2025,Mettur,120,93470,119.52,92535,2057,1112,118.33,90250,99
24-11-2025,Papanasam,143,5500,117.2,3345,650,484,113.33,3075,60.82
24-11-2025,Vaigai,71,6091,22.23,334,96,69,23.27,374,5.48
25-11-2025,Amaravathi,90,4047,60.49,1499,2064,1167,58.79,1396,37.04
25-11-2025,Bhavanisagar,105,32800,80.81,17042,2538,2093,79.07,16142,51.96
25-11-2025,Manimuthar,118,5511,102.57,3883,1881,2056,96.3,3316,70.46
25-11-2025,Mettur,120,93470,119.52,92535,202,175,119.52,92535,99
25-11-2025,Papanasam,143,5500,115.97,3258,6359,5075,122.59,3742,59.24
25-11-2025,Vaigai,71,6091,22.81,356,34,26,23.95,402,5.84
26-11-2025,Amaravathi,90,4047,60.34,1490,2881,1483,61.59,1568,36.82
26-11-2025,Bhavanisagar,105,32800,80.53,16898,1445,1307,83.4,18440,51.52
26-11-2025,Manimuthar,118,5511,101.78,3808,623,463,106.74,4289,69.1
26-11-2025,Mettur,120,93470,119.52,92535,718,596,118.12,89848,99
26-11-2025,Papanasam,143,5500,113.6,3093,1161,608,118.93,3469,56.24
26-11-2025,Vaigai,71,6091,22.46,343,1417,1102,21.54,309,5.63
27-11-2025,Amaravathi,90,4047,60.06,1473,4420,2838,61.44,1558,36.4
27-11-2025,Bhavanisagar,105,32800,79.71,16469,1765,1304,79.84,16537,50.21
27-11-2025,Manimuthar,118,5511,101.98,3827,137,132,100.69,3707,69.44
27-11-2025,Mettur,120,93470,119.52,92535,2941,2908,119.52,92535,99
27-11-2025,Papanasam,143,5500,115.17,3201,2799,2618,116.67,3307,58.2
27-11-2025,Vaigai,71,6091,22.33,338,30,25,23.41,380,5.55
28-11-2025,Amaravathi,90,4047,60.2,1481,263,242,61.8,1581,36.6
28-11-2025,Bhavanisagar,105,32800,79.4,16311,805,448,83.21,18339,49.73
28-11-2025,Manimuthar,118,5511,102.2,3847,65,69,96.87,3365,69.81
28-11-2025,Mettur,120,93470,119.52,92535,183,130,118.26,90125,99
28-11-2025,Papanasam,143,5500,116.18,3272,1428,1550,120.62,3594,59.49
28-11-2025,Vaigai,71,6091,22.7,352,758,746,22.06,328,5.78
29-11-2025,Amaravathi,90,4047,60.26,1485,1839,1290,57.8,1338,36.69
29-11-2025,Bhavanisagar,105,32800,80.64,16954,156,138,79.79,16513,51.69
29-11-2025,Manimuthar,118,5511,103.42,3963,1493,1532,97.99,3463,71.91
29-11-2025,Mettur,120,93470,119.52,92535,1847,1652,113.1,80601,99
29-11-2025,Papanasam,143,5500,114.46,3152,10691,9119,110.28,2873,57.31
29-11-2025,Vaigai,71,6091,22.68,351,3505,1868,23.84,398,5.76
30-11-2025,Amaravathi,90,4047,60.09,1474,2140,1636,58.91,1403,36.42
30-11-2025,Bhavanisagar,105,32800,80.99,17138,113,96,83.57,18537,52.25
30-11-2025,Manimuthar,118,5511,103.33,3954,7039,6578,100.52,3691,71.75
30-11-2025,Mettur,120,93470,119.52,92535,279,277,112.66,79819,99
30-11-2025,Papanasam,143,5500,117.17,3342,2441,1221,117.24,3347,60.76
30-11-2025,Vaigai,71,6091,23.14,369,751,727,22.18,332,6.06
01-12-2025,Amaravathi,90,4047,58.47,1377,486,304,56.79,1280,34.03
01-12-2025,Bhavanisagar,105,32800,74.46,13889,2466,1485,77.89,15545,42.34
01-12-2025,Manimuthar,118,5511,96.47,3330,1683,1554,98.74,3530,60.42
01-12-2025,Mettur,120,93470,119.52,92535,760,456,119.52,92535,99
01-12-2025,Papanasam,143,5500,108.62,2766,375,384,103.95,2478,50.29
01-12-2025,Vaigai,71,6091,21.59,311,70,51,22.48,344,5.11
02-12-2025,Amaravathi,90,4047,56.75,1278,52,31,58.39,1372,31.58
02-12-2025,Bhavanisagar,105,32800,75.82,14532,929,766,79.5,16359,44.3
02-12-2025,Manimuthar,118,5511,96.55,3337,4307,3357,101.68,3798,60.55
02-12-2025,Mettur,120,93470,119.52,92535,977,917,119.52,92535,99
02-12-2025,Papanasam,143,5500,107.16,2674,617,656,103.74,2466,48.62
02-12-2025,Vaigai,71,6091,21.45,306,1188,686,22.3,337,5.02
03-12-2025,Amaravathi,90,4047,56.48,1262,551,496,57.92,1345,31.18
03-12-2025,Bhavanisagar,105,32800,75.44,14350,3222,2477,73.35,13379,43.75
03-12-2025,Manimuthar,118,5511,95.42,3240,3894,4056,99.95,3639,58.79
03-12-2025,Mettur,120,93470,119.52,92535,348,359,119.52,92535,99
03-12-2025,Papanasam,143,5500,109.58,2827,139,75,109.64,2831,51.4
03-12-2025,Vaigai,71,6091,21.79,318,2164,1934,21.71,315,5.22
04-12-2025,Amaravathi,90,4047,57.23,1305,30,28,60.26,1484,32.25
04-12-2025,Bhavanisagar,105,32800,73.9,13629,473,312,77,15106,41.55
04-12-2025,Manimuthar,118,5511,96.49,3332,523,510,96.36,3321,60.46
04-12-2025,Mettur,120,93470,119.52,92535,1391,1032,119.52,92535,99
04-12-2025,Papanasam,143,5500,106.96,2661,1640,880,111.4,2946,48.38
04-12-2025,Vaigai,71,6091,21.42,305,1347,1138,21.42,305,5.01
05-12-2025,Amaravathi,90,4047,56.97,1290,2775,1667,55.76,1223,31.88
05-12-2025,Bhavanisagar,105,32800,73.96,13658,101,91,70.97,12318,41.64
05-12-2025,Manimuthar,118,5511,96.87,3365,214,220,94.96,3202,61.06
05-12-2025,Mettur,120,93470,119.52,92535,1060,960,118.49,90549,99
05-12-2025,Papanasam,143,5500,109.89,2847,2374,2590,115.43,3220,51.76
05-12-2025,Vaigai,71,6091,21.75,317,512,381,21.95,324,5.2
06-12-2025,Amaravathi,90,4047,57.13,1299,1743,1203,57.4,1315,32.1
06-12-2025,Bhavanisagar,105,32800,74.76,14032,440,422,78.1,15653,42.78
06-12-2025,Manimuthar,118,5511,95.14,3217,970,960,91.09,2886,58.37
06-12-2025,Mettur,120,93470,119.52,92535,221,220,119.52,92535,99
06-12-2025,Papanasam,143,5500,107.21,2677,1918,1113,104.78,2527,48.67
06-12-2025,Vaigai,71,6091,21.42,305,2003,1640,21.42,305,5.01
07-12-2025,Amaravathi,90,4047,56.19,1246,1643,1236,58.51,1379,30.79
07-12-2025,Bhavanisagar,105,32800,75.03,14156,350,272,74.76,14030,43.16
07-12-2025,Manimuthar,118,5511,97.29,3402,5296,2871,97.69,3437,61.73
07-12-2025,Mettur,120,93470,119.52,92535,2607,1978,117.76,89177,99
07-12-2025,Papanasam,143,5500,106.62,2640,176,136,107.28,2681,48
07-12-2025,Vaigai,71,6091,21.42,305,643,662,22.06,328,5.01
08-12-2025,Amaravathi,90,4047,56.09,1241,1141,1225,58.56,1382,30.66
08-12-2025,Bhavanisagar,105,32800,75.45,14356,1007,908,78.5,15851,43.77
08-12-2025,Manimuthar,118,5511,95.69,3264,1804,947,95.52,3249,59.23
08-12-2025,Mettur,120,93470,119.52,92535,2602,2056,119.52,92535,99
08-12-2025,Papanasam,143,5500,107.7,2708,86,67,107.92,2721,49.24
08-12-2025,Vaigai,71,6091,21.53,308,111,119,21.42,305,5.06
09-12-2025,Amaravathi,90,4047,57.28,1308,725,489,55.41,1204,32.32
09-12-2025,Bhavanisagar,105,32800,75.56,14411,13,9,79.13,16171,43.94
09-12-2025,Manimuthar,118,5511,95.83,3276,2227,1862,92.14,2969,59.44
09-12-2025,Mettur,120,93470,119.52,92535,516,435,116.97,87683,99
09-12-2025,Papanasam,143,5500,110.75,2903,2700,2536,104.93,2537,52.78
09-12-2025,Vaigai,71,6091,21.42,305,12,9,21.42,305,5.01
10-12-2025,Amaravathi,90,4047,56.29,1252,1115,558,55.08,1186,30.94
10-12-2025,Bhavanisagar,105,32800,75.41,14337,1055,747,75.59,14425,43.71
10-12-2025,Manimuthar,118,5511,97.1,3385,1344,1253,95.16,3218,61.42
10-12-2025,Mettur,120,93470,119.52,92535,1824,1290,119.52,92535,99
10-12-2025,Papanasam,143,5500,107.82,2715,173,133,113.83,3109,49.36
10-12-2025,Vaigai,71,6091,21.75,316,2587,1916,21.56,310,5.19
11-12-2025,Amaravathi,90,4047,56.96,1290,347,375,58.48,1378,31.88
11-12-2025,Bhavanisagar,105,32800,76.49,14857,1491,1119,78.42,15811,45.3
11-12-2025,Manimuthar,118,5511,96.23,3309,292,190,96.61,3342,60.04
11-12-2025,Mettur,120,93470,119.52,92535,2291,2446,118.07,89765,99
11-12-2025,Papanasam,143,5500,107.39,2688,1011,955,109.71,2836,48.87
11-12-2025,Vaigai,71,6091,21.47,306,224,118,21.83,319,5.02
12-12-2025,Amaravathi,90,4047,56.48,1263,1018,639,56.72,1276,31.21
12-12-2025,Bhavanisagar,105,32800,75.15,14212,840,625,76.81,15011,43.33
12-12-2025,Manimuthar,118,5511,96.6,3341,1722,1619,92.59,3005,60.62
12-12-2025,Mettur,120,93470,119.52,92535,6494,3347,119.52,92535,99
12-12-2025,Papanasam,143,5500,108.11,2733,1962,2018,103.72,2464,49.69
12-12-2025,Vaigai,71,6091,21.45,306,1084,671,21.55,309,5.02
13-12-2025,Amaravathi,90,4047,56.75,1278,2525,2195,57.65,1329,31.58
13-12-2025,Bhavanisagar,105,32800,75.2,14237,402,355,78.5,15849,43.41
13-12-2025,Manimuthar,118,5511,94.42,3156,1943,1755,88.62,2694,57.27
13-12-2025,Mettur,120,93470,119.52,92535,1508,1376,113.88,81997,99
13-12-2025,Papanasam,143,5500,109.16,2800,596,644,112.75,3036,50.91
13-12-2025,Vaigai,71,6091,21.42,305,282,215,22.17,332,5.01
14-12-2025,Amaravathi,90,4047,57.38,1313,3761,3037,56.02,1237,32.44
14-12-2025,Bhavanisagar,105,32800,75.83,14537,6979,3933,73.34,13373,44.32
14-12-2025,Manimuthar,118,5511,96.43,3327,677,397,90.92,2872,60.37
14-12-2025,Mettur,120,93470,119.52,92535,513,424,118.32,90237,99
14-12-2025,Papanasam,143,5500,109.16,2800,725,575,107.24,2679,50.91
14-12-2025,Vaigai,71,6091,21.42,305,1801,1102,22.02,326,5.01
15-12-2025,Amaravathi,90,4047,56.95,1289,861,526,57.88,1342,31.85
15-12-2025,Bhavanisagar,105,32800,75.04,14162,4204,4519,71.28,12453,43.18
15-12-2025,Manimuthar,118,5511,95.72,3266,243,261,98.29,3489,59.26
15-12-2025,Mettur,120,93470,119.52,92535,244,147,118.34,90263,99
15-12-2025,Papanasam,143,5500,106.58,2638,458,414,110.06,2858,47.96
15-12-2025,Vaigai,71,6091,21.42,305,913,705,22.3,337,5.01
16-12-2025,Amaravathi,90,4047,56.32,1254,308,242,58.85,1399,30.99
16-12-2025,Bhavanisagar,105,32800,76.13,14680,28,24,74.05,13698,44.76
16-12-2025,Manimuthar,118,5511,96.97,3373,1351,1263,94.38,3153,61.2
16-12-2025,Mettur,120,93470,119.52,92535,123,90,113.56,81438,99
16-12-2025,Papanasam,143,5500,107.94,2722,780,811,107.35,2685,49.49
16-12-2025,Vaigai,71,6091,21.59,311,25,20,22.17,332,5.11
17-12-2025,Amaravathi,90,4047,56.91,1287,1169,1062,55.79,1225,31.8
17-12-2025,Bhavanisagar,105,32800,75.18,14228,2776,1860,76.84,15025,43.38
17-12-2025,Manimuthar,118,5511,96.3,3316,1244,729,95.18,3221,60.17
17-12-2025,Mettur,120,93470,119.52,92535,23,20,119.52,92535,99
17-12-2025,Papanasam,143,5500,109.42,2817,307,182,109.07,2794,51.22
17-12-2025,Vaigai,71,6091,21.42,305,1361,1301,21.99,325,5.01
18-12-2025,Amaravathi,90,4047,55.95,1233,1506,798,55.91,1231,30.47
18-12-2025,Bhavanisagar,105,32800,74.28,13807,49,36,72.37,12934,42.09
18-12-2025,Manimuthar,118,5511,96.06,3296,2592,1883,99.78,3623,59.81
18-12-2025,Mettur,120,93470,119.52,92535,33,33,119.52,92535,99
18-12-2025,Papanasam,143,5500,109.01,2790,1928,1999,103.24,2436,50.73
18-12-2025,Vaigai,71,6091,21.63,312,1452,1076,21.56,310,5.12
19-12-2025,Amaravathi,90,4047,58.17,1359,491,341,61.27,1547,33.58
19-12-2025,Bhavanisagar,105,32800,75.72,14485,2317,2271,75.33,14298,44.16
19-12-2025,Manimuthar,118,5511,95.54,3250,1495,1204,92.45,2994,58.97
19-12-2025,Mettur,120,93470,119.52,92535,203,129,119.52,92535,99
19-12-2025,Papanasam,143,5500,108.91,2784,3721,2745,114.22,3136,50.62
19-12-2025,Vaigai,71,6091,21.55,309,1765,1810,21.42,305,5.07
20-12-2025,Amaravathi,90,4047,56.57,1267,998,1015,56,1236,31.31
20-12-2025,Bhavanisagar,105,32800,76.39,14808,2457,1855,74.29,13810,45.15
20-12-2025,Manimuthar,118,5511,97.24,3397,814,524,96.42,3326,61.64
20-12-2025,Mettur,120,93470,119.52,92535,72,37,119.52,92535,99
20-12-2025,Papanasam,143,5500,108.82,2778,1862,2044,112.25,3002,50.51
20-12-2025,Vaigai,71,6091,21.55,309,1209,734,21.97,324,5.07
21-12-2025,Amaravathi,90,4047,56.33,1254,1906,1932,55.02,1183,30.99
21-12-2025,Bhavanisagar,105,32800,76.42,14821,431,354,75.95,14595,45.19
21-12-2025,Manimuthar,118,5511,97.78,3445,2886,2891,102.77,3901,62.51
21-12-2025,Mettur,120,93470,119.52,92535,698,360,119.52,92535,99
21-12-2025,Papanasam,143,5500,108.12,2734,675,563,106.37,2625,49.71
21-12-2025,Vaigai,71,6091,21.42,305,6558,6519,22.04,327,5.01
22-12-2025,Amaravathi,90,4047,55.91,1231,2504,1318,54.6,1160,30.42
22-12-2025,Bhavanisagar,105,32800,74.47,13897,1775,1115,71.69,12633,42.37
22-12-2025,Manimuthar,118,5511,95.31,3231,26,27,93.33,3066,58.63
22-12-2025,Mettur,120,93470,119.52,92535,1242,917,119.52,92535,99
22-12-2025,Papanasam,143,5500,107.86,2718,351,291,112.94,3049,49.42
22-12-2025,Vaigai,71,6091,21.5,308,1044,1079,21.42,305,5.06
23-12-2025,Amaravathi,90,4047,56.17,1245,1592,1336,55.73,1221,30.76
23-12-2025,Bhavanisagar,105,32800,75.07,14176,745,474,75.82,14533,43.22
23-12-2025,Manimuthar,118,5511,94.64,3175,724,756,94.94,3200,57.61
23-12-2025,Mettur,120,93470,119.52,92535,1099,730,119.52,92535,99
23-12-2025,Papanasam,143,5500,107.71,2708,3414,1819,102.06,2367,49.24
23-12-2025,Vaigai,71,6091,21.42,305,89,69,21.42,305,5.01
24-12-2025,Amaravathi,90,4047,56.05,1239,788,631,58.66,1388,30.62
24-12-2025,Bhavanisagar,105,32800,74.5,13907,1078,670,71.32,12470,42.4
24-12-2025,Manimuthar,118,5511,94.94,3200,966,1015,95.61,3257,58.07
24-12-2025,Mettur,120,93470,119.52,92535,657,545,112.79,80059,99
24-12-2025,Papanasam,143,5500,107.63,2703,139,101,108.76,2774,49.15
24-12-2025,Vaigai,71,6091,21.58,310,844,812,22.44,342,5.09
25-12-2025,Amaravathi,90,4047,57.02,1293,423,431,58,1349,31.95
25-12-2025,Bhavanisagar,105,32800,73.45,13425,2973,2260,72.67,13071,40.93
25-12-2025,Manimuthar,118,5511,96.52,3334,412,213,94.59,3171,60.5
25-12-2025,Mettur,120,93470,119.52,92535,777,776,119.52,92535,99
25-12-2025,Papanasam,143,5500,107.59,2701,1208,997,105.48,2570,49.11
25-12-2025,Vaigai,71,6091,21.5,307,1737,1397,21.82,319,5.04
26-12-2025,Amaravathi,90,4047,56.67,1273,416,303,55.68,1218,31.46
26-12-2025,Bhavanisagar,105,32800,75.17,14223,1130,943,77,15107,43.36
26-12-2025,Manimuthar,118,5511,95.69,3263,1317,1072,98.86,3541,59.21
26-12-2025,Mettur,120,93470,119.52,92535,2379,2517,113.49,81302,99
26-12-2025,Papanasam,143,5500,109.57,2827,595,328,106.84,2654,51.4
26-12-2025,Vaigai,71,6091,21.42,305,2321,2483,21.42,305,5.01
27-12-2025,Amaravathi,90,4047,57.34,1311,652,450,58.16,1359,32.39
27-12-2025,Bhavanisagar,105,32800,74.73,14018,273,177,77.45,15325,42.74
27-12-2025,Manimuthar,118,5511,96.34,3319,41,39,96.58,3340,60.23
27-12-2025,Mettur,120,93470,119.52,92535,837,587,119.52,92535,99
27-12-2025,Papanasam,143,5500,109.21,2803,206,160,104.55,2514,50.96
27-12-2025,Vaigai,71,6091,21.62,312,1690,1592,22.03,327,5.12
28-12-2025,Amaravathi,90,4047,57.08,1296,2342,1840,59.42,1433,32.02
28-12-2025,Bhavanisagar,105,32800,73.96,13657,86,59,70.69,12197,41.64
28-12-2025,Manimuthar,118,5511,96.62,3343,244,201,94.51,3164,60.66
28-12-2025,Mettur,120,93470,118.41,90411,569,419,118.84,91223,96.73
28-12-2025,Papanasam,143,5500,106.82,2653,1879,970,107.52,2696,48.24
28-12-2025,Vaigai,71,6091,21.66,313,834,447,22.52,345,5.14
29-12-2025,Amaravathi,90,4047,56.75,1278,397,202,57.55,1323,31.58
29-12-2025,Bhavanisagar,105,32800,75.16,14220,1732,1420,71.84,12700,43.35
29-12-2025,Manimuthar,118,5511,96.15,3303,1049,872,91.23,2896,59.93
29-12-2025,Mettur,120,93470,119.52,92535,246,207,119.52,92535,99
29-12-2025,Papanasam,143,5500,108.35,2749,259,129,113,3053,49.98
29-12-2025,Vaigai,71,6091,21.45,306,1569,1583,21.42,305,5.02
30-12-2025,Amaravathi,90,4047,58.28,1366,3214,3477,59.21,1421,33.75
30-12-2025,Bhavanisagar,105,32800,75.48,14371,575,489,73.78,13576,43.81
30-12-2025,Manimuthar,118,5511,97.47,3417,2054,1138,95.05,3209,62
30-12-2025,Mettur,120,93470,119.52,92535,226,149,117.5,88679,99
30-12-2025,Papanasam,143,5500,107.79,2713,1527,1323,107.45,2692,49.33
30-12-2025,Vaigai,71,6091,21.5,307,2425,2243,21.42,305,5.04
31-12-2025,Amaravathi,90,4047,56.02,1237,2021,1112,53.67,1111,30.57
31-12-2025,Bhavanisagar,105,32800,74.22,13778,127,80,71.36,12489,42.01
31-12-2025,Manimuthar,118,5511,97.7,3438,1470,855,99.75,3621,62.38
31-12-2025,Mettur,120,93470,119.52,92535,735,667,112.89,80228,99
31-12-2025,Papanasam,143,5500,108.92,2785,760,784,105.51,2572,50.64
31-12-2025,Vaigai,71,6091,21.42,305,1541,1592,21.42,305,5.01
01-01-2026,Amaravathi,90,4047,53.42,1099,649,444,54.11,1134,27.16
01-01-2026,Bhavanisagar,105,32800,72.6,13037,336,170,72.76,13111,39.75
01-01-2026,Manimuthar,118,5511,90.7,2855,2062,1988,92.26,2979,51.81
01-01-2026,Mettur,120,93470,115.36,84688,1314,809,117.29,88283,90.6
01-01-2026,Papanasam,143,5500,100.43,2273,1622,1702,104.52,2512,41.33
01-01-2026,Vaigai,71,6091,21.42,305,94,97,22.34,338,5.01
02-01-2026,Amaravathi,90,4047,54.81,1171,225,197,52.59,1056,28.94
02-01-2026,Bhavanisagar,105,32800,70.24,12005,1023,1102,70.99,12327,36.6
02-01-2026,Manimuthar,118,5511,90.38,2830,2248,2080,90.59,2846,51.35
02-01-2026,Mettur,120,93470,114.9,83854,330,340,119.52,92535,89.71
02-01-2026,Papanasam,143,5500,101.29,2322,1757,1918,103.65,2460,42.22
02-01-2026,Vaigai,71,6091,21.42,305,6787,5776,22.05,328,5.01
03-01-2026,Amaravathi,90,4047,53.62,1109,289,298,50.63,961,27.4
03-01-2026,Bhavanisagar,105,32800,73.15,13287,2892,2883,71.57,12582,40.51
03-01-2026,Manimuthar,118,5511,89.17,2736,2559,1733,83.66,2333,49.65
03-01-2026,Mettur,120,93470,114.06,82321,582,374,116.38,86579,88.07
03-01-2026,Papanasam,143,5500,102.97,2420,2368,2380,108.27,2743,44
03-01-2026,Vaigai,71,6091,21.42,305,1153,1199,22.25,335,5.01
04-01-2026,Amaravathi,90,4047,53.42,1099,213,176,53.3,1092,27.16
04-01-2026,Bhavanisagar,105,32800,70.11,11951,297,195,70.15,11967,36.44
04-01-2026,Manimuthar,118,5511,92.77,3020,240,135,90.72,2856,54.8
04-01-2026,Mettur,120,93470,114.42,82974,1923,1738,118.75,91048,88.77
04-01-2026,Papanasam,143,5500,102.79,2409,847,427,96.47,2056,43.8
04-01-2026,Vaigai,71,6091,21.42,305,3066,3131,22.34,338,5.01
05-01-2026,Amaravathi,90,4047,53.42,1098,340,240,54.36,1148,27.13
05-01-2026,Bhavanisagar,105,32800,71.01,12336,77,71,73.55,13468,37.61
05-01-2026,Manimuthar,118,5511,91.44,2913,203,197,91.48,2917,52.86
05-01-2026,Mettur,120,93470,113.91,82056,1473,1055,116.21,86272,87.79
05-01-2026,Papanasam,143,5500,99.66,2230,660,488,104.47,2509,40.55
05-01-2026,Vaigai,71,6091,21.42,305,63,57,21.42,305,5.01
06-01-2026,Amaravathi,90,4047,52.25,1039,2358,1439,54.32,1145,25.67
06-01-2026,Bhavanisagar,105,32800,72.45,12970,375,336,71.8,12684,39.54
06-01-2026,Manimuthar,118,5511,92.05,2962,790,566,95.96,3286,53.75
06-01-2026,Mettur,120,93470,115.02,84076,347,190,119.52,92535,89.95
06-01-2026,Papanasam,143,5500,104.46,2509,489,495,109.34,2812,45.62
06-01-2026,Vaigai,71,6091,21.42,305,693,629,22.44,342,5.01
07-01-2026,Amaravathi,90,4047,53.56,1106,41,23,56.15,1244,27.33
07-01-2026,Bhavanisagar,105,32800,72.65,13061,2363,1884,70.99,12329,39.82
07-01-2026,Manimuthar,118,5511,90.19,2815,396,367,91.88,2948,51.08
07-01-2026,Mettur,120,93470,116.75,87275,2211,1489,116.3,86428,93.37
07-01-2026,Papanasam,143,5500,98.65,2174,1574,1455,96.59,2062,39.53
07-01-2026,Vaigai,71,6091,21.42,305,539,347,21.42,305,5.01
08-01-2026,Amaravathi,90,4047,53.5,1102,676,369,56.33,1254,27.23
08-01-2026,Bhavanisagar,105,32800,71.21,12425,1541,973,70.25,12010,37.88
08-01-2026,Manimuthar,118,5511,90.58,2845,229,129,92.31,2983,51.62
08-01-2026,Mettur,120,93470,118.05,89723,1062,793,117.02,87771,95.99
08-01-2026,Papanasam,143,5500,102.51,2393,119,78,97.81,2128,43.51
08-01-2026,Vaigai,71,6091,21.42,305,129,139,21.61,311,5.01
09-01-2026,Amaravathi,90,4047,53.96,1127,2981,1884,56.08,1240,27.85
09-01-2026,Bhavanisagar,105,32800,71.35,12483,568,357,70.1,11943,38.06
09-01-2026,Manimuthar,118,5511,89.66,2774,2035,2211,86.41,2529,50.34
09-01-2026,Mettur,120,93470,116.5,86803,2091,1298,119.52,92535,92.87
09-01-2026,Papanasam,143,5500,101.23,2319,1116,1197,103.45,2448,42.16
09-01-2026,Vaigai,71,6091,21.42,305,871,713,21.42,305,5.01
10-01-2026,Amaravathi,90,4047,54.07,1132,1288,1316,55.95,1233,27.97
10-01-2026,Bhavanisagar,105,32800,71.57,12581,367,222,73.61,13499,38.36
10-01-2026,Manimuthar,118,5511,92.49,2997,946,476,94.81,3189,54.38
10-01-2026,Mettur,120,93470,112.77,80019,1285,1277,113.53,81368,85.61
10-01-2026,Papanasam,143,5500,101.41,2329,2873,2788,104.13,2489,42.35
10-01-2026,Vaigai,71,6091,21.42,305,3313,2203,21.42,305,5.01
11-01-2026,Amaravathi,90,4047,54.52,1156,334,232,51.86,1020,28.56
11-01-2026,Bhavanisagar,105,32800,70.73,12214,536,583,69.79,11815,37.24
11-01-2026,Manimuthar,118,5511,89.43,2756,1534,1513,85.1,2434,50.01
11-01-2026,Mettur,120,93470,114.13,82452,1594,1038,118.98,91494,88.21
11-01-2026,Papanasam,143,5500,100.31,2267,2059,2148,99.73,2234,41.22
11-01-2026,Vaigai,71,6091,21.42,305,163,85,21.42,305,5.01
12-01-2026,Amaravathi,90,4047,53.3,1092,3008,2029,53.43,1099,26.98
12-01-2026,Bhavanisagar,105,32800,69.55,11710,91,50,70.3,12029,35.7
12-01-2026,Manimuthar,118,5511,90.49,2838,46,32,91.84,2946,51.5
12-01-2026,Mettur,120,93470,114.53,83171,119,68,119.52,92535,88.98
12-01-2026,Papanasam,143,5500,101.46,2332,10,9,98.79,2182,42.4
12-01-2026,Vaigai,71,6091,21.42,305,1072,607,21.42,305,5.01
13-01-2026,Amaravathi,90,4047,54.05,1131,448,433,56.28,1252,27.95
13-01-2026,Bhavanisagar,105,32800,69.68,11768,621,330,69.82,11826,35.88
13-01-2026,Manimuthar,118,5511,91.15,2890,956,936,91.46,2915,52.44
13-01-2026,Mettur,120,93470,116.76,87294,431,390,118.07,89762,93.39
13-01-2026,Papanasam,143,5500,105,2541,2707,2232,105.04,2543,46.2
13-01-2026,Vaigai,71,6091,21.42,305,775,427,21.42,305,5.01
14-01-2026,Amaravathi,90,4047,53.67,1111,629,457,55.23,1194,27.45
14-01-2026,Bhavanisagar,105,32800,72.54,13013,772,455,68.96,11466,39.67
14-01-2026,Manimuthar,118,5511,92.47,2996,1039,841,96.56,3338,54.36
14-01-2026,Mettur,120,93470,116.13,86120,1016,924,117.18,88067,92.14
14-01-2026,Papanasam,143,5500,102.78,2409,377,257,106.34,2623,43.8
14-01-2026,Vaigai,71,6091,21.42,305,806,522,21.42,305,5.01
15-01-2026,Amaravathi,90,4047,53.86,1121,283,292,53.13,1084,27.7
15-01-2026,Bhavanisagar,105,32800,69.89,11856,318,192,73.58,13484,36.15
15-01-2026,Manimuthar,118,5511,90.02,2801,150,148,89.06,2727,50.83
15-01-2026,Mettur,120,93470,113.1,80611,1609,1022,115.67,85263,86.24
15-01-2026,Papanasam,143,5500,100.98,2304,109,85,100.55,2280,41.89
15-01-2026,Vaigai,71,6091,21.42,305,1416,1400,22.35,339,5.01
16-01-2026,Amaravathi,90,4047,53.94,1125,944,942,51.86,1020,27.8
16-01-2026,Bhavanisagar,105,32800,71.38,12498,2121,1353,69.88,11852,38.1
16-01-2026,Manimuthar,118,5511,89.91,2793,470,511,94.35,3150,50.68
16-01-2026,Mettur,120,93470,114.74,83570,292,255,118.07,89765,89.41
16-01-2026,Papanasam,143,5500,102.31,2381,1165,911,97.78,2126,43.29
16-01-2026,Vaigai,71,6091,21.42,305,3958,3791,21.7,314,5.01
17-01-2026,Amaravathi,90,4047,54.04,1131,2461,1484,53.53,1104,27.95
17-01-2026,Bhavanisagar,105,32800,70.95,12312,21,18,71.15,12398,37.54
17-01-2026,Manimuthar,118,5511,90.54,2842,14,10,90.64,2850,51.57
17-01-2026,Mettur,120,93470,115.9,85682,2082,1097,119.09,91701,91.67
17-01-2026,Papanasam,143,5500,103.68,2462,191,174,104.84,2531,44.76
17-01-2026,Vaigai,71,6091,21.42,305,1276,1399,21.42,305,5.01
18-01-2026,Amaravathi,90,4047,54.63,1162,1967,1006,51.99,1026,28.71
18-01-2026,Bhavanisagar,105,32800,69.68,11768,2517,1506,72.16,12842,35.88
18-01-2026,Manimuthar,118,5511,91.71,2934,125,102,95.13,3216,53.24
18-01-2026,Mettur,120,93470,114.08,82359,459,361,119.52,92535,88.11
18-01-2026,Papanasam,143,5500,102.56,2396,1518,896,107.8,2714,43.56
18-01-2026,Vaigai,71,6091,21.42,305,1414,1127,21.42,305,5.01
19-01-2026,Amaravathi,90,4047,54.59,1160,1179,1000,54.79,1170,28.66
19-01-2026,Bhavanisagar,105,32800,70.67,12188,559,336,68.54,11292,37.16
19-01-2026,Manimuthar,118,5511,89.19,2737,455,479,84.15,2367,49.66
19-01-2026,Mettur,120,93470,114.9,83849,15,8,111.49,77776,89.71
19-01-2026,Papanasam,143,5500,103.85,2472,311,293,107.27,2680,44.95
19-01-2026,Vaigai,71,6091,21.42,305,502,476,22.35,339,5.01
20-01-2026,Amaravathi,90,4047,53.27,1091,2039,1306,52.9,1072,26.96
20-01-2026,Bhavanisagar,105,32800,71.24,12437,336,280,70.48,12106,37.92
20-01-2026,Manimuthar,118,5511,89.48,2760,647,426,93.57,3086,50.08
20-01-2026,Mettur,120,93470,112.56,79646,31,27,111.56,77888,85.21
20-01-2026,Papanasam,143,5500,103,2422,557,406,104.92,2536,44.04
20-01-2026,Vaigai,71,6091,21.42,305,2359,1501,22.4,341,5.01
21-01-2026,Amaravathi,90,4047,53.95,1126,317,221,53.76,1116,27.82
21-01-2026,Bhavanisagar,105,32800,70.39,12067,169,171,68.74,11375,36.79
21-01-2026,Manimuthar,118,5511,90.69,2854,574,592,87.51,2610,51.79
21-01-2026,Mettur,120,93470,113.65,81594,385,345,119.52,92535,87.29
21-01-2026,Papanasam,143,5500,102.86,2413,48,29,104.85,2532,43.87
21-01-2026,Vaigai,71,6091,21.42,305,1427,974,21.42,305,5.01
22-01-2026,Amaravathi,90,4047,53,1077,29,16,54.16,1137,26.61
22-01-2026,Bhavanisagar,105,32800,71.99,12769,1182,992,71.75,12661,38.93
22-01-2026,Manimuthar,118,5511,89.94,2795,1138,660,94.65,3176,50.72
22-01-2026,Mettur,120,93470,115.76,85436,56,57,116.82,87407,91.4
22-01-2026,Papanasam,143,5500,102,2363,113,122,106.36,2624,42.96
22-01-2026,Vaigai,71,6091,21.42,305,514,479,21.42,305,5.01
23-01-2026,Amaravathi,90,4047,54.44,1152,1305,658,55.2,1192,28.47
23-01-2026,Bhavanisagar,105,32800,72.49,12992,101,90,75.82,14534,39.61
23-01-2026,Manimuthar,118,5511,92.81,3023,625,440,89.52,2763,54.85
23-01-2026,Mettur,120,93470,115.51,84973,79,43,116.9,87546,90.91
23-01-2026,Papanasam,143,5500,103.97,2479,2404,1576,108.2,2739,45.07
23-01-2026,Vaigai,71,6091,21.42,305,1455,1510,21.42,305,5.01
24-01-2026,Amaravathi,90,4047,53.61,1108,108,104,56.64,1271,27.38
24-01-2026,Bhavanisagar,105,32800,70.96,12316,65,37,72.77,13116,37.55
24-01-2026,Manimuthar,118,5511,92.31,2983,1018,1092,90.74,2857,54.13
24-01-2026,Mettur,120,93470,119.47,92438,458,481,118.12,89847,98.9
24-01-2026,Papanasam,143,5500,103.11,2428,238,178,103.83,2471,44.15
24-01-2026,Vaigai,71,6091,21.42,305,200,138,21.42,305,5.01
25-01-2026,Amaravathi,90,4047,55.02,1183,297,226,57.3,1309,29.23
25-01-2026,Bhavanisagar,105,32800,69.18,11557,162,130,65.97,10262,35.23
25-01-2026,Manimuthar,118,5511,90.69,2854,525,408,93.02,3041,51.79
25-01-2026,Mettur,120,93470,116.12,86094,381,310,118.83,91204,92.11
25-01-2026,Papanasam,143,5500,103.54,2454,486,468,105.4,2565,44.62
25-01-2026,Vaigai,71,6091,21.42,305,1222,1147,22.2,333,5.01
26-01-2026,Amaravathi,90,4047,53.96,1127,201,132,53.61,1108,27.85
26-01-2026,Bhavanisagar,105,32800,69.82,11826,712,682,67.75,10969,36.05
26-01-2026,Manimuthar,118,5511,91.5,2918,1398,1101,91.75,2938,52.95
26-01-2026,Mettur,120,93470,114.44,83025,2535,2472,116.83,87417,88.83
26-01-2026,Papanasam,143,5500,100.57,2281,293,172,102.11,2370,41.47
26-01-2026,Vaigai,71,6091,21.42,305,1681,1528,21.42,305,5.01
27-01-2026,Amaravathi,90,4047,53.18,1086,2890,1608,52.34,1044,26.83
27-01-2026,Bhavanisagar,105,32800,71.2,12422,1276,1282,70.47,12104,37.87
27-01-2026,Manimuthar,118,5511,91.73,2936,898,831,94.08,3128,53.28
27-01-2026,Mettur,120,93470,116.01,85902,385,192,112.77,80025,91.9
27-01-2026,Papanasam,143,5500,100.94,2303,434,295,96.02,2032,41.87
27-01-2026,Vaigai,71,6091,21.42,305,249,168,21.91,322,5.01
28-01-2026,Amaravathi,90,4047,54.69,1165,1357,862,55.71,1220,28.79
28-01-2026,Bhavanisagar,105,32800,70.98,12324,1606,842,67.65,10930,37.57
28-01-2026,Manimuthar,118,5511,88.65,2696,294,282,83.3,2308,48.92
28-01-2026,Mettur,120,93470,115.7,85328,270,242,117.54,88751,91.29
28-01-2026,Papanasam,143,5500,102.3,2381,870,833,103.23,2435,43.29
28-01-2026,Vaigai,71,6091,21.42,305,2845,1727,21.42,305,5.01
29-01-2026,Amaravathi,90,4047,54.66,1163,444,379,54.63,1162,28.74
29-01-2026,Bhavanisagar,105,32800,70.61,12165,2056,1455,71.9,12729,37.09
29-01-2026,Manimuthar,118,5511,90.28,2821,1438,1173,89.59,2768,51.19
29-01-2026,Mettur,120,93470,115.15,84318,1435,996,117.4,88494,90.21
29-01-2026,Papanasam,143,5500,102.35,2384,629,544,104.48,2510,43.35
29-01-2026,Vaigai,71,6091,21.42,305,1187,828,22.36,339,5.01
30-01-2026,Amaravathi,90,4047,53.91,1124,3205,3040,55.37,1201,27.77
30-01-2026,Bhavanisagar,105,32800,69.84,11834,1359,1157,68.63,11327,36.08
30-01-2026,Manimuthar,118,5511,91.23,2897,1290,673,88.13,2656,52.57
30-01-2026,Mettur,120,93470,115.56,85061,894,630,110.31,75736,91
30-01-2026,Papanasam,143,5500,102.71,2404,1309,1227,104.55,2514,43.71
30-01-2026,Vaigai,71,6091,21.42,305,125,65,21.42,305,5.01
31-01-2026,Amaravathi,90,4047,53.79,1117,692,731,52.18,1036,27.6
31-01-2026,Bhavanisagar,105,32800,69.35,11630,96,105,66.14,10329,35.46
31-01-2026,Manimuthar,118,5511,92.07,2964,527,345,92.28,2980,53.78
31-01-2026,Mettur,120,93470,115.82,85546,120,88,118.94,91421,91.52
31-01-2026,Papanasam,143,5500,102.9,2416,1419,1555,105.24,2556,43.93
31-01-2026,Vaigai,71,6091,21.42,305,74,70,21.42,305,5.01
01-02-2026,Amaravathi,90,4047,49.83,923,283,211,48.26,852,22.81
01-02-2026,Bhavanisagar,105,32800,67.26,10772,67,68,65.63,10131,32.84
01-02-2026,Manimuthar,118,5511,85.46,2460,876,658,89.2,2738,44.64
01-02-2026,Mettur,120,93470,109.04,73563,1361,777,102.18,62529,78.7
01-02-2026,Papanasam,143,5500,95.1,1983,1044,844,99.16,2202,36.05
01-02-2026,Vaigai,71,6091,21.42,305,2207,1590,21.85,320,5.01
02-02-2026,Amaravathi,90,4047,51.07,981,1600,1070,51.36,995,24.24
02-02-2026,Bhavanisagar,105,32800,65.09,9926,447,293,63.85,9458,30.26
02-02-2026,Manimuthar,118,5511,84.35,2381,227,174,86.32,2522,43.2
02-02-2026,Mettur,120,93470,106.57,69478,264,134,107.09,70318,74.33
02-02-2026,Papanasam,143,5500,94.91,1974,1167,1079,97.97,2137,35.89
02-02-2026,Vaigai,71,6091,21.42,305,769,643,22.1,329,5.01
03-02-2026,Amaravathi,90,4047,50.4,950,78,81,49.82,922,23.47
03-02-2026,Bhavanisagar,105,32800,67.52,10875,475,442,67.61,10913,33.16
03-02-2026,Manimuthar,118,5511,85.06,2431,223,242,83.17,2299,44.11
03-02-2026,Mettur,120,93470,110.13,75416,1714,1841,110.99,76903,80.68
03-02-2026,Papanasam,143,5500,96.18,2041,119,106,93.78,1915,37.11
03-02-2026,Vaigai,71,6091,21.42,305,1276,1151,21.42,305,5.01
04-02-2026,Amaravathi,90,4047,49.1,889,555,361,48.35,856,21.97
04-02-2026,Bhavanisagar,105,32800,68.91,11443,2275,1204,69.51,11695,34.89
04-02-2026,Manimuthar,118,5511,84.55,2395,1945,1893,81.37,2176,43.46
04-02-2026,Mettur,120,93470,106.66,69621,716,521,108.02,71859,74.48
04-02-2026,Papanasam,143,5500,94.81,1969,1036,701,88.96,1679,35.8
04-02-2026,Vaigai,71,6091,21.42,305,4162,4127,21.42,305,5.01
05-02-2026,Amaravathi,90,4047,49.64,914,1448,1448,48.45,861,22.58
05-02-2026,Bhavanisagar,105,32800,66.49,10468,1729,1115,69.4,11650,31.91
05-02-2026,Manimuthar,118,5511,85.05,2431,2435,1678,86.98,2571,44.11
05-02-2026,Mettur,120,93470,108.08,71951,442,284,102.62,63209,76.98
05-02-2026,Papanasam,143,5500,97,2084,903,512,98.83,2184,37.89
05-02-2026,Vaigai,71,6091,21.42,305,347,292,21.98,325,5.01
06-02-2026,Amaravathi,90,4047,51.04,980,48,49,49.28,898,24.22
06-02-2026,Bhavanisagar,105,32800,66.59,10505,520,274,69.83,11829,32.03
06-02-2026,Manimuthar,118,5511,85.72,2479,2246,2287,90.6,2847,44.98
06-02-2026,Mettur,120,93470,107.04,70232,175,191,106.31,69055,75.14
06-02-2026,Papanasam,143,5500,96.87,2077,392,407,100.13,2257,37.76
06-02-2026,Vaigai,71,6091,21.42,305,298,181,21.42,305,5.01
07-02-2026,Amaravathi,90,4047,50.2,941,1021,867,50.52,955,23.25
07-02-2026,Bhavanisagar,105,32800,66.92,10635,571,295,68.42,11241,32.42
07-02-2026,Manimuthar,118,5511,85.95,2495,181,123,87.34,2597,45.27
07-02-2026,Mettur,120,93470,107.57,71120,683,699,113.71,81694,76.09
07-02-2026,Papanasam,143,5500,95.08,1983,69,51,93.2,1886,36.05
07-02-2026,Vaigai,71,6091,21.42,305,766,699,21.42,305,5.01
08-02-2026,Amaravathi,90,4047,50.65,961,1500,944,52.44,1049,23.75
08-02-2026,Bhavanisagar,105,32800,65.36,10027,217,116,65.94,10250,30.57
08-02-2026,Manimuthar,118,5511,85.34,2451,69,69,89.87,2790,44.47
08-02-2026,Mettur,120,93470,110.01,75210,356,243,108.71,73015,80.46
08-02-2026,Papanasam,143,5500,95.31,1995,1038,894,100.53,2279,36.27
08-02-2026,Vaigai,71,6091,21.42,305,94,86,21.42,305,5.01
09-02-2026,Amaravathi,90,4047,48.71,872,459,281,50.19,940,21.55
09-02-2026,Bhavanisagar,105,32800,66.35,10412,875,703,68.81,11402,31.74
09-02-2026,Manimuthar,118,5511,87.11,2580,468,297,81.85,2208,46.82
09-02-2026,Mettur,120,93470,108.56,72756,1004,912,106.11,68724,77.84
09-02-2026,Papanasam,143,5500,97.79,2127,2499,1890,100.37,2270,38.67
09-02-2026,Vaigai,71,6091,21.42,305,1001,1000,22.3,337,5.01
10-02-2026,Amaravathi,90,4047,50.29,945,59,42,50.9,973,23.35
10-02-2026,Bhavanisagar,105,32800,66.71,10553,11,10,66.05,10293,32.17
10-02-2026,Manimuthar,118,5511,85.98,2498,2183,1213,86.53,2537,45.33
10-02-2026,Mettur,120,93470,108.56,72758,123,104,111.04,76980,77.84
10-02-2026,Papanasam,143,5500,95.65,2013,347,263,91.73,1813,36.6
10-02-2026,Vaigai,71,6091,21.42,305,1191,1148,22.14,331,5.01
11-02-2026,Amaravathi,90,4047,49.61,913,730,542,49.18,893,22.56
11-02-2026,Bhavanisagar,105,32800,67.36,10811,750,667,66.13,10326,32.96
11-02-2026,Manimuthar,118,5511,83.74,2338,1070,712,84.44,2387,42.42
11-02-2026,Mettur,120,93470,106.54,69422,1085,1033,111.16,77187,74.27
11-02-2026,Papanasam,143,5500,95.34,1996,617,554,95.31,1995,36.29
11-02-2026,Vaigai,71,6091,21.42,305,233,143,21.65,313,5.01
12-02-2026,Amaravathi,90,4047,50.09,935,2756,2784,47.88,836,23.1
12-02-2026,Bhavanisagar,105,32800,66.13,10326,420,264,66.8,10590,31.48
12-02-2026,Manimuthar,118,5511,86,2499,542,514,83.91,2350,45.35
12-02-2026,Mettur,120,93470,110.74,76476,868,531,104.15,65594,81.82
12-02-2026,Papanasam,143,5500,95.2,1989,1878,1997,96.53,2059,36.16
12-02-2026,Vaigai,71,6091,21.42,305,99,92,21.42,305,5.01
13-02-2026,Amaravathi,90,4047,49.14,891,27,28,49.3,899,22.02
13-02-2026,Bhavanisagar,105,32800,65.75,10176,526,273,64.3,9626,31.02
13-02-2026,Manimuthar,118,5511,85.64,2473,215,131,84.18,2369,44.87
13-02-2026,Mettur,120,93470,108.03,71872,301,230,109.53,74397,76.89
13-02-2026,Papanasam,143,5500,96.19,2041,1918,1110,99.53,2223,37.11
13-02-2026,Vaigai,71,6091,21.42,305,163,95,21.42,305,5.01
14-02-2026,Amaravathi,90,4047,51.34,995,340,268,54.12,1135,24.59
14-02-2026,Bhavanisagar,105,32800,66.96,10654,1161,1066,65.42,10050,32.48
14-02-2026,Manimuthar,118,5511,86.6,2543,68,45,87.31,2596,46.14
14-02-2026,Mettur,120,93470,107.46,70928,120,129,102.21,62588,75.88
14-02-2026,Papanasam,143,5500,95.59,2009,352,299,93.27,1890,36.53
14-02-2026,Vaigai,71,6091,21.42,305,18,10,21.42,305,5.01
15-02-2026,Amaravathi,90,4047,50.42,951,1003,594,48.12,846,23.5
15-02-2026,Bhavanisagar,105,32800,67.32,10796,94,62,69.92,11871,32.91
15-02-2026,Manimuthar,118,5511,86.64,2546,345,259,88.81,2708,46.2
15-02-2026,Mettur,120,93470,108.68,72961,585,498,109.22,73867,78.06
15-02-2026,Papanasam,143,5500,94.56,1956,912,657,98.53,2167,35.56
15-02-2026,Vaigai,71,6091,21.42,305,970,542,21.58,310,5.01
16-02-2026,Amaravathi,90,4047,50.73,966,315,161,53.34,1094,23.87
16-02-2026,Bhavanisagar,105,32800,66.4,10429,8,4,64.95,9872,31.8
16-02-2026,Manimuthar,118,5511,84.88,2418,673,632,80.07,2090,43.88
16-02-2026,Mettur,120,93470,108.34,72386,707,452,110.11,75377,77.44
16-02-2026,Papanasam,143,5500,94.17,1936,368,371,92.88,1870,35.2
16-02-2026,Vaigai,71,6091,21.42,305,170,91,21.86,320,5.01
17-02-2026,Amaravathi,90,4047,49.75,919,167,84,48.14,847,22.71
17-02-2026,Bhavanisagar,105,32800,66.78,10582,777,423,70.2,11990,32.26
17-02-2026,Manimuthar,118,5511,85.56,2467,248,247,89.16,2735,44.77
17-02-2026,Mettur,120,93470,106.59,69510,1543,809,106.57,69471,74.37
17-02-2026,Papanasam,143,5500,96.72,2069,690,613,94.93,1975,37.62
17-02-2026,Vaigai,71,6091,21.42,305,560,559,21.42,305,5.01
18-02-2026,Amaravathi,90,4047,49.95,929,2277,2339,49.69,917,22.96
18-02-2026,Bhavanisagar,105,32800,67.09,10702,1364,1300,67.94,11045,32.63
18-02-2026,Manimuthar,118,5511,83.23,2303,1272,861,79.27,2038,41.79
18-02-2026,Mettur,120,93470,106.29,69019,331,287,111.2,77258,73.84
18-02-2026,Papanasam,143,5500,95.6,2010,217,145,90.36,1746,36.55
18-02-2026,Vaigai,71,6091,21.42,305,1306,892,21.42,305,5.01
19-02-2026,Amaravathi,90,4047,49.17,893,476,396,47.62,824,22.07
19-02-2026,Bhavanisagar,105,32800,66.17,10342,887,783,67.18,10742,31.53
19-02-2026,Manimuthar,118,5511,83.2,2301,268,196,78.54,1992,41.75
19-02-2026,Mettur,120,93470,109.33,74055,1494,1269,112.29,79169,79.23
19-02-2026,Papanasam,143,5500,93.26,1889,326,225,98.23,2151,34.35
19-02-2026,Vaigai,71,6091,21.42,305,323,177,22.51,345,5.01
20-02-2026,Amaravathi,90,4047,49.89,926,575,457,46.87,792,22.88
20-02-2026,Bhavanisagar,105,32800,66.68,10542,1186,1145,69.57,11720,32.14
20-02-2026,Manimuthar,118,5511,87.09,2579,648,351,86.46,2533,46.8
20-02-2026,Mettur,120,93470,110.2,75531,564,346,112.82,80102,80.81
20-02-2026,Papanasam,143,5500,97.78,2127,41,23,101.37,2327,38.67
20-02-2026,Vaigai,71,6091,21.42,305,966,781,21.42,305,5.01
21-02-2026,Amaravathi,90,4047,49.87,925,144,104,50.96,976,22.86
21-02-2026,Bhavanisagar,105,32800,66.43,10443,218,119,66.3,10390,31.84
21-02-2026,Manimuthar,118,5511,84.83,2415,1110,593,80.16,2096,43.82
21-02-2026,Mettur,120,93470,105.89,68365,731,522,110.93,76802,73.14
21-02-2026,Papanasam,143,5500,96.5,2058,879,540,95.39,1999,37.42
21-02-2026,Vaigai,71,6091,21.42,305,926,549,21.42,305,5.01
22-02-2026,Amaravathi,90,4047,49.97,929,733,757,48.91,881,22.96
22-02-2026,Bhavanisagar,105,32800,67.63,10921,527,444,67.85,11009,33.3
22-02-2026,Manimuthar,118,5511,83.54,2324,2457,2085,81.37,2176,42.17
22-02-2026,Mettur,120,93470,106.4,69190,1013,747,109.6,74510,74.02
22-02-2026,Papanasam,143,5500,97.58,2115,56,48,100.07,2253,38.45
22-02-2026,Vaigai,71,6091,21.42,305,1039,938,21.42,305,5.01
23-02-2026,Amaravathi,90,4047,49.19,894,129,102,50.61,960,22.09
23-02-2026,Bhavanisagar,105,32800,66.45,10452,35,30,69,11481,31.87
23-02-2026,Manimuthar,118,5511,84.4,2384,1098,796,80.54,2121,43.26
23-02-2026,Mettur,120,93470,109.94,75088,544,406,115.46,84881,80.33
23-02-2026,Papanasam,143,5500,96.1,2036,3430,3376,93.47,1900,37.02
23-02-2026,Vaigai,71,6091,21.42,305,382,200,21.97,325,5.01
24-02-2026,Amaravathi,90,4047,50.14,937,16,8,50.03,933,23.15
24-02-2026,Bhavanisagar,105,32800,66.7,10549,810,484,63.58,9357,32.16
24-02-2026,Manimuthar,118,5511,85.86,2489,47,31,82.77,2271,45.16
24-02-2026,Mettur,120,93470,107.21,70515,790,854,105.62,67931,75.44
24-02-2026,Papanasam,143,5500,97.27,2099,1177,1167,101.82,2353,38.16
24-02-2026,Vaigai,71,6091,21.42,305,1748,1452,21.42,305,5.01
25-02-2026,Amaravathi,90,4047,49.57,911,318,320,50.18,939,22.51
25-02-2026,Bhavanisagar,105,32800,65.3,10004,3523,2593,63.11,9185,30.5
25-02-2026,Manimuthar,118,5511,83.44,2317,202,183,86.61,2544,42.04
25-02-2026,Mettur,120,93470,107.49,70982,57,40,107.57,71108,75.94
25-02-2026,Papanasam,143,5500,97,2084,93,52,100.36,2269,37.89
25-02-2026,Vaigai,71,6091,21.42,305,3294,3284,21.42,305,5.01
26-02-2026,Amaravathi,90,4047,48.58,866,618,323,50.8,969,21.4
26-02-2026,Bhavanisagar,105,32800,66.88,10621,846,749,63.44,9308,32.38
26-02-2026,Manimuthar,118,5511,86.13,2508,2234,1195,82.58,2258,45.51
26-02-2026,Mettur,120,93470,108.74,73070,5486,4229,106.82,69886,78.17
26-02-2026,Papanasam,143,5500,97.58,2116,121,109,91.49,1801,38.47
26-02-2026,Vaigai,71,6091,21.42,305,418,324,22.26,335,5.01
27-02-2026,Amaravathi,90,4047,49.44,905,5741,3495,47.1,802,22.36
27-02-2026,Bhavanisagar,105,32800,65.44,10058,2015,1478,63.95,9495,30.66
27-02-2026,Manimuthar,118,5511,86.65,2547,481,347,85.8,2484,46.22
27-02-2026,Mettur,120,93470,106.47,69312,460,261,111.21,77282,74.15
27-02-2026,Papanasam,143,5500,95.39,1999,104,73,90.43,1749,36.35
27-02-2026,Vaigai,71,6091,21.42,305,969,518,22.55,346,5.01
28-02-2026,Amaravathi,90,4047,50.57,958,974,982,52.06,1030,23.67
28-02-2026,Bhavanisagar,105,32800,64.14,9564,1792,1895,62.59,9000,29.16
28-02-2026,Manimuthar,118,5511,84.45,2388,640,676,83.35,2311,43.33
28-02-2026,Mettur,120,93470,105.15,67185,970,742,107,70172,71.88
28-02-2026,Papanasam,143,5500,94.78,1967,666,406,92.24,1838,35.76
28-02-2026,Vaigai,71,6091,21.42,305,909,556,21.42,305,5.01
01-03-2026,Amaravathi,90,4047,46.88,793,453,393,47.92,837,19.59
01-03-2026,Bhavanisagar,105,32800,62.05,8807,1515,1467,65.14,9945,26.85
01-03-2026,Manimuthar,118,5511,80,2086,33,30,77.95,1955,37.85
01-03-2026,Mettur,120,93470,99.95,59183,48,47,105.04,67004,63.32
01-03-2026,Papanasam,143,5500,92.03,1827,551,518,87.38,1605,33.22
01-03-2026,Vaigai,71,6091,21.42,305,1552,1166,21.81,319,5.01
02-03-2026,Amaravathi,90,4047,45.11,720,787,656,45.88,751,17.79
02-03-2026,Bhavanisagar,105,32800,63.36,9278,243,241,59.42,7901,28.29
02-03-2026,Manimuthar,118,5511,79.45,2050,977,968,80.28,2104,37.2
02-03-2026,Mettur,120,93470,102.98,63772,124,97,104.23,65720,68.23
02-03-2026,Papanasam,143,5500,91.48,1800,426,452,96.65,2065,32.73
02-03-2026,Vaigai,71,6091,21.42,305,495,332,21.42,305,5.01
03-03-2026,Amaravathi,90,4047,48.83,878,721,671,49.66,915,21.7
03-03-2026,Bhavanisagar,105,32800,61.25,8526,632,444,59.93,8073,25.99
03-03-2026,Manimuthar,118,5511,78.96,2019,295,202,75.28,1791,36.64
03-03-2026,Mettur,120,93470,102.53,63068,662,490,100.5,60005,67.47
03-03-2026,Papanasam,143,5500,90.52,1753,568,382,93.6,1906,31.87
03-03-2026,Vaigai,71,6091,21.42,305,1489,1162,21.42,305,5.01
04-03-2026,Amaravathi,90,4047,49.15,892,453,292,46.07,759,22.04
04-03-2026,Bhavanisagar,105,32800,63.88,9471,714,722,62.04,8802,28.88
04-03-2026,Manimuthar,118,5511,80.77,2136,20,17,80.25,2102,38.76
04-03-2026,Mettur,120,93470,101.82,61994,134,126,98.17,56579,66.33
04-03-2026,Papanasam,143,5500,90.09,1733,1167,887,86.77,1577,31.51
04-03-2026,Vaigai,71,6091,21.42,305,205,187,22.12,330,5.01
05-03-2026,Amaravathi,90,4047,47.78,831,623,532,50.38,949,20.53
05-03-2026,Bhavanisagar,105,32800,63.3,9255,557,429,59.41,7899,28.22
05-03-2026,Manimuthar,118,5511,81.3,2171,2732,2708,77.99,1957,39.39
05-03-2026,Mettur,120,93470,100.64,60205,45,37,101.78,61925,64.41
05-03-2026,Papanasam,143,5500,89.81,1719,800,751,85.62,1526,31.25
05-03-2026,Vaigai,71,6091,21.42,305,207,135,21.42,305,5.01
06-03-2026,Amaravathi,90,4047,46.6,781,171,92,48.09,845,19.3
06-03-2026,Bhavanisagar,105,32800,64.88,9844,681,641,65.43,10055,30.01
06-03-2026,Manimuthar,118,5511,80.36,2109,157,144,80.81,2139,38.27
06-03-2026,Mettur,120,93470,102.66,63281,322,316,103.16,64046,67.7
06-03-2026,Papanasam,143,5500,89.44,1702,363,347,91.69,1811,30.95
06-03-2026,Vaigai,71,6091,21.42,305,83,75,22.12,330,5.01
07-03-2026,Amaravathi,90,4047,46.28,768,218,188,47.31,811,18.98
07-03-2026,Bhavanisagar,105,32800,63.6,9364,52,29,64.33,9635,28.55
07-03-2026,Manimuthar,118,5511,82.89,2279,23,20,84.21,2371,41.35
07-03-2026,Mettur,120,93470,104.03,65410,62,52,108.95,73416,69.98
07-03-2026,Papanasam,143,5500,89.72,1715,825,415,85.74,1531,31.18
07-03-2026,Vaigai,71,6091,21.42,305,528,379,21.42,305,5.01
08-03-2026,Amaravathi,90,4047,48.43,860,445,298,50.66,962,21.25
08-03-2026,Bhavanisagar,105,32800,62.48,8958,426,354,61.17,8497,27.31
08-03-2026,Manimuthar,118,5511,79.98,2085,670,390,83.27,2305,37.83
08-03-2026,Mettur,120,93470,99.56,58604,117,69,98.75,57422,62.7
08-03-2026,Papanasam,143,5500,89.71,1714,120,89,84.95,1496,31.16
08-03-2026,Vaigai,71,6091,21.42,305,1110,693,21.42,305,5.01
09-03-2026,Amaravathi,90,4047,47.54,821,1502,898,44.71,704,20.29
09-03-2026,Bhavanisagar,105,32800,62.67,9025,968,857,61.39,8573,27.52
09-03-2026,Manimuthar,118,5511,79.25,2037,21,11,75.46,1802,36.96
09-03-2026,Mettur,120,93470,100.92,60627,688,377,106.05,68622,64.86
09-03-2026,Papanasam,143,5500,89.47,1703,1053,1024,90.26,1741,30.96
09-03-2026,Vaigai,71,6091,21.42,305,596,517,21.42,305,5.01
10-03-2026,Amaravathi,90,4047,47.4,815,2724,2274,46.67,784,20.14
10-03-2026,Bhavanisagar,105,32800,63.64,9381,771,641,59.73,8006,28.6
10-03-2026,Manimuthar,118,5511,83.52,2323,392,263,86.54,2539,42.15
10-03-2026,Mettur,120,93470,103.16,64047,1339,733,102.87,63602,68.52
10-03-2026,Papanasam,143,5500,92.06,1829,589,408,91.82,1817,33.25
10-03-2026,Vaigai,71,6091,21.42,305,534,540,22.05,327,5.01
11-03-2026,Amaravathi,90,4047,47.21,806,1668,1287,46.14,762,19.92
11-03-2026,Bhavanisagar,105,32800,64.18,9579,906,657,67.46,10851,29.2
11-03-2026,Manimuthar,118,5511,81.23,2167,53,35,76.54,1867,39.32
11-03-2026,Mettur,120,93470,104.8,66617,755,752,108.27,72283,71.27
11-03-2026,Papanasam,143,5500,91.57,1805,545,403,96.12,2037,32.82
11-03-2026,Vaigai,71,6091,21.42,305,1145,1229,21.42,305,5.01
12-03-2026,Amaravathi,90,4047,47.64,825,1184,719,48.06,843,20.39
12-03-2026,Bhavanisagar,105,32800,63.24,9234,220,136,62.01,8791,28.15
12-03-2026,Manimuthar,118,5511,79.67,2064,1307,781,82.29,2238,37.45
12-03-2026,Mettur,120,93470,102.64,63236,100,102,108.21,72171,67.65
12-03-2026,Papanasam,143,5500,89.53,1706,669,610,85.53,1522,31.02
12-03-2026,Vaigai,71,6091,21.42,305,1124,1186,21.42,305,5.01
13-03-2026,Amaravathi,90,4047,48.56,865,3135,2114,50.23,942,21.37
13-03-2026,Bhavanisagar,105,32800,64.17,9575,491,332,64.28,9618,29.19
13-03-2026,Manimuthar,118,5511,79.4,2047,854,594,79.84,2075,37.14
13-03-2026,Mettur,120,93470,102.13,62467,148,138,96.25,53852,66.83
13-03-2026,Papanasam,143,5500,92.03,1828,337,351,92.77,1864,33.24
13-03-2026,Vaigai,71,6091,21.42,305,751,440,21.43,305,5.01
14-03-2026,Amaravathi,90,4047,47.15,804,1094,657,47.88,835,19.87
14-03-2026,Bhavanisagar,105,32800,62.94,9124,980,746,63.91,9480,27.82
14-03-2026,Manimuthar,118,5511,79.08,2026,1806,1520,82.57,2257,36.76
14-03-2026,Mettur,120,93470,103.04,63865,660,700,105.14,67165,68.33
14-03-2026,Papanasam,143,5500,90.24,1740,555,459,88.42,1654,31.64
14-03-2026,Vaigai,71,6091,21.42,305,296,178,22.51,345,5.01
15-03-2026,Amaravathi,90,4047,47.6,823,68,72,46.38,772,20.34
15-03-2026,Bhavanisagar,105,32800,63.78,9432,316,215,64.37,9653,28.76
15-03-2026,Manimuthar,118,5511,80.3,2106,1319,722,77.4,1921,38.21
15-03-2026,Mettur,120,93470,97.84,56107,498,490,102.93,63691,60.03
15-03-2026,Papanasam,143,5500,90.39,1747,756,409,86.41,1561,31.76
15-03-2026,Vaigai,71,6091,21.42,305,293,205,22.27,336,5.01
16-03-2026,Amaravathi,90,4047,47.24,808,2218,2056,48.58,866,19.97
16-03-2026,Bhavanisagar,105,32800,65.63,10132,256,184,62.22,8867,30.89
16-03-2026,Manimuthar,118,5511,80.83,2141,1507,1230,76.85,1886,38.85
16-03-2026,Mettur,120,93470,101.14,60962,440,390,99.68,58784,65.22
16-03-2026,Papanasam,143,5500,89.75,1716,1617,946,91.6,1806,31.2
16-03-2026,Vaigai,71,6091,21.42,305,768,820,21.42,305,5.01
17-03-2026,Amaravathi,90,4047,47.34,812,525,412,45.04,717,20.06
17-03-2026,Bhavanisagar,105,32800,62.81,9079,40,26,59.47,7920,27.68
17-03-2026,Manimuthar,118,5511,80.17,2097,110,108,84.15,2367,38.05
17-03-2026,Mettur,120,93470,101.61,61672,42,36,106.35,69117,65.98
17-03-2026,Papanasam,143,5500,90.94,1774,377,278,93.77,1915,32.25
17-03-2026,Vaigai,71,6091,21.42,305,3430,3425,21.65,313,5.01
18-03-2026,Amaravathi,90,4047,46.33,770,2871,2807,45.84,749,19.03
18-03-2026,Bhavanisagar,105,32800,62.99,9142,241,246,62.88,9101,27.87
18-03-2026,Manimuthar,118,5511,80.4,2112,1337,1062,81.76,2202,38.32
18-03-2026,Mettur,120,93470,100.06,59347,444,234,103.81,65053,63.49
18-03-2026,Papanasam,143,5500,93.47,1900,534,456,96.33,2049,34.55
18-03-2026,Vaigai,71,6091,21.42,305,45,28,22.56,347,5.01
19-03-2026,Amaravathi,90,4047,47.9,836,124,120,45.65,741,20.66
19-03-2026,Bhavanisagar,105,32800,62.57,8991,277,224,61.67,8672,27.41
19-03-2026,Manimuthar,118,5511,80.48,2117,402,284,77.72,1940,38.41
19-03-2026,Mettur,120,93470,101.39,61335,1330,1134,99.58,58632,65.62
19-03-2026,Papanasam,143,5500,90.82,1768,710,617,93.9,1922,32.15
19-03-2026,Vaigai,71,6091,21.42,305,580,421,22.08,328,5.01
20-03-2026,Amaravathi,90,4047,47.16,805,618,600,46.09,760,19.89
20-03-2026,Bhavanisagar,105,32800,61.84,8732,4412,3332,60.7,8334,26.62
20-03-2026,Manimuthar,118,5511,81.51,2185,340,235,76.39,1858,39.65
20-03-2026,Mettur,120,93470,102.73,63386,1328,1167,106.15,68794,67.81
20-03-2026,Papanasam,143,5500,90.62,1758,654,360,89.06,1684,31.96
20-03-2026,Vaigai,71,6091,21.42,305,1012,950,21.42,305,5.01
21-03-2026,Amaravathi,90,4047,47.13,803,67,52,48.5,863,19.84
21-03-2026,Bhavanisagar,105,32800,63.05,9165,941,675,65.5,10082,27.94
21-03-2026,Manimuthar,118,5511,81.88,2210,49,42,82.02,2220,40.1
21-03-2026,Mettur,120,93470,104.62,66344,693,518,110.15,75459,70.98
21-03-2026,Papanasam,143,5500,91.6,1806,403,403,91.75,1814,32.84
21-03-2026,Vaigai,71,6091,21.42,305,2385,1512,21.42,305,5.01
22-03-2026,Amaravathi,90,4047,47.05,800,2235,2397,49.71,918,19.77
22-03-2026,Bhavanisagar,105,32800,64.68,9769,86,86,66.47,10459,29.78
22-03-2026,Manimuthar,118,5511,82.16,2230,532,388,78.72,2003,40.46
22-03-2026,Mettur,120,93470,106.07,68665,189,165,106.98,70140,73.46
22-03-2026,Papanasam,143,5500,92.22,1837,193,100,91.48,1800,33.4
22-03-2026,Vaigai,71,6091,21.42,305,357,254,22.24,334,5.01
23-03-2026,Amaravathi,90,4047,47.06,800,1252,767,45.39,731,19.77
23-03-2026,Bhavanisagar,105,32800,62.5,8965,180,105,61.1,8471,27.33
23-03-2026,Manimuthar,118,5511,80.18,2098,1306,1104,76.11,1841,38.07
23-03-2026,Mettur,120,93470,103.8,65049,155,83,105.09,67086,69.59
23-03-2026,Papanasam,143,5500,90.71,1762,926,715,90.27,1741,32.04
23-03-2026,Vaigai,71,6091,21.42,305,7,6,21.6,311,5.01
24-03-2026,Amaravathi,90,4047,46.57,780,2383,2319,47.8,832,19.27
24-03-2026,Bhavanisagar,105,32800,62.38,8922,384,323,65.64,10135,27.2
24-03-2026,Manimuthar,118,5511,79.24,2036,1267,1332,80.18,2098,36.94
24-03-2026,Mettur,120,93470,102.54,63094,195,175,97.17,55146,67.5
24-03-2026,Papanasam,143,5500,89.02,1681,1059,626,87.89,1629,30.56
24-03-2026,Vaigai,71,6091,21.42,305,43,22,22.37,340,5.01
25-03-2026,Amaravathi,90,4047,46.7,785,156,163,48.49,862,19.4
25-03-2026,Bhavanisagar,105,32800,62.83,9087,552,547,63.19,9215,27.7
25-03-2026,Manimuthar,118,5511,82.97,2285,999,533,83.57,2326,41.46
25-03-2026,Mettur,120,93470,104.96,66877,443,264,100.87,60547,71.55
25-03-2026,Papanasam,143,5500,92.05,1829,811,808,95.19,1989,33.25
25-03-2026,Vaigai,71,6091,21.42,305,1398,989,21.72,315,5.01
26-03-2026,Amaravathi,90,4047,47.3,810,812,724,44.91,712,20.01
26-03-2026,Bhavanisagar,105,32800,62.8,9075,651,696,65.43,10053,27.67
26-03-2026,Manimuthar,118,5511,80.49,2118,684,710,77.49,1926,38.43
26-03-2026,Mettur,120,93470,101.48,61477,39,28,101.63,61693,65.77
26-03-2026,Papanasam,143,5500,89.51,1705,99,62,93.31,1892,31
26-03-2026,Vaigai,71,6091,21.42,305,2276,2481,22.33,338,5.01
27-03-2026,Amaravathi,90,4047,47.44,816,291,318,48.44,860,20.16
27-03-2026,Bhavanisagar,105,32800,62.69,9033,197,124,60.38,8224,27.54
27-03-2026,Manimuthar,118,5511,82.67,2264,78,71,85.79,2484,41.08
27-03-2026,Mettur,120,93470,100.13,59445,501,365,104.09,65493,63.6
27-03-2026,Papanasam,143,5500,92.85,1868,1479,1583,87.93,1631,33.96
27-03-2026,Vaigai,71,6091,21.42,305,1826,1151,22.25,335,5.01
28-03-2026,Amaravathi,90,4047,46.91,794,62,41,45.46,734,19.62
28-03-2026,Bhavanisagar,105,32800,62.32,8903,533,414,60.44,8245,27.14
28-03-2026,Manimuthar,118,5511,81.05,2154,1361,1252,76.87,1888,39.09
28-03-2026,Mettur,120,93470,102.34,62775,48,26,103.24,64166,67.16
28-03-2026,Papanasam,143,5500,93.95,1924,942,834,96.92,2080,34.98
28-03-2026,Vaigai,71,6091,21.42,305,691,630,21.42,305,5.01
29-03-2026,Amaravathi,90,4047,48.15,847,203,124,48.58,866,20.93
29-03-2026,Bhavanisagar,105,32800,64.28,9617,534,276,61.34,8555,29.32
29-03-2026,Manimuthar,118,5511,81.82,2206,1091,662,79.17,2032,40.03
29-03-2026,Mettur,120,93470,100.28,59663,634,651,100.97,60699,63.83
29-03-2026,Papanasam,143,5500,91.62,1807,338,205,88.28,1647,32.85
29-03-2026,Vaigai,71,6091,21.42,305,380,326,21.42,305,5.01
30-03-2026,Amaravathi,90,4047,48.38,858,154,119,45.43,733,21.2
30-03-2026,Bhavanisagar,105,32800,63.2,9221,417,337,62.21,8861,28.11
30-03-2026,Manimuthar,118,5511,78.32,1978,294,176,76.34,1855,35.89
30-03-2026,Mettur,120,93470,102.6,63184,788,415,107.89,71637,67.6
30-03-2026,Papanasam,143,5500,90.42,1748,751,778,94,1927,31.78
30-03-2026,Vaigai,71,6091,21.42,305,2147,2040,21.42,305,5.01
31-03-2026,Amaravathi,90,4047,47.18,805,499,266,49.78,921,19.89
31-03-2026,Bhavanisagar,105,32800,63.38,9284,1026,995,65.33,10017,28.3
31-03-2026,Manimuthar,118,5511,79.28,2039,15,11,81.77,2203,37
31-03-2026,Mettur,120,93470,99.98,59232,1403,951,94.7,51719,63.37
31-03-2026,Papanasam,143,5500,89.88,1723,221,128,86.47,1564,31.33
31-03-2026,Vaigai,71,6091,21.42,305,1102,1040,21.42,305,5.01
01-04-2026,Amaravathi,90,4047,44.21,685,54,46,45.55,738,16.93
01-04-2026,Bhavanisagar,105,32800,57.42,7254,247,193,56.24,6885,22.12
01-04-2026,Manimuthar,118,5511,75.21,1788,323,303,73.26,1674,32.44
01-04-2026,Mettur,120,93470,94.93,52032,78,63,91.97,48065,55.67
01-04-2026,Papanasam,143,5500,84.52,1477,120,120,83.45,1431,26.85
01-04-2026,Vaigai,71,6091,21.42,305,361,349,21.42,305,5.01
02-04-2026,Amaravathi,90,4047,45.53,737,126,105,47.2,806,18.21
02-04-2026,Bhavanisagar,105,32800,59.22,7837,843,588,56.56,6986,23.89
02-04-2026,Manimuthar,118,5511,75.26,1790,34,30,76.59,1870,32.48
02-04-2026,Mettur,120,93470,94.95,52060,266,290,97.02,54938,55.7
02-04-2026,Papanasam,143,5500,85.22,1508,1376,903,84.12,1460,27.42
02-04-2026,Vaigai,71,6091,21.42,305,100,108,21.42,305,5.01
03-04-2026,Amaravathi,90,4047,44.86,710,1268,1347,44.35,690,17.54
03-04-2026,Bhavanisagar,105,32800,58.78,7690,153,132,58.3,7535,23.45
03-04-2026,Manimuthar,118,5511,75.56,1808,102,103,76.7,1877,32.81
03-04-2026,Mettur,120,93470,96.94,54827,47,23,98.89,57630,58.66
03-04-2026,Papanasam,143,5500,86.08,1546,1218,1028,83.13,1417,28.11
03-04-2026,Vaigai,71,6091,21.42,305,239,182,21.42,305,5.01
04-04-2026,Amaravathi,90,4047,44.79,707,504,491,45.83,749,17.47
04-04-2026,Bhavanisagar,105,32800,58.39,7565,44,34,59.78,8023,23.06
04-04-2026,Manimuthar,118,5511,76.67,1875,988,952,74.77,1761,34.02
04-04-2026,Mettur,120,93470,90.97,46768,616,459,90.86,46623,50.04
04-04-2026,Papanasam,143,5500,84.46,1475,309,335,85.55,1522,26.82
04-04-2026,Vaigai,71,6091,21.42,305,358,212,21.57,310,5.01
05-04-2026,Amaravathi,90,4047,43.05,640,182,115,44.11,680,15.81
05-04-2026,Bhavanisagar,105,32800,59.71,7998,204,112,62.72,9045,24.38
05-04-2026,Manimuthar,118,5511,74.54,1748,369,385,77.76,1943,31.72
05-04-2026,Mettur,120,93470,94.42,51327,245,148,89.69,45143,54.91
05-04-2026,Papanasam,143,5500,84,1454,455,344,86.01,1543,26.44
05-04-2026,Vaigai,71,6091,21.42,305,1229,751,21.42,305,5.01
06-04-2026,Amaravathi,90,4047,43.46,656,53,50,44.45,694,16.21
06-04-2026,Bhavanisagar,105,32800,58.5,7601,285,241,60.5,8267,23.17
06-04-2026,Manimuthar,118,5511,74.36,1737,760,390,72.92,1654,31.52
06-04-2026,Mettur,120,93470,94.99,52104,1884,1619,97.54,55678,55.74
06-04-2026,Papanasam,143,5500,86.88,1582,1144,920,86.68,1573,28.76
06-04-2026,Vaigai,71,6091,21.42,305,649,507,21.42,305,5.01
07-04-2026,Amaravathi,90,4047,43.51,658,594,568,45.41,732,16.26
07-04-2026,Bhavanisagar,105,32800,59.82,8037,87,58,57.19,7180,24.5
07-04-2026,Manimuthar,118,5511,73.67,1697,968,1015,72.36,1623,30.79
07-04-2026,Mettur,120,93470,93.32,49855,162,90,89.62,45054,53.34
07-04-2026,Papanasam,143,5500,82.68,1398,1680,1158,85.59,1524,25.42
07-04-2026,Vaigai,71,6091,21.42,305,575,334,21.42,305,5.01
08-04-2026,Amaravathi,90,4047,43.5,657,1146,1236,43.92,673,16.23
08-04-2026,Bhavanisagar,105,32800,57.31,7220,1000,633,58.78,7691,22.01
08-04-2026,Manimuthar,118,5511,75.43,1800,734,432,77.12,1903,32.66
08-04-2026,Mettur,120,93470,91.99,48096,958,868,92.51,48773,51.46
08-04-2026,Papanasam,143,5500,83.58,1436,753,733,87.8,1625,26.11
08-04-2026,Vaigai,71,6091,21.42,305,997,838,21.42,305,5.01
09-04-2026,Amaravathi,90,4047,44.23,685,960,553,43.67,664,16.93
09-04-2026,Bhavanisagar,105,32800,58.51,7603,465,361,57.27,7205,23.18
09-04-2026,Manimuthar,118,5511,76.36,1856,614,482,77.94,1954,33.68
09-04-2026,Mettur,120,93470,96.64,54403,45,30,94.88,51953,58.2
09-04-2026,Papanasam,143,5500,85.8,1534,110,96,88.54,1659,27.89
09-04-2026,Vaigai,71,6091,21.42,305,437,439,21.42,305,5.01
10-04-2026,Amaravathi,90,4047,44.72,704,190,128,42.62,625,17.4
10-04-2026,Bhavanisagar,105,32800,59.25,7847,387,333,62.57,8991,23.92
10-04-2026,Manimuthar,118,5511,76.35,1856,891,962,79.79,2072,33.68
10-04-2026,Mettur,120,93470,95.02,52146,915,1002,91.99,48089,55.79
10-04-2026,Papanasam,143,5500,84.87,1492,190,179,87.64,1617,27.13
10-04-2026,Vaigai,71,6091,21.42,305,340,354,21.62,312,5.01
11-04-2026,Amaravathi,90,4047,43.43,654,533,347,42.14,607,16.16
11-04-2026,Bhavanisagar,105,32800,58.36,7555,642,665,57.61,7313,23.03
11-04-2026,Manimuthar,118,5511,75.82,1824,512,293,72.68,1641,33.1
11-04-2026,Mettur,120,93470,95.19,52389,152,112,94.15,50970,56.05
11-04-2026,Papanasam,143,5500,83.57,1436,686,468,85.91,1539,26.11
11-04-2026,Vaigai,71,6091,21.42,305,561,474,21.42,305,5.01
12-04-2026,Amaravathi,90,4047,43.78,668,402,358,41.72,592,16.51
12-04-2026,Bhavanisagar,105,32800,59.6,7962,1958,1467,60.32,8204,24.27
12-04-2026,Manimuthar,118,5511,76.31,1853,1029,1010,77.34,1917,33.62
12-04-2026,Mettur,120,93470,95.21,52405,2296,1397,98.54,57108,56.07
12-04-2026,Papanasam,143,5500,85.96,1541,373,320,85.08,1502,28.02
12-04-2026,Vaigai,71,6091,21.42,305,2806,2887,22.05,327,5.01
13-04-2026,Amaravathi,90,4047,43.77,668,2184,1612,44.29,687,16.51
13-04-2026,Bhavanisagar,105,32800,58.62,7639,168,159,58.77,7687,23.29
13-04-2026,Manimuthar,118,5511,74.22,1729,237,178,74.09,1722,31.37
13-04-2026,Mettur,120,93470,97.39,55462,326,276,101.17,60996,59.34
13-04-2026,Papanasam,143,5500,83.83,1447,48,41,87.23,1598,26.31
13-04-2026,Vaigai,71,6091,21.42,305,122,83,22.11,330,5.01
14-04-2026,Amaravathi,90,4047,43.63,662,165,131,41.31,578,16.36
14-04-2026,Bhavanisagar,105,32800,58.53,7611,187,180,58.9,7730,23.2
14-04-2026,Manimuthar,118,5511,74.77,1761,1589,898,74.94,1771,31.95
14-04-2026,Mettur,120,93470,93.42,49980,978,997,88.27,43377,53.47
14-04-2026,Papanasam,143,5500,83.8,1446,12,6,83.37,1427,26.29
14-04-2026,Vaigai,71,6091,21.42,305,362,372,21.42,305,5.01
15-04-2026,Amaravathi,90,4047,44.23,685,305,177,45.2,724,16.93
15-04-2026,Bhavanisagar,105,32800,56.94,7104,393,342,56.29,6902,21.66
15-04-2026,Manimuthar,118,5511,74.57,1750,4858,3927,71.5,1575,31.75
15-04-2026,Mettur,120,93470,93.58,50192,322,266,92.47,48728,53.7
15-04-2026,Papanasam,143,5500,83.25,1422,190,121,82.23,1379,25.85
15-04-2026,Vaigai,71,6091,21.42,305,436,450,22.63,349,5.01
16-04-2026,Amaravathi,90,4047,43.79,668,2968,2188,44.43,693,16.51
16-04-2026,Bhavanisagar,105,32800,59.79,8024,132,142,59.87,8052,24.46
16-04-2026,Manimuthar,118,5511,76.47,1863,486,308,77.7,1939,33.81
16-04-2026,Mettur,120,93470,95.91,53380,439,481,91.57,47539,57.11
16-04-2026,Papanasam,143,5500,85.26,1510,152,108,87.55,1613,27.45
16-04-2026,Vaigai,71,6091,21.42,305,73,42,21.42,305,5.01
17-04-2026,Amaravathi,90,4047,45.72,744,82,66,44.48,695,18.38
17-04-2026,Bhavanisagar,105,32800,57.76,7362,263,195,57.13,7161,22.45
17-04-2026,Manimuthar,118,5511,73.43,1683,43,28,69.7,1478,30.54
17-04-2026,Mettur,120,93470,93.24,49747,85,50,98.08,56452,53.22
17-04-2026,Papanasam,143,5500,83.19,1420,609,478,87.37,1605,25.82
17-04-2026,Vaigai,71,6091,21.42,305,793,589,21.75,316,5.01
18-04-2026,Amaravathi,90,4047,44.03,677,105,79,42.01,602,16.73
18-04-2026,Bhavanisagar,105,32800,60.24,8176,471,389,60.22,8169,24.93
18-04-2026,Manimuthar,118,5511,73.26,1674,415,383,75.42,1800,30.38
18-04-2026,Mettur,120,93470,98.13,56529,1270,1326,103.69,64865,60.48
18-04-2026,Papanasam,143,5500,84.77,1488,204,190,87.07,1591,27.05
18-04-2026,Vaigai,71,6091,21.42,305,881,730,21.52,308,5.01
19-04-2026,Amaravathi,90,4047,43.89,672,454,266,41.93,600,16.6
19-04-2026,Bhavanisagar,105,32800,58.44,7582,111,63,61.37,8566,23.12
19-04-2026,Manimuthar,118,5511,74.59,1751,203,114,73.35,1679,31.77
19-04-2026,Mettur,120,93470,93.99,50751,663,523,93.06,49508,54.3
19-04-2026,Papanasam,143,5500,84.84,1491,405,367,81.11,1333,27.11
19-04-2026,Vaigai,71,6091,21.42,305,473,367,22.42,341,5.01
20-04-2026,Amaravathi,90,4047,45.85,750,525,572,43.54,659,18.53
20-04-2026,Bhavanisagar,105,32800,57.13,7161,557,498,56.45,6950,21.83
20-04-2026,Manimuthar,118,5511,74.13,1724,213,187,77.43,1922,31.28
20-04-2026,Mettur,120,93470,92.83,49203,265,226,93.67,50319,52.64
20-04-2026,Papanasam,143,5500,84.17,1462,178,151,82.31,1383,26.58
20-04-2026,Vaigai,71,6091,21.42,305,1422,1412,21.42,305,5.01
21-04-2026,Amaravathi,90,4047,44.86,710,45,46,44.99,715,17.54
21-04-2026,Bhavanisagar,105,32800,58.74,7679,879,633,61.86,8739,23.41
21-04-2026,Manimuthar,118,5511,77.24,1911,94,97,73.92,1711,34.68
21-04-2026,Mettur,120,93470,94.91,52001,483,406,91.52,47479,55.63
21-04-2026,Papanasam,143,5500,80.33,1301,613,485,75.32,1107,23.65
21-04-2026,Vaigai,71,6091,21.42,305,158,111,21.42,305,5.01
22-04-2026,Amaravathi,90,4047,43.9,673,314,215,42.81,632,16.63
22-04-2026,Bhavanisagar,105,32800,59.3,7862,1030,1042,56.89,7089,23.97
22-04-2026,Manimuthar,118,5511,74.4,1740,127,71,72.67,1640,31.57
22-04-2026,Mettur,120,93470,92.71,49033,813,418,91.07,46898,52.46
22-04-2026,Papanasam,143,5500,84.43,1473,629,473,82.81,1403,26.78
22-04-2026,Vaigai,71,6091,21.42,305,241,187,22.55,346,5.01
23-04-2026,Amaravathi,90,4047,44.86,710,771,695,46.43,773,17.54
23-04-2026,Bhavanisagar,105,32800,57.35,7232,189,191,53.98,6217,22.05
23-04-2026,Manimuthar,118,5511,75.26,1790,946,688,75.94,1831,32.48
23-04-2026,Mettur,120,93470,95.73,53136,181,165,96.5,54210,56.85
23-04-2026,Papanasam,143,5500,84.21,1464,151,160,83.53,1434,26.62
23-04-2026,Vaigai,71,6091,21.42,305,155,95,21.47,306,5.01
24-04-2026,Amaravathi,90,4047,43.95,674,178,155,43.74,666,16.65
24-04-2026,Bhavanisagar,105,32800,57.28,7208,47,31,55.15,6559,21.98
24-04-2026,Manimuthar,118,5511,74.9,1769,585,581,76.98,1894,32.1
24-04-2026,Mettur,120,93470,97.81,56064,954,897,99.09,57915,59.98
24-04-2026,Papanasam,143,5500,84.11,1459,25,14,79.69,1275,26.53
24-04-2026,Vaigai,71,6091,21.42,305,669,352,21.42,305,5.01
25-04-2026,Amaravathi,90,4047,43.64,662,618,636,43.12,643,16.36
25-04-2026,Bhavanisagar,105,32800,59.27,7851,496,249,58.76,7685,23.94
25-04-2026,Manimuthar,118,5511,77.56,1930,822,476,74.69,1757,35.02
25-04-2026,Mettur,120,93470,92.96,49366,181,136,94.06,50837,52.81
25-04-2026,Papanasam,143,5500,82.27,1381,414,298,85.2,1507,25.11
25-04-2026,Vaigai,71,6091,21.42,305,748,603,21.42,305,5.01
26-04-2026,Amaravathi,90,4047,45.15,721,41,33,44.31,688,17.82
26-04-2026,Bhavanisagar,105,32800,57.72,7348,314,178,58.92,7736,22.4
26-04-2026,Manimuthar,118,5511,75.98,1833,699,706,75.14,1783,33.26
26-04-2026,Mettur,120,93470,95.04,52178,432,290,89.14,44452,55.82
26-04-2026,Papanasam,143,5500,85.04,1500,231,179,87.26,1600,27.27
26-04-2026,Vaigai,71,6091,21.42,305,1349,911,22,326,5.01
27-04-2026,Amaravathi,90,4047,44.56,698,398,310,45.38,731,17.25
27-04-2026,Bhavanisagar,105,32800,59.68,7987,782,391,62.8,9075,24.35
27-04-2026,Manimuthar,118,5511,72.04,1605,1598,1072,71.79,1591,29.12
27-04-2026,Mettur,120,93470,91.51,47462,795,408,92.43,48670,50.78
27-04-2026,Papanasam,143,5500,86.74,1576,650,485,86.79,1578,28.65
27-04-2026,Vaigai,71,6091,21.42,305,244,221,21.42,305,5.01
28-04-2026,Amaravathi,90,4047,44.37,691,65,42,46.53,778,17.07
28-04-2026,Bhavanisagar,105,32800,59.57,7953,1009,1051,55.95,6797,24.25
28-04-2026,Manimuthar,118,5511,72.94,1656,124,100,75.98,1833,30.05
28-04-2026,Mettur,120,93470,95.05,52187,1702,1029,94.72,51743,55.83
28-04-2026,Papanasam,143,5500,83.91,1450,2050,1838,87.84,1627,26.36
28-04-2026,Vaigai,71,6091,21.42,305,345,349,21.42,305,5.01
29-04-2026,Amaravathi,90,4047,44.81,708,867,870,43.67,664,17.49
29-04-2026,Bhavanisagar,105,32800,59.29,7859,1747,1337,59.99,8093,23.96
29-04-2026,Manimuthar,118,5511,76.24,1849,1453,790,78.53,1991,33.55
29-04-2026,Mettur,120,93470,95.55,52880,479,356,95.79,53219,56.57
29-04-2026,Papanasam,143,5500,84.33,1469,1435,995,88.87,1675,26.71
29-04-2026,Vaigai,71,6091,21.42,305,269,294,21.42,305,5.01
30-04-2026,Amaravathi,90,4047,43.33,651,1604,1334,44.34,689,16.09
30-04-2026,Bhavanisagar,105,32800,60.53,8277,388,411,57.33,7224,25.23
30-04-2026,Manimuthar,118,5511,73.96,1714,176,106,74.85,1766,31.1
30-04-2026,Mettur,120,93470,93.65,50293,1361,840,88.04,43090,53.81
30-04-2026,Papanasam,143,5500,82.16,1376,61,63,81.61,1353,25.02
30-04-2026,Vaigai,71,6091,21.42,305,535,486,22.5,344,5.01
01-05-2026,Amaravathi,90,4047,42.46,619,1847,1059,41.18,573,15.3
01-05-2026,Bhavanisagar,105,32800,59.59,7959,879,746,62.42,8936,24.27
01-05-2026,Manimuthar,118,5511,72.08,1607,22,22,74.04,1718,29.16
01-05-2026,Mettur,120,93470,93.62,50256,1239,1063,97.02,54933,53.77
01-05-2026,Papanasam,143,5500,83.39,1428,2132,1208,83.01,1412,25.96
01-05-2026,Vaigai,71,6091,21.42,305,69,49,21.42,305,5.01
02-05-2026,Amaravathi,90,4047,43.58,660,940,818,45.3,727,16.31
02-05-2026,Bhavanisagar,105,32800,57.29,7211,1594,858,56.61,7000,21.98
02-05-2026,Manimuthar,118,5511,75.69,1816,177,141,71.2,1559,32.95
02-05-2026,Mettur,120,93470,95.25,52465,314,298,99.81,58967,56.13
02-05-2026,Papanasam,143,5500,81.18,1335,111,105,77.32,1182,24.27
02-05-2026,Vaigai,71,6091,21.42,305,1193,1133,22.07,328,5.01
03-05-2026,Amaravathi,90,4047,41.14,572,1427,744,42.84,633,14.13
03-05-2026,Bhavanisagar,105,32800,58.31,7538,1049,604,55.35,6618,22.98
03-05-2026,Manimuthar,118,5511,73.79,1704,407,254,76.18,1845,30.92
03-05-2026,Mettur,120,93470,90.63,46338,175,108,87.81,42819,49.58
03-05-2026,Papanasam,143,5500,81.46,1347,450,460,81.57,1352,24.49
03-05-2026,Vaigai,71,6091,21.42,305,90,62,21.42,305,5.01
04-05-2026,Amaravathi,90,4047,43.63,662,146,147,41.68,591,16.36
04-05-2026,Bhavanisagar,105,32800,57.37,7237,498,407,55.72,6729,22.06
04-05-2026,Manimuthar,118,5511,69.98,1492,198,167,68.02,1390,27.07
04-05-2026,Mettur,120,93470,93.74,50408,204,169,94.72,51738,53.93
04-05-2026,Papanasam,143,5500,81.65,1355,33,27,84.49,1476,24.64
04-05-2026,Vaigai,71,6091,21.42,305,722,430,21.93,323,5.01
05-05-2026,Amaravathi,90,4047,44.21,684,359,340,45.78,747,16.9
05-05-2026,Bhavanisagar,105,32800,58.35,7550,271,255,58.18,7496,23.02
05-05-2026,Manimuthar,118,5511,71.16,1556,561,423,66.83,1330,28.23
05-05-2026,Mettur,120,93470,96.84,54677,47,25,92.9,49294,58.5
05-05-2026,Papanasam,143,5500,83.75,1444,501,413,81.17,1335,26.25
05-05-2026,Vaigai,71,6091,21.42,305,81,55,21.42,305,5.01
06-05-2026,Amaravathi,90,4047,43.54,659,746,787,43.26,648,16.28
06-05-2026,Bhavanisagar,105,32800,57,7121,73,77,56.68,7023,21.71
06-05-2026,Manimuthar,118,5511,72.79,1647,15,11,69.94,1490,29.89
06-05-2026,Mettur,120,93470,90.73,46462,408,256,88.32,43441,49.71
06-05-2026,Papanasam,143,5500,81.4,1345,226,243,78.81,1240,24.45
06-05-2026,Vaigai,71,6091,21.42,305,674,382,22.24,335,5.01
07-05-2026,Amaravathi,90,4047,42.81,632,457,279,40.34,544,15.62
07-05-2026,Bhavanisagar,105,32800,56.33,6913,10,5,56.3,6905,21.08
07-05-2026,Manimuthar,118,5511,70.59,1525,595,637,70.83,1539,27.67
07-05-2026,Mettur,120,93470,95.56,52897,7,6,97.47,55577,56.59
07-05-2026,Papanasam,143,5500,83.03,1413,73,56,87.33,1603,25.69
07-05-2026,Vaigai,71,6091,21.42,305,711,640,22.05,327,5.01
08-05-2026,Amaravathi,90,4047,42.97,637,20,19,43.44,655,15.74
08-05-2026,Bhavanisagar,105,32800,58.89,7726,655,459,60.24,8179,23.55
08-05-2026,Manimuthar,118,5511,75.74,1819,867,825,79.44,2049,33.01
08-05-2026,Mettur,120,93470,92.39,48622,897,950,86.82,41623,52.02
08-05-2026,Papanasam,143,5500,84.23,1465,303,308,81.71,1358,26.64
08-05-2026,Vaigai,71,6091,21.42,305,117,69,21.42,305,5.01
09-05-2026,Amaravathi,90,4047,44.07,679,40,43,44.68,703,16.78
09-05-2026,Bhavanisagar,105,32800,58.55,7615,379,397,58.47,7590,23.22
09-05-2026,Manimuthar,118,5511,74.2,1728,1321,971,72.51,1631,31.36
09-05-2026,Mettur,120,93470,97.54,55678,609,552,102.41,62890,59.57
09-05-2026,Papanasam,143,5500,84.72,1486,1419,1123,86.12,1548,27.02
09-05-2026,Vaigai,71,6091,21.42,305,749,790,21.42,305,5.01
10-05-2026,Amaravathi,90,4047,43.1,642,113,102,44.43,693,15.86
10-05-2026,Bhavanisagar,105,32800,58.51,7604,335,207,57.14,7165,23.18
10-05-2026,Manimuthar,118,5511,72.57,1634,1700,1490,71.52,1576,29.65
10-05-2026,Mettur,120,93470,90.2,45791,3243,3022,87.85,42868,48.99
10-05-2026,Papanasam,143,5500,83.14,1418,1,0,80.89,1324,25.78
10-05-2026,Vaigai,71,6091,21.42,305,6,5,21.42,305,5.01
11-05-2026,Amaravathi,90,4047,44.33,689,91,60,42.08,605,17.02
11-05-2026,Bhavanisagar,105,32800,57.42,7253,160,109,59.24,7843,22.11
11-05-2026,Manimuthar,118,5511,72.3,1620,108,89,72.87,1652,29.4
11-05-2026,Mettur,120,93470,93.83,50536,165,104,89.62,45050,54.07
11-05-2026,Papanasam,143,5500,82.26,1380,216,233,83.9,1450,25.09
11-05-2026,Vaigai,71,6091,21.42,305,60,53,21.42,305,5.01
12-05-2026,Amaravathi,90,4047,43.16,645,132,84,45.25,725,15.94
12-05-2026,Bhavanisagar,105,32800,56.76,7048,221,142,54.44,6348,21.49
12-05-2026,Manimuthar,118,5511,74.83,1765,978,757,77.58,1932,32.03
12-05-2026,Mettur,120,93470,92.73,49063,1097,877,94.65,51637,52.49
12-05-2026,Papanasam,143,5500,81.86,1364,310,338,78.34,1222,24.8
12-05-2026,Vaigai,71,6091,21.42,305,560,560,21.42,305,5.01
13-05-2026,Amaravathi,90,4047,43.24,647,425,441,45.71,744,15.99
13-05-2026,Bhavanisagar,105,32800,56.72,7034,338,271,57.97,7429,21.45
13-05-2026,Manimuthar,118,5511,74.41,1740,130,95,77.5,1927,31.57
13-05-2026,Mettur,120,93470,94.69,51702,799,549,93.67,50316,55.31
13-05-2026,Papanasam,143,5500,86.39,1560,32,29,82.08,1373,28.36
13-05-2026,Vaigai,71,6091,21.42,305,1435,896,21.69,314,5.01
14-05-2026,Amaravathi,90,4047,42.64,625,783,847,44.07,679,15.44
14-05-2026,Bhavanisagar,105,32800,57.68,7336,561,553,54.39,6334,22.37
14-05-2026,Manimuthar,118,5511,70.53,1522,136,134,68.66,1423,27.62
14-05-2026,Mettur,120,93470,91.61,47591,131,142,93.19,49669,50.92
14-05-2026,Papanasam,143,5500,82.11,1374,84,50,86.18,1551,24.98
14-05-2026,Vaigai,71,6091,21.42,305,289,278,21.69,314,5.01
15-05-2026,Amaravathi,90,4047,43.2,646,582,413,42,602,15.96
15-05-2026,Bhavanisagar,105,32800,55.98,6809,88,59,54.68,6420,20.76
15-05-2026,Manimuthar,118,5511,71.99,1602,594,546,70.64,1528,29.07
15-05-2026,Mettur,120,93470,92.82,49190,852,817,94.92,52018,52.63
15-05-2026,Papanasam,143,5500,84.62,1482,454,306,85.84,1535,26.95
15-05-2026,Vaigai,71,6091,21.42,305,265,167,21.7,314,5.01
16-05-2026,Amaravathi,90,4047,42.67,626,482,510,40.18,539,15.47
16-05-2026,Bhavanisagar,105,32800,56.08,6838,413,370,55.27,6594,20.85
16-05-2026,Manimuthar,118,5511,74.68,1756,360,267,78.54,1992,31.86
16-05-2026,Mettur,120,93470,93.95,50692,1887,1389,89.64,45076,54.23
16-05-2026,Papanasam,143,5500,84.96,1496,295,173,86.86,1581,27.2
16-05-2026,Vaigai,71,6091,21.42,305,547,417,21.42,305,5.01
17-05-2026,Amaravathi,90,4047,44.05,678,1860,1968,45.4,731,16.75
17-05-2026,Bhavanisagar,105,32800,56.14,6855,192,158,52.78,5875,20.9
17-05-2026,Manimuthar,118,5511,71.8,1592,254,229,73.47,1686,28.89
17-05-2026,Mettur,120,93470,95.48,52780,479,298,95.53,52851,56.47
17-05-2026,Papanasam,143,5500,82.31,1382,953,853,83.58,1437,25.13
17-05-2026,Vaigai,71,6091,21.42,305,2078,1944,22.45,342,5.01
18-05-2026,Amaravathi,90,4047,44.19,684,411,255,44.43,693,16.9
18-05-2026,Bhavanisagar,105,32800,58.74,7679,46,34,61.75,8699,23.41
18-05-2026,Manimuthar,118,5511,72.47,1629,1443,1484,70.59,1525,29.56
18-05-2026,Mettur,120,93470,94.91,51996,209,158,96.54,54261,55.63
18-05-2026,Papanasam,143,5500,82.22,1379,303,223,84.07,1457,25.07
18-05-2026,Vaigai,71,6091,21.42,305,202,190,21.96,324,5.01
19-05-2026,Amaravathi,90,4047,43.69,664,873,538,44.21,684,16.41
19-05-2026,Bhavanisagar,105,32800,56.72,7034,1048,984,57.47,7268,21.45
19-05-2026,Manimuthar,118,5511,75.79,1822,1390,976,75.28,1792,33.06
19-05-2026,Mettur,120,93470,91.52,47477,291,192,88.11,43185,50.79
19-05-2026,Papanasam,143,5500,82.85,1405,1950,2093,81.98,1369,25.55
19-05-2026,Vaigai,71,6091,21.42,305,552,435,22.24,334,5.01
20-05-2026,Amaravathi,90,4047,43.58,660,226,114,41.97,601,16.31
20-05-2026,Bhavanisagar,105,32800,57.57,7300,961,713,55.59,6690,22.26
20-05-2026,Manimuthar,118,5511,72.87,1652,1286,919,72.7,1642,29.98
20-05-2026,Mettur,120,93470,94.66,51655,856,894,93.17,49644,55.26
20-05-2026,Papanasam,143,5500,85.63,1526,962,794,85.75,1532,27.75
20-05-2026,Vaigai,71,6091,21.42,305,1001,1011,22.18,332,5.01
21-05-2026,Amaravathi,90,4047,42.55,622,1801,1310,39.92,530,15.37
21-05-2026,Bhavanisagar,105,32800,60.67,8323,432,362,63.81,9444,25.37
21-05-2026,Manimuthar,118,5511,72.12,1609,243,254,76.25,1850,29.2
21-05-2026,Mettur,120,93470,94,50759,1048,638,98.95,57708,54.31
21-05-2026,Papanasam,143,5500,82.91,1408,1292,1250,85.69,1529,25.6
21-05-2026,Vaigai,71,6091,21.42,305,996,790,21.42,305,5.01
22-05-2026,Amaravathi,90,4047,42.44,618,186,106,40.34,544,15.27
22-05-2026,Bhavanisagar,105,32800,58.14,7482,1302,1335,60.18,8158,22.81
22-05-2026,Manimuthar,118,5511,71.54,1577,832,657,67.13,1346,28.62
22-05-2026,Mettur,120,93470,93.7,50355,264,185,88.57,43745,53.87
22-05-2026,Papanasam,143,5500,81.61,1353,97,69,78.94,1245,24.6
22-05-2026,Vaigai,71,6091,21.42,305,396,231,21.91,322,5.01
23-05-2026,Amaravathi,90,4047,43.51,658,117,83,45.34,729,16.26
23-05-2026,Bhavanisagar,105,32800,57.23,7193,1049,842,58.89,7728,21.93
23-05-2026,Manimuthar,118,5511,71.97,1601,561,484,71.8,1592,29.05
23-05-2026,Mettur,120,93470,91.2,47070,160,110,94.49,51431,50.36
23-05-2026,Papanasam,143,5500,84.03,1456,254,212,83.41,1429,26.47
23-05-2026,Vaigai,71,6091,21.42,305,1755,1695,22.14,331,5.01
24-05-2026,Amaravathi,90,4047,42.67,626,309,324,42.66,626,15.47
24-05-2026,Bhavanisagar,105,32800,55.12,6548,83,54,56.62,7003,19.96
24-05-2026,Manimuthar,118,5511,75.67,1815,1618,831,77.57,1931,32.93
24-05-2026,Mettur,120,93470,93.11,49566,1166,794,96.99,54900,53.03
24-05-2026,Papanasam,143,5500,79.58,1271,189,105,83.2,1420,23.11
24-05-2026,Vaigai,71,6091,21.42,305,547,548,22.07,328,5.01
25-05-2026,Amaravathi,90,4047,44.66,702,42,23,45.46,734,17.35
25-05-2026,Bhavanisagar,105,32800,56.72,7036,172,122,58.12,7475,21.45
25-05-2026,Manimuthar,118,5511,75.77,1821,629,318,73.77,1703,33.04
25-05-2026,Mettur,120,93470,93.97,50724,88,80,98.8,57496,54.27
25-05-2026,Papanasam,143,5500,83.22,1421,151,76,78.22,1217,25.84
25-05-2026,Vaigai,71,6091,21.42,305,119,126,21.42,305,5.01
26-05-2026,Amaravathi,90,4047,42.82,632,373,363,44.88,711,15.62
26-05-2026,Bhavanisagar,105,32800,56.02,6821,256,213,53.23,6002,20.8
26-05-2026,Manimuthar,118,5511,72.27,1618,117,70,74.21,1729,29.36
26-05-2026,Mettur,120,93470,94.25,51097,642,448,94.25,51106,54.67
26-05-2026,Papanasam,143,5500,84.99,1498,530,271,89.82,1720,27.24
26-05-2026,Vaigai,71,6091,21.42,305,420,240,21.52,308,5.01
27-05-2026,Amaravathi,90,4047,44.65,701,388,422,46.37,771,17.32
27-05-2026,Bhavanisagar,105,32800,56.66,7016,585,547,54.63,6405,21.39
27-05-2026,Manimuthar,118,5511,73.09,1664,158,134,74.99,1774,30.19
27-05-2026,Mettur,120,93470,93.49,50077,71,48,96.8,54620,53.58
27-05-2026,Papanasam,143,5500,83.73,1443,94,77,79.34,1261,26.24
27-05-2026,Vaigai,71,6091,21.42,305,136,109,22.57,347,5.01
28-05-2026,Amaravathi,90,4047,41.79,595,1359,886,43.12,643,14.7
28-05-2026,Bhavanisagar,105,32800,58.67,7654,1209,1051,58.16,7490,23.34
28-05-2026,Manimuthar,118,5511,70.79,1536,225,193,73.48,1686,27.87
28-05-2026,Mettur,120,93470,97.37,55440,1106,644,102.46,62964,59.31
28-05-2026,Papanasam,143,5500,81.19,1336,815,693,77,1170,24.29
28-05-2026,Vaigai,71,6091,21.42,305,1645,1497,22.17,332,5.01
29-05-2026,Amaravathi,90,4047,42.58,623,1616,826,44.87,710,15.39
29-05-2026,Bhavanisagar,105,32800,56.34,6919,230,226,57.64,7325,21.09
29-05-2026,Manimuthar,118,5511,73.76,1702,218,125,74.16,1726,30.88
29-05-2026,Mettur,120,93470,95.47,52775,780,769,100.39,59832,56.46
29-05-2026,Papanasam,143,5500,83,1412,1425,1496,87.04,1590,25.67
29-05-2026,Vaigai,71,6091,21.42,305,538,298,21.42,305,5.01
30-05-2026,Amaravathi,90,4047,42.73,629,90,89,41.56,586,15.54
30-05-2026,Bhavanisagar,105,32800,58.06,7459,812,620,59.54,7943,22.74
30-05-2026,Manimuthar,118,5511,72.51,1631,143,141,68.35,1407,29.6
30-05-2026,Mettur,120,93470,90.66,46370,210,213,86.51,41247,49.61
30-05-2026,Papanasam,143,5500,84.74,1487,45,25,89.5,1704,27.04
30-05-2026,Vaigai,71,6091,21.42,305,64,59,21.42,305,5.01
31-05-2026,Amaravathi,90,4047,42.26,611,493,349,43.05,640,15.1
31-05-2026,Bhavanisagar,105,32800,55.69,6719,560,607,54.4,6337,20.48
31-05-2026,Manimuthar,118,5511,73.41,1682,497,466,71.24,1561,30.52
31-05-2026,Mettur,120,93470,95.16,52348,634,412,99.29,58207,56.01
31-05-2026,Papanasam,143,5500,79.86,1282,822,541,81.99,1369,23.31
31-05-2026,Vaigai,71,6091,21.42,305,447,412,21.89,321,5.01
01-06-2026,Amaravathi,90,4047,44.59,699,10,5,42.36,615,17.27
01-06-2026,Bhavanisagar,105,32800,59.03,7774,395,357,59.33,7871,23.7
01-06-2026,Manimuthar,118,5511,74.95,1772,1179,1263,74.94,1772,32.15
01-06-2026,Mettur,120,93470,98.57,57165,118,62,101.1,60894,61.16
01-06-2026,Papanasam,143,5500,85.98,1542,1162,1127,83.6,1437,28.04
01-06-2026,Vaigai,71,6091,21.42,305,463,360,21.42,305,5.01
02-06-2026,Amaravathi,90,4047,46.2,764,1402,906,46.61,781,18.88
02-06-2026,Bhavanisagar,105,32800,60.13,8142,38,41,61.92,8758,24.82
02-06-2026,Manimuthar,118,5511,76.55,1868,46,32,72.61,1637,33.9
02-06-2026,Mettur,120,93470,99.15,57999,309,185,103.04,63853,62.05
02-06-2026,Papanasam,143,5500,83.54,1435,432,259,83.06,1414,26.09
02-06-2026,Vaigai,71,6091,21.42,305,192,181,21.42,305,5.01
03-06-2026,Amaravathi,90,4047,44.85,709,936,630,44.35,690,17.52
03-06-2026,Bhavanisagar,105,32800,60.3,8197,1276,1136,62.8,9073,24.99
03-06-2026,Manimuthar,118,5511,78.61,1996,2879,1835,79.87,2077,36.22
03-06-2026,Mettur,120,93470,96.83,54666,509,312,99.34,58280,58.49
03-06-2026,Papanasam,143,5500,83.19,1420,457,374,86.29,1556,25.82
03-06-2026,Vaigai,71,6091,21.42,305,1201,836,21.93,323,5.01
04-06-2026,Amaravathi,90,4047,44.15,682,16,9,44.82,708,16.85
04-06-2026,Bhavanisagar,105,32800,59.25,7847,1338,830,56.13,6854,23.92
04-06-2026,Manimuthar,118,5511,77.65,1936,151,146,73.89,1710,35.13
04-06-2026,Mettur,120,93470,101.42,61380,395,393,105.32,67449,65.67
04-06-2026,Papanasam,143,5500,83.48,1432,696,680,81.64,1354,26.04
04-06-2026,Vaigai,71,6091,21.42,305,269,266,22.57,347,5.01
05-06-2026,Amaravathi,90,4047,45.19,723,48,29,44.3,688,17.87
05-06-2026,Bhavanisagar,105,32800,58.7,7664,993,994,56.24,6888,23.37
05-06-2026,Manimuthar,118,5511,74.4,1740,1443,1449,75.97,1833,31.57
05-06-2026,Mettur,120,93470,97.47,55577,790,444,101.32,61227,59.46
05-06-2026,Papanasam,143,5500,86.27,1555,663,389,84.61,1481,28.27
05-06-2026,Vaigai,71,6091,21.42,305,395,392,21.93,323,5.01
06-06-2026,Amaravathi,90,4047,44.1,680,714,609,42.6,624,16.8
06-06-2026,Bhavanisagar,105,32800,60.11,8132,469,468,59.52,7935,24.79
06-06-2026,Manimuthar,118,5511,76.55,1868,205,129,77.24,1911,33.9
06-06-2026,Mettur,120,93470,99.19,58069,288,295,101.82,61995,62.13
06-06-2026,Papanasam,143,5500,88.86,1674,1231,1323,88.75,1669,30.44
06-06-2026,Vaigai,71,6091,21.42,305,490,249,21.42,305,5.01
07-06-2026,Amaravathi,90,4047,46.44,774,1202,955,48.19,849,19.13
07-06-2026,Bhavanisagar,105,32800,60.55,8282,138,92,60.58,8294,25.25
07-06-2026,Manimuthar,118,5511,74.55,1749,298,174,74.86,1767,31.74
07-06-2026,Mettur,120,93470,98.91,57648,76,56,103.34,64331,61.68
07-06-2026,Papanasam,143,5500,87.15,1595,527,394,82.48,1390,29
07-06-2026,Vaigai,71,6091,21.42,305,1630,1720,22.17,332,5.01
