Village Name,Pincode,District
Adhanakurichi,621719,ARIYALUR
Adhikudikadu,621714,ARIYALUR
Alagapuram,608901,ARIYALUR
Alagiamanavalam,621715,ARIYALUR
Alathipallam,612903,ARIYALUR
Alathiyur,621719,ARIYALUR
Allinagaram,621713,ARIYALUR
Ambapur,621701,ARIYALUR
Ameenabad,621713,ARIYALUR
Anaikudam,612902,ARIYALUR
Anandavadi,621718,ARIYALUR
Andimadam,621801,ARIYALUR
Anganur,621709,ARIYALUR
Angarayanallur,621802,ARIYALUR
Anikduichan,621803,ARIYALUR
Annanagar,621713,ARIYALUR
Aranmanaikurichi,621851,ARIYALUR
Ariyalur (Ariyalur),621704,ARIYALUR
Ariyalur Bazaar,621704,ARIYALUR
Ariyalur Cement Factory,621729,ARIYALUR
Arungal,621707,ARIYALUR
Asaveerankudikadu,621719,ARIYALUR
Attukurichi,608901,ARIYALUR
Ayanathur,621705,ARIYALUR
Ayantattanur,621709,ARIYALUR
Ayuthakalam,612901,ARIYALUR
Ayyappanaickenpettai,612903,ARIYALUR
Ayyur,608901,ARIYALUR
Cement Nagar Dalavoy,621730,ARIYALUR
Chinnavalayam,621802,ARIYALUR
Dalavoy,621730,ARIYALUR
Devamangalam,612902,ARIYALUR
Devanur,621806,ARIYALUR
Edayakurichi,621719,ARIYALUR
Edayar,621804,ARIYALUR
Edayathangudi,621707,ARIYALUR
Edayathimangalam,621218,ARIYALUR
Elakurichi,621715,ARIYALUR
Elangaicheri,621714,ARIYALUR
Eravangudi,621803,ARIYALUR
Gangaikondacholapuram,612901,ARIYALUR
Govindapuram,621713,ARIYALUR
Govindaputhur,621701,ARIYALUR
Hasthinapuram,621704,ARIYALUR
Idanganni,612904,ARIYALUR
Ilaiyur,621806,ARIYALUR
Ilandaikudam,621851,ARIYALUR
Ilayaperumanallur,612903,ARIYALUR
Iluppaikudi,621713,ARIYALUR
Iluppaiyur,621718,ARIYALUR
Inamattur,621704,ARIYALUR
Irugaiyur,612904,ARIYALUR
Irumbilikurichi,621804,ARIYALUR
Jayamkondacholapuram,621802,ARIYALUR
JC Puram West,621802,ARIYALUR
Kadambur,621701,ARIYALUR
Kadugur,621705,ARIYALUR
Kaduvettankurichi,612904,ARIYALUR
Kallankurichi,621705,ARIYALUR
Kallathur Thandalai,621803,ARIYALUR
Kalleri,621803,ARIYALUR
Kaluvanthondi,621802,ARIYALUR
Kamarasavalli,621715,ARIYALUR
Kandiankollai,621806,ARIYALUR
Kandirathitham,621851,ARIYALUR
Karadikulam,621802,ARIYALUR
Karaikurichi,612904,ARIYALUR
Kargudi,612904,ARIYALUR
Karuppilakattalai,621707,ARIYALUR
Karuppur Senapathy,621707,ARIYALUR
Kasankottai,621701,ARIYALUR
Kattagaram,612903,ARIYALUR
Kattathur,621803,ARIYALUR
Kavanur,621704,ARIYALUR
Kavarapalayam,608901,ARIYALUR
Keelamichaelpatti,612904,ARIYALUR
Kidaramkondan,612901,ARIYALUR
Kilaiyur,621707,ARIYALUR
Kilakavattankurichi,621715,ARIYALUR
Kilakolathur,621715,ARIYALUR
Kilakudiyiruppu,621802,ARIYALUR
Kilamaligai,621710,ARIYALUR
Kilamathur,621713,ARIYALUR
Kilaneduvoi,621805,ARIYALUR
Kilapaluvur,621707,ARIYALUR
Kilaveli,621804,ARIYALUR
Kodali,612902,ARIYALUR
Kodalikaruppur,612902,ARIYALUR
Kodukkur,621719,ARIYALUR
Koilesanai,621851,ARIYALUR
Kollapuram,612901,ARIYALUR
Koovathur,621803,ARIYALUR
Kottiyal,612904,ARIYALUR
Kulathur,621803,ARIYALUR
Kulumur,621714,ARIYALUR
Kumiliam,621804,ARIYALUR
Kumiliankuli,621803,ARIYALUR
Kunamangalam,621701,ARIYALUR
Kundaveli,612903,ARIYALUR
Kuruvadi,621715,ARIYALUR
Kuruvalapparkoil,612901,ARIYALUR
Kuvagam,621710,ARIYALUR
Lingathadimedu,621705,ARIYALUR
Malathankulam,621707,ARIYALUR
Managethi,621804,ARIYALUR
Manakkal (Ariyalur),621713,ARIYALUR
Manakudayan,621719,ARIYALUR
Manakudi,621705,ARIYALUR
Manapathur,621709,ARIYALUR
Manjamedu Karaipakkam,621715,ARIYALUR
Marudur,621710,ARIYALUR
Maruvathur,621710,ARIYALUR
Mathur (Ariyalur),621709,ARIYALUR
Meikavalputhur,612901,ARIYALUR
Melanikuli,612903,ARIYALUR
Minsuritti,612903,ARIYALUR
Muthuservaimadam,612903,ARIYALUR
Muthuvancheri,621701,ARIYALUR
Naduvalur,612904,ARIYALUR
Nagalkuli,621806,ARIYALUR
Nagamangalam,621701,ARIYALUR
Nagampandal,608901,ARIYALUR
Nakkambadi,621714,ARIYALUR
Nallampalayam,621714,ARIYALUR
Nayanganaipiriyal,621804,ARIYALUR
Neivanam,621714,ARIYALUR
O Koothur,621705,ARIYALUR
Olaiyur,608901,ARIYALUR
Ottakoil,621705,ARIYALUR
P.Kudikadu,621710,ARIYALUR
Padanilai,612903,ARIYALUR
Palanganatham,621651,ARIYALUR
Palayakudi,621804,ARIYALUR
Pappakudi,612903,ARIYALUR
Paranam,621804,ARIYALUR
Parukkal,621804,ARIYALUR
Pattanamkurichi,621801,ARIYALUR
Peraiyur,621713,ARIYALUR
Periakrishnapuram,621805,ARIYALUR
Periyakurichi,621719,ARIYALUR
Periyanagalur,621704,ARIYALUR
Periyattirukonam,621701,ARIYALUR
Periyavalayam,621802,ARIYALUR
Periyavenmani,621704,ARIYALUR
Pichanur,612901,ARIYALUR
Pilakurichi,621806,ARIYALUR
Pilichikuli,621804,ARIYALUR
Pilimisai,621713,ARIYALUR
Ponparappi,621710,ARIYALUR
Poondi,621653,ARIYALUR
Pottaveli,621718,ARIYALUR
Poyyadhanallur,621718,ARIYALUR
Pudukkottai-Tirumalaivadi,621851,ARIYALUR
Pudukudi,621806,ARIYALUR
Pungangudi,621701,ARIYALUR
Rajajinagar (Ariyalur),621713,ARIYALUR
Rangiam,608901,ARIYALUR
Rayambaram,621718,ARIYALUR
Reddipalayam,621704,ARIYALUR
Saluppai,612903,ARIYALUR
Sannasinallur,621730,ARIYALUR
Sathambadi,621701,ARIYALUR
Sedankudikadu,621710,ARIYALUR
Sendurai (Ariyalur),621714,ARIYALUR
Sengunthapuram,621802,ARIYALUR
Sennivanam,621718,ARIYALUR
Silambur,608901,ARIYALUR
Siluppanur,621730,ARIYALUR
Sirukalathur,621710,ARIYALUR
Siruvalur,621704,ARIYALUR
Solamadevi,612902,ARIYALUR
Solankudikadu,621709,ARIYALUR
Srinivasapuram,621705,ARIYALUR
Sripurandan,621701,ARIYALUR
Sriraman,608703,ARIYALUR
Subbarayapuram,621704,ARIYALUR
Sullangudi,621715,ARIYALUR
Sundakudi,621701,ARIYALUR
Suthamalli,621707,ARIYALUR
T.Solankurichi,621804,ARIYALUR
Tamaraikulam,621705,ARIYALUR
Tattanur,621804,ARIYALUR
Telur,621704,ARIYALUR
Thaluthalaimedu,612901,ARIYALUR
Thathampettai Palur,612904,ARIYALUR
Thavuthaikulam,621704,ARIYALUR
Thengachiperumalnatham,612904,ARIYALUR
Thennur,621805,ARIYALUR
Therkupatti,621710,ARIYALUR
Thirumazhapadi,621851,ARIYALUR
Thular,621719,ARIYALUR
Thuthur,621701,ARIYALUR
Tirukalappur,621805,ARIYALUR
Tirumanur,621715,ARIYALUR
Tiruppeyar,621715,ARIYALUR
Udayanatham,612902,ARIYALUR
Udayarpalayam (Ariyalur),621804,ARIYALUR
Udayarpalayam West,621804,ARIYALUR
Ulkottai,612901,ARIYALUR
Ulliakudi,621701,ARIYALUR
Unjini,621714,ARIYALUR
Vadugarpalayam,621803,ARIYALUR
Valajanagaram,621704,ARIYALUR
Vallam,621710,ARIYALUR
Vanarathirayankuppam,612901,ARIYALUR
Vanathirayanpattinam,621804,ARIYALUR
Vanavanallur,612901,ARIYALUR
Vangudi,612903,ARIYALUR
Vanjinapuram,621714,ARIYALUR
Varadarajampettai,621805,ARIYALUR
Varanavasi,621704,ARIYALUR
Variyankaval,621806,ARIYALUR
Vazhaikurichi,612904,ARIYALUR
Vellur,621718,ARIYALUR
Venganur,621851,ARIYALUR
Venmankondan,621804,ARIYALUR
Vettiarvettu,621803,ARIYALUR
Vettiyur,621707,ARIYALUR
Vilangudi,621704,ARIYALUR
Vizhapallam,621803,ARIYALUR
Z.Melur,621803,ARIYALUR
Zamin Suthamalli,621804,ARIYALUR
Adyar (Chennai),600020,CHENNAI
Agaram,600082,CHENNAI
Aminjikarai,600029,CHENNAI
Aminjikarai,600030,CHENNAI
Anna Nagar (Chennai),600040,CHENNAI
Anna Nagar East,600102,CHENNAI
Anna Nagar Western Extn,600101,CHENNAI
Anna Road,600002,CHENNAI
Arumbakkam,600106,CHENNAI
Ashoknagar (Chennai),600083,CHENNAI
Aynavaram,600023,CHENNAI
Besantnagar,600090,CHENNAI
Chennai,600001,CHENNAI
Chepauk,600005,CHENNAI
Chetput,600031,CHENNAI
Chintadripet,600002,CHENNAI
Choolaimedu,600094,CHENNAI
D G Vaishnav College,600106,CHENNAI
Edapalayam,600003,CHENNAI
Egmore,600008,CHENNAI
Egmore ND,600008,CHENNAI
Ekkaduthangal,600032,CHENNAI
Engineering College (Chennai),600025,CHENNAI
Erukkancheri,600118,CHENNAI
Ethiraj Salai,600008,CHENNAI
Flower Bazaar,600001,CHENNAI
Flowers Road,600084,CHENNAI
Fort St George,600009,CHENNAI
G K M Colony,600082,CHENNAI
Gopalapuram (Chennai),600086,CHENNAI
Govt Stanley Hospital,600001,CHENNAI
Greams Road,600006,CHENNAI
Guindy Industrial Estate,600032,CHENNAI
Guindy North,600015,CHENNAI
High Court Building (Chennai),600104,CHENNAI
Hindi Prachar Sabha,600017,CHENNAI
Icf Colony,600038,CHENNAI
Indian Institute Of Technology,600036,CHENNAI
Jafferkhanpet,600083,CHENNAI
Jawahar Nagar (Chennai),600082,CHENNAI
Kalaignar Karunanidhi Nagar,600078,CHENNAI
Kasturibai Nagar,600020,CHENNAI
Kilpauk,600010,CHENNAI
Kilpauk Medical College,600010,CHENNAI
Kodambakkam,600024,CHENNAI
Kodungaiyur,600118,CHENNAI
Kotturpuram,600085,CHENNAI
Koyambedu,600107,CHENNAI
Koyambedu Wholesale Market Com,600092,CHENNAI
Kumaran Nagar,600082,CHENNAI
Lloyds Estate,600014,CHENNAI
Loyola College,600034,CHENNAI
Madras Electricity System,600002,CHENNAI
Madras Medical College,600003,CHENNAI
Madras University,600005,CHENNAI
Mambalam R.S.,600033,CHENNAI
Mandaveli,600004,CHENNAI
Mannady (Chennai),600001,CHENNAI
Medavakkam Tank Road,600010,CHENNAI
Mint Building,600001,CHENNAI
MPT AO,600001,CHENNAI
Mylapore,600004,CHENNAI
Nandanam,600035,CHENNAI
Nungambakkam,600034,CHENNAI
Nungambakkam High Road,600034,CHENNAI
Old College Buildings,600006,CHENNAI
Park Town,600003,CHENNAI
Perambur,600011,CHENNAI
Perambur Barracks,600012,CHENNAI
Perambur North,600011,CHENNAI
Pr. Accountant General,600018,CHENNAI
Puliyanthope,600012,CHENNAI
Raja Annamalaipuram,600028,CHENNAI
Rajaji Bhavan,600090,CHENNAI
Rajbhavan (Chennai),600022,CHENNAI
Ramakrishna Nagar (Chennai),600028,CHENNAI
Rayapuram,600013,CHENNAI
Ripon Buildings,600003,CHENNAI
Royapettah,600014,CHENNAI
Rv Nagar,600118,CHENNAI
Saidapet (Chennai),600015,CHENNAI
Saligramam,600093,CHENNAI
Sembiam,600011,CHENNAI
Shastri Bhavan,600006,CHENNAI
Shastri Nagar (Chennai),600020,CHENNAI
Shenoy Nagar,600030,CHENNAI
Sowcarpet,600001,CHENNAI
Teynampet,600018,CHENNAI
Teynampet West,600006,CHENNAI
Thygarayanagar,600017,CHENNAI
Thygarayanagar North ND,600017,CHENNAI
Thygarayanagar South,600017,CHENNAI
Tidel Park,600113,CHENNAI
Tiruvallikkeni,600005,CHENNAI
Tiruvanmiyur,600041,CHENNAI
Tondiarpet,600081,CHENNAI
Tondiarpet Bazaar,600081,CHENNAI
Tondiarpet West,600081,CHENNAI
Triplicane South,600014,CHENNAI
TTTI Taramani,600113,CHENNAI
Vadapalani,600026,CHENNAI
Valmiki Nagar,600041,CHENNAI
Velacheri,600042,CHENNAI
Venkatesapuram,600012,CHENNAI
Vepery,600007,CHENNAI
Virugambakkam,600092,CHENNAI
Vivekananda College Madras,600004,CHENNAI
Vyasar Nagar Colony,600039,CHENNAI
Vyasarpadi,600039,CHENNAI
Washermanpet,600021,CHENNAI
Washermanpet East,600021,CHENNAI
West Mambalam,600033,CHENNAI
World University Centre,600031,CHENNAI
15 Velampalayam,641652,COIMBATORE
63 Velampalayam,641663,COIMBATORE
A.Nagore,642205,COIMBATORE
Achipatti,642002,COIMBATORE
Agrahara Kannadiputhur,642111,COIMBATORE
Agraharapudur,641663,COIMBATORE
Agraharasamakulam,641110,COIMBATORE
Akilandapuram,642004,COIMBATORE
Akkamalai,642127,COIMBATORE
Akkaraisengapalli,641302,COIMBATORE
Alagirichettipalayam,642110,COIMBATORE
Alagumalai,641665,COIMBATORE
Alancombu,641302,COIMBATORE
Alandurai,641101,COIMBATORE
Alathur,641655,COIMBATORE
Aliyar Nagar,642101,COIMBATORE
Allapalayam,641653,COIMBATORE
Amandakadavoo,642201,COIMBATORE
Amaravathi Nagar,642102,COIMBATORE
Ambarampalayam,642103,COIMBATORE
Amritanagar,641112,COIMBATORE
Anaikatti,641108,COIMBATORE
Anaimalai,642104,COIMBATORE
Andigoundanur,642154,COIMBATORE
Andipalayam,641687,COIMBATORE
Andipalayam,642120,COIMBATORE
Angalakurichi,642007,COIMBATORE
Annupapatti,641664,COIMBATORE
Annur,641653,COIMBATORE
Annur-mettupalayam,641653,COIMBATORE
Anuppapalayam,641652,COIMBATORE
Appanaickenpatti,641402,COIMBATORE
Arasampalayam,641604,COIMBATORE
Arasampalayam,642109,COIMBATORE
Arasur,641407,COIMBATORE
Arisipalayam,641032,COIMBATORE
Athappagoundenpudur,641103,COIMBATORE
Athipalayam,641110,COIMBATORE
Athu Pollachi,642103,COIMBATORE
Avanash,641654,COIMBATORE
Ayyankalipalayam,641603,COIMBATORE
Belladi,641104,COIMBATORE
Bellaipalayam,641302,COIMBATORE
Bharathiyar University,641046,COIMBATORE
Bhujanganur,641113,COIMBATORE
Bilichi,641019,COIMBATORE
Bodipalayam,641105,COIMBATORE
Bodipatti,642154,COIMBATORE
Bogampatti,641658,COIMBATORE
CBE Mpl.Central Busstand,641018,COIMBATORE
Chandrapuram,641669,COIMBATORE
Chellappampalayam,642207,COIMBATORE
Chennappachettipudur,641659,COIMBATORE
Cherannagar,641029,COIMBATORE
Chettipalayam,641201,COIMBATORE
Cheyur (Coimbatore),641655,COIMBATORE
Chikkarampalayam,641104,COIMBATORE
Chinna Negamam,642120,COIMBATORE
Chinnappampalayam,642104,COIMBATORE
Chinnavedampatti,641049,COIMBATORE
Chinthamanipudur,641103,COIMBATORE
Chittambalam,641664,COIMBATORE
Cinchona,642106,COIMBATORE
Cinchona East,642106,COIMBATORE
Coimbatore,641001,COIMBATORE
Coimbatore Aerodrome,641014,COIMBATORE
Coimbatore Bazaar,641001,COIMBATORE
Coimbatore Central,641018,COIMBATORE
Coimbatore Collectorate,641018,COIMBATORE
Coimbatore Courts,641018,COIMBATORE
Coimbatore Fort,641001,COIMBATORE
Coimbatore Industrial Estate,641021,COIMBATORE
Coimbatore Press Colony,641019,COIMBATORE
Coimbatore Racecourse,641018,COIMBATORE
Coimbatore Tidel Park,641014,COIMBATORE
Coimbatore Ukkadam,641008,COIMBATORE
Coimbatore West,641001,COIMBATORE
Dasanaicken Palayam,642202,COIMBATORE
Dasanur,641305,COIMBATORE
Deenampalayam,641109,COIMBATORE
Deepalapatti,642132,COIMBATORE
Devambadi,642005,COIMBATORE
Devanampalayam,641667,COIMBATORE
Devanurpudur,642207,COIMBATORE
Devarayapuram,641109,COIMBATORE
Devarayapuram,642110,COIMBATORE
Devenampalayam,642120,COIMBATORE
Dhaliyur,641109,COIMBATORE
Dhully,642112,COIMBATORE
Divansapudur,642103,COIMBATORE
Doddampatti,641667,COIMBATORE
Doddampatti,642205,COIMBATORE
Eachanari,641021,COIMBATORE
Edayapalayam,641016,COIMBATORE
Edayarpalayam,641025,COIMBATORE
Elavanthi,641664,COIMBATORE
Ellapalayam,641697,COIMBATORE
Elur,641032,COIMBATORE
Eripalayam,642126,COIMBATORE
Eripatti,642205,COIMBATORE
Erisinampatti,642207,COIMBATORE
Ettimadai,641112,COIMBATORE
Ganapathipalayam,642103,COIMBATORE
Ganapathipalayam,642122,COIMBATORE
Ganapathy,641006,COIMBATORE
Gandhi Market (Coimbatore),642001,COIMBATORE
Gandhimaanagar,641004,COIMBATORE
Gandhinagar (Coimbatore),641603,COIMBATORE
Gandhinagar (Pollachi),642154,COIMBATORE
Gandhipuram (Coimbatore),641012,COIMBATORE
Ganesapuram,641107,COIMBATORE
Ganganaickenpalayam,641667,COIMBATORE
Giddampalayam,641659,COIMBATORE
Gnanambika Mills,641029,COIMBATORE
Golenpet,641401,COIMBATORE
Govt.College Of Technology,641013,COIMBATORE
Gudalur-coimbatore,641047,COIMBATORE
Gudimangalam,642201,COIMBATORE
High Forest,642127,COIMBATORE
Ichipatti,641668,COIMBATORE
Idigarai,641022,COIMBATORE
Iduvampalayam,641687,COIMBATORE
Iduvoi,641687,COIMBATORE
Ikkarai Boluvampatti,641109,COIMBATORE
Illuppapalayam,641302,COIMBATORE
Irugur,641103,COIMBATORE
Ishana Vihar,641114,COIMBATORE
Ittiveerampalayam,641666,COIMBATORE
Iyerpadi,642108,COIMBATORE
J.Krishnapuram,641671,COIMBATORE
Jadayampalayam,641302,COIMBATORE
Jakkarpalayam,642202,COIMBATORE
Jakkirnaickenpalayam,641109,COIMBATORE
Jalakarichal,641658,COIMBATORE
Jallipatti,642112,COIMBATORE
Jothampatti,642203,COIMBATORE
Jothipuram,641047,COIMBATORE
K.Ayyampalayam,641662,COIMBATORE
Kadampadi,641401,COIMBATORE
Kadamparai Power House,642101,COIMBATORE
Kadathur,642203,COIMBATORE
Kaduvettipalayam,641659,COIMBATORE
Kakkadavoo,642120,COIMBATORE
Kalampalayam,641010,COIMBATORE
Kalapatti,641048,COIMBATORE
Kaliapuram,642129,COIMBATORE
Kaliapuram,642110,COIMBATORE
Kalingal,641402,COIMBATORE
Kallampalayam Road,641602,COIMBATORE
Kallapalayam,641201,COIMBATORE
Kallapuram,642102,COIMBATORE
Kallar,641305,COIMBATORE
Kallipalayam,641107,COIMBATORE
Kamanaickenpalayam,641658,COIMBATORE
Kamatchipuram,641103,COIMBATORE
Kambalapatti,642007,COIMBATORE
Kammalapatti,641671,COIMBATORE
Kandegounden Salai,641105,COIMBATORE
Kandiankoil,641665,COIMBATORE
Kangayampalayam,641401,COIMBATORE
Kaniyur,642203,COIMBATORE
Kaniyur-palladam,641659,COIMBATORE
Kanjampatti,642003,COIMBATORE
Kanjapalli,641653,COIMBATORE
Kannakkampalayam,641666,COIMBATORE
Kannamanaickanur,642154,COIMBATORE
Kannampalayam,641402,COIMBATORE
Kanur,641655,COIMBATORE
Kappalankarai,642120,COIMBATORE
Karadibavi,641658,COIMBATORE
Karamadai,641104,COIMBATORE
Karamalai Bazaar,642130,COIMBATORE
Karavalimadapur,641668,COIMBATORE
Karavalur,641670,COIMBATORE
Karegoundenpalayam,641697,COIMBATORE
Kariampalayam,641671,COIMBATORE
Karukkampalayam,641654,COIMBATORE
Karukkankattupudur,641601,COIMBATORE
Karukkankattupudur,641654,COIMBATORE
Karumathampatti,641659,COIMBATORE
Karunampathi,641666,COIMBATORE
Karunyanagar,641114,COIMBATORE
Karuppampalayam,642004,COIMBATORE
Karuvampalayam,641604,COIMBATORE
Kathankanni,641604,COIMBATORE
Kattampatti,642202,COIMBATORE
Kattampatti-coimbatore,641107,COIMBATORE
Katturpalldam,641667,COIMBATORE
Kavundampalayam,641030,COIMBATORE
Kavundampalayam Colony,641030,COIMBATORE
Keeranatham,641035,COIMBATORE
Kinathukadavoo,642109,COIMBATORE
Kodangipalayam,641662,COIMBATORE
Kodingium,642122,COIMBATORE
Kolarpatti,642107,COIMBATORE
Kolumam,642204,COIMBATORE
Komaralingam,642204,COIMBATORE
Komarapalayam,641669,COIMBATORE
Komarapalayam,641653,COIMBATORE
Komarapalayam Coimbatore,641026,COIMBATORE
Konavaikalpalayam,641023,COIMBATORE
Kondampatti,641202,COIMBATORE
Kondampatti,642201,COIMBATORE
Kondayampalayam,641110,COIMBATORE
Kondegoundenpalayam,642120,COIMBATORE
Kongalnagaram,642205,COIMBATORE
Korangumudi,642127,COIMBATORE
Kothavadi,642109,COIMBATORE
Kottaipalayam,641110,COIMBATORE
Kottamangalam,642201,COIMBATORE
Kovilpalayam,642110,COIMBATORE
Krishnapuram (Coimbatore),642111,COIMBATORE
Krishnarayapuram,641006,COIMBATORE
Krishnaswamy Nagar,641045,COIMBATORE
Ksn Puram,641662,COIMBATORE
Kumarnagar,641603,COIMBATORE
Kumittipathi,641032,COIMBATORE
Kuniamuthur,641008,COIMBATORE
Kunnathurpudur,641107,COIMBATORE
Kuppaipalayam,641107,COIMBATORE
Kuppakonanpudur,641038,COIMBATORE
Kuppandampalayam,641654,COIMBATORE
Kuppanur,641653,COIMBATORE
Kuppanur,641010,COIMBATORE
Kuralkuttai,642154,COIMBATORE
Kurichikottai,642112,COIMBATORE
Kurumbapalayam,642002,COIMBATORE
Kurumbapalayam,641107,COIMBATORE
Kurunallipalayam,641202,COIMBATORE
Kuttagam,638462,COIMBATORE
Lakshmapuram,642107,COIMBATORE
Lakshminaickenpalayam,641658,COIMBATORE
Lawley Road,641003,COIMBATORE
Madampatti,641010,COIMBATORE
Madapur,641664,COIMBATORE
Madathukulam,642113,COIMBATORE
Madhvarayapuram,641101,COIMBATORE
Madukkarai,641105,COIMBATORE
Madukkarai Cusba,641105,COIMBATORE
Mahadevapuram,641305,COIMBATORE
Mahalinga Puram,642002,COIMBATORE
Makkinaicken Patti,642003,COIMBATORE
Malayadipalayam,641669,COIMBATORE
Malayandipattinam,642114,COIMBATORE
Malumichampatti,641050,COIMBATORE
Manamboli,642127,COIMBATORE
Mandiripalayam,641671,COIMBATORE
Mangalakaraipudur,641104,COIMBATORE
Mangalam (Coimbatore),641663,COIMBATORE
Maniakarampalayam,641006,COIMBATORE
Mannarai,641607,COIMBATORE
Mannur,642005,COIMBATORE
Manupatti,642112,COIMBATORE
Manur,641606,COIMBATORE
Mappillaigoundenpudur,642005,COIMBATORE
Marapettai,642001,COIMBATORE
Marappagoundenpudur,642103,COIMBATORE
Marudamalai,641046,COIMBATORE
Marudur,641104,COIMBATORE
Maruduraiyanvalasu,641604,COIMBATORE
Masagoundenchettipalayam,641107,COIMBATORE
Masthigoundenpathi,641032,COIMBATORE
Mathipalayam,641101,COIMBATORE
Medur,641113,COIMBATORE
Meenakshipuram,641032,COIMBATORE
Merkupathi,638103,COIMBATORE
Metrathi,642203,COIMBATORE
Mettubavi,641202,COIMBATORE
Mettupalayam,641301,COIMBATORE
Mettupalayam Bazaar,641301,COIMBATORE
Minparai,642101,COIMBATORE
Mohavanur,642202,COIMBATORE
Moongiltholuvu,642202,COIMBATORE
Moperipalayam,641659,COIMBATORE
Mount Stuart,642105,COIMBATORE
Mudalipalayam,641606,COIMBATORE
Mudis,642117,COIMBATORE
Munduvelampatti,642206,COIMBATORE
Muriandampalayam,641655,COIMBATORE
Murugali Bazaar,642125,COIMBATORE
Muthanampalayam,641606,COIMBATORE
Muthugoundenpudur,641402,COIMBATORE
Muthur,642109,COIMBATORE
Mylampatti,641062,COIMBATORE
Myleripalayam,641032,COIMBATORE
Myvadi,642203,COIMBATORE
N.G.G.O Colony,641022,COIMBATORE
Nachipalayam,641606,COIMBATORE
Nagammapudur,641653,COIMBATORE
Naickenpalayam,641020,COIMBATORE
Nallamudi,642117,COIMBATORE
Nallannagoundanpudur,642204,COIMBATORE
Nallattipalayam,642109,COIMBATORE
Nallichettipalayam,641653,COIMBATORE
Nallur,641606,COIMBATORE
Nalluthukuli,642005,COIMBATORE
Nambiampalayam,641670,COIMBATORE
Nanjundapuram,641036,COIMBATORE
Nanjundapuram-tadagam,641108,COIMBATORE
Naranapuram,641664,COIMBATORE
Narasimhanaickenpalayam,641031,COIMBATORE
Narasipuram,641109,COIMBATORE
Nathagoundenpalayam,641664,COIMBATORE
Nathegoundenpudur,641101,COIMBATORE
Navamalai Camp,642101,COIMBATORE
Neelikonampalayam,641033,COIMBATORE
Nellithurai,641305,COIMBATORE
Ngr Road,641664,COIMBATORE
Nilambur,641062,COIMBATORE
Nirar Dam,642127,COIMBATORE
Odayakulam,642129,COIMBATORE
Odayampalayam,641028,COIMBATORE
Oddarpalayam,641103,COIMBATORE
Odderpalayam,641653,COIMBATORE
Old Valparai,642127,COIMBATORE
Ondipudur,641016,COIMBATORE
Othakkalmandapam,641032,COIMBATORE
P&t Staff Quarters,641011,COIMBATORE
P.Vadugapalayam,641664,COIMBATORE
Pachapalayam,641107,COIMBATORE
Paduvampalli,641659,COIMBATORE
Palanigoundenpudur,642002,COIMBATORE
Palapatti,641305,COIMBATORE
Palarpathy,642109,COIMBATORE
Palathurai,641105,COIMBATORE
Pallapalayam,641663,COIMBATORE
Pallapalayam,642112,COIMBATORE
Pallikalipalayam,641665,COIMBATORE
Panapatti,641201,COIMBATORE
Panickampatti,641664,COIMBATORE
Pannimadai,641017,COIMBATORE
Pannimade,642127,COIMBATORE
Pappampatti,641016,COIMBATORE
Pappanaickenpalayam,641037,COIMBATORE
Pappanaickenpalayam West,641037,COIMBATORE
Pappanaickenpudur,641041,COIMBATORE
Pappanampatti,624622,COIMBATORE
Pappankulam,642204,COIMBATORE
Pappankulam,641655,COIMBATORE
Paralai,642108,COIMBATORE
Paralipower House,641104,COIMBATORE
Paruvoi,641658,COIMBATORE
Pasur-avanashi,641653,COIMBATORE
Pathanjalipuri,641108,COIMBATORE
Pattanam,641016,COIMBATORE
Pedappampatti,642205,COIMBATORE
Peedampalli,641016,COIMBATORE
Peelamedu,641004,COIMBATORE
Peelamedu East,641004,COIMBATORE
Periakallipatti,641302,COIMBATORE
Periakomarapalayam,642201,COIMBATORE
Periapatti,642201,COIMBATORE
Periapodu,642103,COIMBATORE
Periaputhur,641697,COIMBATORE
Periya Kallar,642106,COIMBATORE
Periyakuyilai,641201,COIMBATORE
Periyanaickenpalayam,641020,COIMBATORE
Periyayipalayam,641654,COIMBATORE
Perumanallur,641666,COIMBATORE
Peruntholuvu,641665,COIMBATORE
Perur (Coimbatore),641010,COIMBATORE
Perur Chettipalayam,641010,COIMBATORE
Pethanaickanur,642134,COIMBATORE
Pichanur,641105,COIMBATORE
Pilliappampalayam,641653,COIMBATORE
Pillurdam,641104,COIMBATORE
Pn Road,641602,COIMBATORE
Podanur,641023,COIMBATORE
Podanur Newtown,641023,COIMBATORE
Pogalur,641697,COIMBATORE
Pollachi,642001,COIMBATORE
Pollachi Bazaar,642001,COIMBATORE
Pollachi RS,642001,COIMBATORE
Pollachi West,642001,COIMBATORE
Pongalur,641667,COIMBATORE
Pongupalayam,641666,COIMBATORE
Ponnegoundenpudur,641107,COIMBATORE
Poomalur,641663,COIMBATORE
Poosaripatti,642205,COIMBATORE
Poravipalayam,642110,COIMBATORE
Pudupalayam,641654,COIMBATORE
Pudupalayam,642205,COIMBATORE
Pulankinar,642122,COIMBATORE
Pulavadi,642206,COIMBATORE
Puliamarathupalayam,641669,COIMBATORE
Puliampatti,641658,COIMBATORE
Puliampatti,642002,COIMBATORE
Puliyakulam,641045,COIMBATORE
Puluvapatti,641602,COIMBATORE
Puluvapatti,641101,COIMBATORE
Pungamuthur,642207,COIMBATORE
Purandampalayam,641669,COIMBATORE
R.Ponnapuram,642002,COIMBATORE
R.S.Puram East,641002,COIMBATORE
R.S.Puram South,641002,COIMBATORE
R.S.Puram West,641002,COIMBATORE
Rakkiapalayam,641654,COIMBATORE
Rakkipalayam,641031,COIMBATORE
Ramachandrapuram,642120,COIMBATORE
Ramanamudali Pudur,642134,COIMBATORE
Ramanathapuram,641670,COIMBATORE
Ramapattinam,642005,COIMBATORE
Ramnagar Coimbatore,641009,COIMBATORE
Ranganathapuram,641654,COIMBATORE
Rasipalayam,641402,COIMBATORE
Rathinapuri,641027,COIMBATORE
Rathinasabapathy Puram,641002,COIMBATORE
Ravanapuram,642207,COIMBATORE
Ravathur,641103,COIMBATORE
Reddiarur,642007,COIMBATORE
Redfields,641018,COIMBATORE
Rudrapalayam,642204,COIMBATORE
S.Ayyampalayam,641671,COIMBATORE
S.B.Institute,641007,COIMBATORE
Sahs College,641043,COIMBATORE
Saibaba Mission,641011,COIMBATORE
Samalapuram,641663,COIMBATORE
Samarayapatti,642204,COIMBATORE
Samathur,642123,COIMBATORE
Samichettipalayam,641047,COIMBATORE
Sarkarkannadipudur,642113,COIMBATORE
Sarkarpathi,642133,COIMBATORE
Sarkarsamakulam,641107,COIMBATORE
Seelakkampatti,642205,COIMBATORE
Seeliyur,641113,COIMBATORE
Seeranaickenpalayam,641007,COIMBATORE
Selvapuram,641026,COIMBATORE
Sembianallur,641654,COIMBATORE
Semmandampalayam,641668,COIMBATORE
Semmedu,641114,COIMBATORE
Sengalipalayam,641022,COIMBATORE
Senguttaipalayam,642120,COIMBATORE
Senjellappagoundenpudur,642122,COIMBATORE
Senjeri,641669,COIMBATORE
Senjeriputhur,641671,COIMBATORE
Sethumadai,642133,COIMBATORE
Settiakkapalayam,642120,COIMBATORE
Sheikalmudi,642125,COIMBATORE
Sholayar,642127,COIMBATORE
Siddanaickenpalayam,641658,COIMBATORE
Siddhapudur,641044,COIMBATORE
Singanallur,641005,COIMBATORE
Singarampalayam,642109,COIMBATORE
Sinnakallipatti,641302,COIMBATORE
Sinnanavakkarai,641105,COIMBATORE
Sinniampalayam,641062,COIMBATORE
Sirukalandai,642202,COIMBATORE
Sirukundra,642127,COIMBATORE
Sirumugai,641302,COIMBATORE
Sirupuluvapatti,641603,COIMBATORE
Siruvani Adivaram,641114,COIMBATORE
Sokkampalayam,641653,COIMBATORE
Sokkanur,638103,COIMBATORE
Sokkanur,642109,COIMBATORE
Solamadevi,642113,COIMBATORE
Solvampalayam,642109,COIMBATORE
Somandurai,642134,COIMBATORE
Somanur,641668,COIMBATORE
Sowripalayam,641028,COIMBATORE
Sri Ramakrishna Vidyalaya,641020,COIMBATORE
Subarayanpudur,641668,COIMBATORE
Subbegoundenpudur,642103,COIMBATORE
Sugunapuram,641008,COIMBATORE
Sukkampalayam,641662,COIMBATORE
Sukrawarpettai,641001,COIMBATORE
Sulakkal,642110,COIMBATORE
Suleeswaran Patti,642006,COIMBATORE
Sultanpet,641669,COIMBATORE
Sulur,641402,COIMBATORE
Sundakkampalayam,642132,COIMBATORE
Sundakkampalayam,638402,COIMBATORE
Sundakkamuthur,641010,COIMBATORE
Sundapalayam,641007,COIMBATORE
Sundarapuram,641024,COIMBATORE
T.C.Market,641604,COIMBATORE
T.Kottampatti,642002,COIMBATORE
Tadagam,641108,COIMBATORE
Tatabad,641012,COIMBATORE
Tea Nagar,641606,COIMBATORE
Tekkupalayam,641020,COIMBATORE
Telungupalayam,641039,COIMBATORE
Tenkarai,641101,COIMBATORE
Thalakarai,642005,COIMBATORE
Thalanar,642105,COIMBATORE
Thamaraikulam,642109,COIMBATORE
Thandukaranpalayam,641655,COIMBATORE
Thathur,642104,COIMBATORE
Thekkalur,641654,COIMBATORE
Thekkampatti,641113,COIMBATORE
Thenkumarapalayam,642107,COIMBATORE
Thennamanallur,641109,COIMBATORE
Therampalayam,641697,COIMBATORE
Thimmankothu,642005,COIMBATORE
Thimmanur,641302,COIMBATORE
Thippampatti,642107,COIMBATORE
Thirumalaigoundenpalayam,638462,COIMBATORE
Thirumurthi Nagar,642112,COIMBATORE
Tholampalayam,641113,COIMBATORE
Thomaspuram,641654,COIMBATORE
Thondamuthur,641109,COIMBATORE
Thondamuthur,642123,COIMBATORE
Thonguttipalayam,641665,COIMBATORE
Thoppampatti,641017,COIMBATORE
Thulukkamuthur,641654,COIMBATORE
Thumbalapatti,642154,COIMBATORE
Thungavi,642203,COIMBATORE
Tirumuruganpoondi,641652,COIMBATORE
Tiruneelakandapuram,641607,COIMBATORE
Tirupur,641601,COIMBATORE
Tirupur Bazaar,641604,COIMBATORE
Tirupur East,641607,COIMBATORE
Tirupur North,641602,COIMBATORE
Titipalayam,641010,COIMBATORE
Topslip,642133,COIMBATORE
Tudiyalur,641034,COIMBATORE
Udamalpet Bazaar,642126,COIMBATORE
Udamalpet East,642126,COIMBATORE
Udamalpet South,642126,COIMBATORE
Udukkampalayam,642207,COIMBATORE
Unjavelampatti,642003,COIMBATORE
Upper Aliyar Dam,642101,COIMBATORE
Uppilipalayam,641670,COIMBATORE
Uppilipalayam,641015,COIMBATORE
Uralpatti,642204,COIMBATORE
Urulikkal,642127,COIMBATORE
Uthukuli Zamin,642004,COIMBATORE
V.Kallipalayam,641664,COIMBATORE
V.Vadamalaipalayam,641664,COIMBATORE
Vadakkalur,641653,COIMBATORE
Vadakkipalayam,642110,COIMBATORE
Vadamadurai Kurudampalayam,641017,COIMBATORE
Vadambacherry,641669,COIMBATORE
Vadasithur,641202,COIMBATORE
Vadavalli,641041,COIMBATORE
Vadavedampatti,641671,COIMBATORE
Vadugankallipalayam,641663,COIMBATORE
Vadugapalayam,641654,COIMBATORE
Vadugapalayam,642001,COIMBATORE
Vadugapalayam,641107,COIMBATORE
Vadugapalayam,642205,COIMBATORE
Vagatholuvu,642202,COIMBATORE
Vaharayampalayam,641659,COIMBATORE
Vaiyampalayam,641110,COIMBATORE
Valavadi,642132,COIMBATORE
Vallakondapuram,642207,COIMBATORE
Vallipuram,638103,COIMBATORE
Valparai,642127,COIMBATORE
Valukkuparai,641032,COIMBATORE
Vanjipalayam,641663,COIMBATORE
Vavipalayam,641666,COIMBATORE
Vavipalayamkettanur,641671,COIMBATORE
Vazhai Thottam,642127,COIMBATORE
Vedapatti,642203,COIMBATORE
Vedasanthur,642007,COIMBATORE
Veerakeralam,641007,COIMBATORE
Veerapandi (Coimbatore),641605,COIMBATORE
Veerapandi Periyanaickenpalaya,641019,COIMBATORE
Veerapandi-tadagam,641108,COIMBATORE
Velandipalayam,641025,COIMBATORE
Velappanaickenpalayam,641669,COIMBATORE
Velayuthampalayam,641654,COIMBATORE
Vellakinar,641029,COIMBATORE
Vellalapalayam,642120,COIMBATORE
Vellalapalayam Podanur,641111,COIMBATORE
Vellalore,641111,COIMBATORE
Vellamadai,641110,COIMBATORE
Vellamalai,642130,COIMBATORE
Vellanaipatti,641048,COIMBATORE
Velliankadu,641104,COIMBATORE
Vellonie,642127,COIMBATORE
Vengitapuram,641664,COIMBATORE
Venkatesa Mills,642128,COIMBATORE
Venkitapuram,641062,COIMBATORE
Vettaikaran Pudur,642129,COIMBATORE
Vettuvapalayam,641670,COIMBATORE
Vijayapuram (Coimbatore),641606,COIMBATORE
Vilamarathupatti,642207,COIMBATORE
Vilankurichi,641035,COIMBATORE
Viraliyur,641109,COIMBATORE
Virugalpatti,642120,COIMBATORE
Vivekanandapuram,641113,COIMBATORE
Water Falls Estate,642105,COIMBATORE
Waverly,642105,COIMBATORE
Zamin Kottampatti,642123,COIMBATORE
Zamin Muthur,642005,COIMBATORE
A.Kuravankuppam,607802,CUDDALORE
Adari,606304,CUDDALORE
Adinarayananpuram,608801,CUDDALORE
Adur Agaram,607302,CUDDALORE
Agara Alambadi,608702,CUDDALORE
Agaram,608502,CUDDALORE
Akkadavalli,607205,CUDDALORE
Akkanur,606106,CUDDALORE
Akkarai Gori,607003,CUDDALORE
Alagaperumalkuppam,607101,CUDDALORE
Alaginatham,607109,CUDDALORE
Alambadi,606108,CUDDALORE
Alapakkam,608801,CUDDALORE
Alathur,606303,CUDDALORE
Alkondanatham,608305,CUDDALORE
Ambalavananpettai,607301,CUDDALORE
Ambapuram,608704,CUDDALORE
Ammapettai,608401,CUDDALORE
Ammeri,607802,CUDDALORE
Andarmullipallam,608801,CUDDALORE
Anguchettipalayam,607106,CUDDALORE
Annamalai University,608002,CUDDALORE
Annamalainagar,608002,CUDDALORE
Annavalli,607003,CUDDALORE
Anukkampattu,607301,CUDDALORE
Arangamangalam,607302,CUDDALORE
Arantangi,608301,CUDDALORE
Arasadikkuppam,607103,CUDDALORE
Ariyakoshti,608502,CUDDALORE
Athipatu,608401,CUDDALORE
Avatti,606108,CUDDALORE
Avinangudi,606111,CUDDALORE
Aviyanur,607101,CUDDALORE
Ayangudi,608306,CUDDALORE
Ayikuppam,607301,CUDDALORE
Ayyanur Akkaramangalam,608201,CUDDALORE
Azhisikudi,608601,CUDDALORE
B.Adivaraganallur,608501,CUDDALORE
B.Kolakudi,608704,CUDDALORE
B.Mutlur,608501,CUDDALORE
Badrakottai,607102,CUDDALORE
Bandarakottai,607108,CUDDALORE
Bhuvanagiri,608601,CUDDALORE
"Block 1, Neyveli",607801,CUDDALORE
"Block 10, Neyveli",607801,CUDDALORE
"Block 18, Neyveli",607803,CUDDALORE
"Block 24, Neyveli",607801,CUDDALORE
"Block 26, Neyveli",607803,CUDDALORE
"Block 29, Neyveli",607807,CUDDALORE
"Block 5, Neyveli",607803,CUDDALORE
Budamur,606003,CUDDALORE
Budangudi,608702,CUDDALORE
Budavarayanpettai,608601,CUDDALORE
C Keeranur,606110,CUDDALORE
C.Arasur,608302,CUDDALORE
C.Mutlur,608102,CUDDALORE
C.Pudupettai,608502,CUDDALORE
C.Sathamangalam,608201,CUDDALORE
C.Veeracholagam,608602,CUDDALORE
Capperquary,607005,CUDDALORE
Chellanchery,605106,CUDDALORE
Chettithangal,608304,CUDDALORE
Chidambaram,608001,CUDDALORE
Chidambaram East,608001,CUDDALORE
Chidambaram North,608001,CUDDALORE
Chidambaram West,608001,CUDDALORE
Chinnakannadi,607302,CUDDALORE
Chinnanargunam,608704,CUDDALORE
Chinnapanaickenpalayam,607102,CUDDALORE
Chinnaparur,606104,CUDDALORE
Cuddalore,607001,CUDDALORE
Cuddalore Court Buildings,607001,CUDDALORE
Cuddalore Old Town,607003,CUDDALORE
Cuddalore Ot Bazaar,607003,CUDDALORE
Cuddalore Port,607003,CUDDALORE
Cuddalore Public Offices,607001,CUDDALORE
daiyur,608601,CUDDALORE
Deevalur,606110,CUDDALORE
Dharmanallur,606103,CUDDALORE
E.Keeranur,606106,CUDDALORE
Edaiyur,606302,CUDDALORE
Edayarkuppam,607102,CUDDALORE
Elleri,608303,CUDDALORE
Elumedu,607104,CUDDALORE
Eluthur,606303,CUDDALORE
Enathirimangalam,607108,CUDDALORE
Ennanagaram,608602,CUDDALORE
Erumanur,606003,CUDDALORE
Erumbur,608704,CUDDALORE
Eyyalur,608304,CUDDALORE
Fort St.David,607001,CUDDALORE
Gandhi Nagar (Cuddalore),607308,CUDDALORE
Gavarappattu,608002,CUDDALORE
Gopalapuram,606103,CUDDALORE
Gudalur,606111,CUDDALORE
Gudithangi,607105,CUDDALORE
Gunamangalam,607109,CUDDALORE
Gundu Uppalavadi,607006,CUDDALORE
Guruvappanpettai,607302,CUDDALORE
Idaichittur,606104,CUDDALORE
Iruppu,607805,CUDDALORE
Jayankondapattinam,608002,CUDDALORE
K.Adur,608602,CUDDALORE
K.Alambadi,608602,CUDDALORE
Kadambuliyur,607103,CUDDALORE
Kalaiyur,607109,CUDDALORE
Kalinjikuppam,607104,CUDDALORE
Kalkunam,607302,CUDDALORE
Kaludur,606304,CUDDALORE
Kammapuram,606103,CUDDALORE
Kandakumaran,608305,CUDDALORE
Kandamangalam,608301,CUDDALORE
Kandrakottai,607205,CUDDALORE
Kanisapakkam,607106,CUDDALORE
Kanjankollai,608304,CUDDALORE
Kanur,608701,CUDDALORE
Kargudal,606003,CUDDALORE
Karmangudi,606110,CUDDALORE
Karnatham,606104,CUDDALORE
Karumbur,607108,CUDDALORE
Karunakaranallur,608301,CUDDALORE
Karunguli,607303,CUDDALORE
Karuppur,608401,CUDDALORE
Karuvepilankurichi,606110,CUDDALORE
Kathazhai,606103,CUDDALORE
Kattamuthupalayam,607205,CUDDALORE
Kattugudalur,607805,CUDDALORE
Kattumailur,606304,CUDDALORE
Kattumannarkoil,608301,CUDDALORE
Kavalakudi,608702,CUDDALORE
Kavanur,608703,CUDDALORE
Keelamoongiladi,608102,CUDDALORE
Keelanuvampattu,608102,CUDDALORE
Keerapalayam,608602,CUDDALORE
Kilacheruvoi,606106,CUDDALORE
Kilakalpoondi,606303,CUDDALORE
Kilapalaiyur,606103,CUDDALORE
Kilarungunam,607105,CUDDALORE
Kilimangalam,606105,CUDDALORE
Kiliruppu,607103,CUDDALORE
Kilkangeyankuppam,607805,CUDDALORE
Kilkavarappattu,607112,CUDDALORE
Killai,608102,CUDDALORE
Kilmampattu,607106,CUDDALORE
Kilur,607302,CUDDALORE
Ko Adhanur,606003,CUDDALORE
Ko Pavalangudi,606104,CUDDALORE
Kodiyampalayam,608002,CUDDALORE
Kodukkanpalayam,607003,CUDDALORE
Kollimalai Kilpathi,608303,CUDDALORE
Kollumedu,608303,CUDDALORE
Komaratchi,608302,CUDDALORE
Konankuppam,606104,CUDDALORE
Kondasamudram,608701,CUDDALORE
Kondur,607006,CUDDALORE
Kongarayanur,607104,CUDDALORE
Konur,606105,CUDDALORE
Korakkavadi,606303,CUDDALORE
Kosapallam,606105,CUDDALORE
Kothattai,608501,CUDDALORE
Kothattai,606111,CUDDALORE
Kurinjipadi,607302,CUDDALORE
A.Gollahalli,636704,DHARMAPURI
A.Jettihalli,636807,DHARMAPURI
A.Pallipatti,636905,DHARMAPURI
A.Sappanipatti,635205,DHARMAPURI
Achalvadi,636903,DHARMAPURI
Adagapadi,636803,DHARMAPURI
Adikarapatti,636905,DHARMAPURI
Adiyamankottai,636807,DHARMAPURI
Agraharam,636903,DHARMAPURI
Ajjanahalli,636810,DHARMAPURI
Akkamanahalli,636704,DHARMAPURI
Alamelupuram,636905,DHARMAPURI
Alapuram,636904,DHARMAPURI
Ammanimallapuram,636806,DHARMAPURI
Andiyur,636906,DHARMAPURI
Anjehalli,636813,DHARMAPURI
Annasagaram,636704,DHARMAPURI
Arakasanahalli,636811,DHARMAPURI
Arasampatti,635201,DHARMAPURI
Attornahalli,636805,DHARMAPURI
B Pallipatti,635301,DHARMAPURI
Badrahalli,636810,DHARMAPURI
Bairnaickenpatti,636906,DHARMAPURI
Bairnatham,636905,DHARMAPURI
Baisuhalli,635205,DHARMAPURI
Balajangamanahalli,636807,DHARMAPURI
Barur,635201,DHARMAPURI
Batchapet,636903,DHARMAPURI
Bedrahalli,636803,DHARMAPURI
Begarahalli,636808,DHARMAPURI
Belarahalli,636808,DHARMAPURI
Bendrahalli,635201,DHARMAPURI
Bettamugulalam,636806,DHARMAPURI
Bikkampatti,636813,DHARMAPURI
Biliyanur Agraharam,636813,DHARMAPURI
Bommahalli,635111,DHARMAPURI
Bommanur,636805,DHARMAPURI
Bommidi,635301,DHARMAPURI
Boodanahalli,636804,DHARMAPURI
Buddireddipatti,635302,DHARMAPURI
Chellampatti,636903,DHARMAPURI
Chetthalli,636809,DHARMAPURI
Chikkadornabetta,636806,DHARMAPURI
Chinnampalli,636811,DHARMAPURI
Chinnankuppam,636903,DHARMAPURI
Chintalpadi,635302,DHARMAPURI
D Thurinjipatti,635202,DHARMAPURI
Dalavaihalli,636803,DHARMAPURI
Dandukaranahalli,636808,DHARMAPURI
Dasarahalli,635305,DHARMAPURI
Devarmukkulam,635111,DHARMAPURI
Dharmapuri,636701,DHARMAPURI
Dharmapuri Collectorate,636705,DHARMAPURI
Dharmapuri Fort,636701,DHARMAPURI
Dharmapuri Public Offices,636001,DHARMAPURI
Dharmapuri R.S,636701,DHARMAPURI
Dharmapuri South,636701,DHARMAPURI
Dinnabelur,636810,DHARMAPURI
Doddampatti,636903,DHARMAPURI
Dokkubothanahalli,636807,DHARMAPURI
Donnakuttahalli,636810,DHARMAPURI
Eachambadi,636902,DHARMAPURI
Elagiri,636807,DHARMAPURI
Elavadai,635305,DHARMAPURI
Ellapudayampatti,636903,DHARMAPURI
Erranahalli,636808,DHARMAPURI
Errapayanahalli,636813,DHARMAPURI
Erupalli,636813,DHARMAPURI
Esalpatti,636807,DHARMAPURI
Gendenahalli,636811,DHARMAPURI
Gendiganahalli,635205,DHARMAPURI
Giddanahalli,636809,DHARMAPURI
Gobichettipalayam,635305,DHARMAPURI
Gobinathampatti,635305,DHARMAPURI
Gudalur,636906,DHARMAPURI
Gujjarahalli,636806,DHARMAPURI
Hale Dharmapuri,636701,DHARMAPURI
Hanumanthapuram,636808,DHARMAPURI
Hanumantheertham,636902,DHARMAPURI
Harur,636903,DHARMAPURI
Hogenakkal,636810,DHARMAPURI
Ichambadi,635202,DHARMAPURI
Ichampatti,636807,DHARMAPURI
Indur,636803,DHARMAPURI
Irumathur,635201,DHARMAPURI
Ittiampatti,636903,DHARMAPURI
Jakkasamudram,636805,DHARMAPURI
Jakkupatti,635202,DHARMAPURI
Jammanahalli,636904,DHARMAPURI
Jertalav,636808,DHARMAPURI
Jingalkathirampatti,635201,DHARMAPURI
Jittandahalli,636805,DHARMAPURI
K.Vetrapatti,636902,DHARMAPURI
Kadagathur,636809,DHARMAPURI
Kadathur,635303,DHARMAPURI
Kalappambadi,636811,DHARMAPURI
Kalasapadi,636903,DHARMAPURI
Kalipettai,636905,DHARMAPURI
Kambainallore,635202,DHARMAPURI
Kammampatti,636352,DHARMAPURI
Kandagavundanur,635302,DHARMAPURI
Kandenahalli,636806,DHARMAPURI
Kannipatti,635205,DHARMAPURI
Karagur,635111,DHARMAPURI
Karungalpadi,636906,DHARMAPURI
Kathanahalli,636808,DHARMAPURI
Kathirinaickenahalli,635303,DHARMAPURI
Kathiripatti,636906,DHARMAPURI
Kattampatti,636808,DHARMAPURI
Katteri,636902,DHARMAPURI
Keelkuppam,636902,DHARMAPURI
Keeraipatti,636903,DHARMAPURI
Kelavalli,635202,DHARMAPURI
Keraikodahalli,635305,DHARMAPURI
Kethureddipatti,635302,DHARMAPURI
Kokkarapatti,636905,DHARMAPURI
Kolagampatti,636903,DHARMAPURI
Komarasamipatti,636701,DHARMAPURI
Kombur,636905,DHARMAPURI
Konangihalli,636813,DHARMAPURI
Kongarapatti,635202,DHARMAPURI
Kongavembu,636902,DHARMAPURI
Koothapadi,636810,DHARMAPURI
Kottapatti,636906,DHARMAPURI
Kottumaranahalli,635205,DHARMAPURI
Kovilur,635205,DHARMAPURI
Krishnapuram,635202,DHARMAPURI
Kuppangarai,635205,DHARMAPURI
Kuppur,636704,DHARMAPURI
Kurubarahalli,635302,DHARMAPURI
Lakshmapuram,636905,DHARMAPURI
Laligam,636804,DHARMAPURI
M Velampatti,635305,DHARMAPURI
M.Maravadi,636805,DHARMAPURI
Mademangalam,636804,DHARMAPURI
Mahendramangalam,636805,DHARMAPURI
Makkanur,636803,DHARMAPURI
Mallikuttai,635205,DHARMAPURI
Mallupatti,636805,DHARMAPURI
Mampatti,636902,DHARMAPURI
Manchinayakkanahalli,636813,DHARMAPURI
Mangarai,636813,DHARMAPURI
Maniyadahalli,636807,DHARMAPURI
Maniyambadi,635303,DHARMAPURI
Manjarahalli,636810,DHARMAPURI
Marandahalli,636806,DHARMAPURI
Maravadi,635205,DHARMAPURI
Maruthipatti,635305,DHARMAPURI
Mathikonpalayam,636701,DHARMAPURI
Matlamapatti,635205,DHARMAPURI
Menisi,636904,DHARMAPURI
Mittadinnahalli,636804,DHARMAPURI
Mittanoolahalli,636704,DHARMAPURI
Mobiripatti,636902,DHARMAPURI
Modur,635205,DHARMAPURI
Molayanur,636904,DHARMAPURI
Moolakadu,636352,DHARMAPURI
Morappur,635305,DHARMAPURI
Mottankurichi,635302,DHARMAPURI
Mukkanahalli,635202,DHARMAPURI
Mullikadu,636905,DHARMAPURI
Murukkampatti,635202,DHARMAPURI
Nagamarai,636810,DHARMAPURI
Nagarkudal,636803,DHARMAPURI
Nallampalli,636807,DHARMAPURI
Nallasenahalli,636804,DHARMAPURI
Nammanadahalli,636812,DHARMAPURI
Naripalli,636906,DHARMAPURI
Narthampatti,636804,DHARMAPURI
Navalai,635305,DHARMAPURI
Nettadahalli,636803,DHARMAPURI
Nochikuttai,636903,DHARMAPURI
Noolahalli,636813,DHARMAPURI
Obilinaickenahalli,635303,DHARMAPURI
Odasahalli,635303,DHARMAPURI
Onnappagoundanahalli,636809,DHARMAPURI
P.Agraharam,636809,DHARMAPURI
P.Chettihalli,636808,DHARMAPURI
Padi,636809,DHARMAPURI
Pagalahalli,636807,DHARMAPURI
Palacode,636808,DHARMAPURI
Palavadi,636809,DHARMAPURI
Palayam,636807,DHARMAPURI
Panjapalli,636812,DHARMAPURI
Pappambadi,636905,DHARMAPURI
Pappinaickenpatti,636808,DHARMAPURI
Pappireddipatti,636905,DHARMAPURI
Parayapatti,635305,DHARMAPURI
Parayapattipudur,636903,DHARMAPURI
Pattukonampatti,636905,DHARMAPURI
Paupparapatti,636809,DHARMAPURI
Pennagaram,636810,DHARMAPURI
Pereripudur,636903,DHARMAPURI
Periyanahalli,635205,DHARMAPURI
Periyapatti,636906,DHARMAPURI
Perumbalai,636811,DHARMAPURI
Petatampatti,636903,DHARMAPURI
Pikkili,636809,DHARMAPURI
Pilparuthi,635301,DHARMAPURI
Poduthampatti,636808,DHARMAPURI
Polayampalli,635305,DHARMAPURI
Poyyapatti,636906,DHARMAPURI
Pudupatti,636905,DHARMAPURI
Pulidikarai,635202,DHARMAPURI
Pulikarai,636808,DHARMAPURI
Pungunatham,636803,DHARMAPURI
Rajagollahalli,636813,DHARMAPURI
Ramagondahalli,636810,DHARMAPURI
Ramenahalli,635302,DHARMAPURI
Ranimookanur,635303,DHARMAPURI
Regadahalli,635301,DHARMAPURI
Samanur,636806,DHARMAPURI
Samichettipatti,636807,DHARMAPURI
Sandapatti,635305,DHARMAPURI
Sathiyanathapuram,636813,DHARMAPURI
Seeriyanahalli,636808,DHARMAPURI
Selliampatti,636809,DHARMAPURI
Senganur,636810,DHARMAPURI
Settikarai,636704,DHARMAPURI
Sikkalur,636906,DHARMAPURI
Sillarahalli,635303,DHARMAPURI
Sitrapatti,635305,DHARMAPURI
Sitteri,636903,DHARMAPURI
Sittilingi,636906,DHARMAPURI
Sogathur,636809,DHARMAPURI
Solaikottai,636704,DHARMAPURI
Somenahalli,636803,DHARMAPURI
Sunchalnatham,636810,DHARMAPURI
Sunnampatti,636808,DHARMAPURI
T.Ganigarahalli,636352,DHARMAPURI
Tenkaraikottai,636904,DHARMAPURI
Thalanatham,635302,DHARMAPURI
Thathampatti,635201,DHARMAPURI
Thippampatti,635202,DHARMAPURI
Thippireddihalli,635301,DHARMAPURI
Thirumalvadi,636808,DHARMAPURI
Thokkampatti,636705,DHARMAPURI
Thoppur,636352,DHARMAPURI
Thumbalammaepettai,636906,DHARMAPURI
Thumjepalli,636812,DHARMAPURI
Thurinjipatti,635301,DHARMAPURI
Tirtamalai,636906,DHARMAPURI
Ungaranahalli,636704,DHARMAPURI
Vagurappampatti,635202,DHARMAPURI
Vaguthupatti,635302,DHARMAPURI
Vathalmalai,636804,DHARMAPURI
Vattuvanahalli,636810,DHARMAPURI
Vedakattumaduvu,636906,DHARMAPURI
Vedarampatti,635202,DHARMAPURI
Veerappanaickenpatti,636906,DHARMAPURI
Velanur,636906,DHARMAPURI
Vellalapatti,635202,DHARMAPURI
Venkatadrihalli,635303,DHARMAPURI
Venkatasamudram,636905,DHARMAPURI
Venkatenahalli,636704,DHARMAPURI
Vennampatti,636705,DHARMAPURI
Veppalahalli,636805,DHARMAPURI
Veppampatti,636903,DHARMAPURI
Veppilaimuthampatti,635301,DHARMAPURI
Yelangalpatti,636808,DHARMAPURI
19 Pudur,624614,DINDIGUL
A.Nadupatti,624302,DINDIGUL
Achanampatti,624702,DINDIGUL
Adalur,624212,DINDIGUL
Adiyanuthu,624003,DINDIGUL
Adukkam,624101,DINDIGUL
Agaram,624709,DINDIGUL
Alagapuri,624710,DINDIGUL
Alamarathupatti,624303,DINDIGUL
Alambadi,624620,DINDIGUL
Alambadimines,624703,DINDIGUL
Amarapundi,624613,DINDIGUL
Ambathurai,624302,DINDIGUL
Ambathurai R.S,624302,DINDIGUL
Ambilikai,624612,DINDIGUL
Ammapatti,624622,DINDIGUL
Ammapatti,624206,DINDIGUL
Ammayanaickanur,624201,DINDIGUL
Anaipatti,624620,DINDIGUL
Anaipatti,624219,DINDIGUL
Andipatti,624621,DINDIGUL
Angunagar,624001,DINDIGUL
Anjukulipatti,624308,DINDIGUL
Appanuthu,624617,DINDIGUL
Aranmanaivalasu,624616,DINDIGUL
Arasappapillaipatti,624619,DINDIGUL
Athikombai,624619,DINDIGUL
Attur,624701,DINDIGUL
Attuvampatti,624101,DINDIGUL
Avichipatti,624401,DINDIGUL
Avilipatti,624304,DINDIGUL
Ayakudi,624613,DINDIGUL
Ayyalur,624801,DINDIGUL
Ayyankottai,624211,DINDIGUL
Balakrishnapurampudur,624005,DINDIGUL
Balasamudram (Dindigul),624610,DINDIGUL
Batlagundu,624202,DINDIGUL
Batlagundu Bazar,624202,DINDIGUL
Begampur (Dindigul),624002,DINDIGUL
Bodikamanvadi,624708,DINDIGUL
Boduvarpatti,624614,DINDIGUL
Bojanampatti,624802,DINDIGUL
Boothagudi,624402,DINDIGUL
Chatirapatti,624620,DINDIGUL
Chatrapatti (Dindigul),624614,DINDIGUL
Chettiapatti,624302,DINDIGUL
Chinnakalayamputhur,624615,DINDIGUL
Chinnakkampatti,624712,DINDIGUL
Chinnalapatti,624301,DINDIGUL
Chinnamandavadi,624612,DINDIGUL
Chittoor,624702,DINDIGUL
D.Gudalur,624620,DINDIGUL
Dasaripatti,624614,DINDIGUL
Devarappanpatti,624204,DINDIGUL
Devathur,624614,DINDIGUL
Devinaickenpatti,624711,DINDIGUL
Dharmathupatti,624705,DINDIGUL
Dindigul,624001,DINDIGUL
Dindigul Bus Stand,624003,DINDIGUL
Dindigul Collectorate,624004,DINDIGUL
Dindigul East,624003,DINDIGUL
Dindigul Fort,624001,DINDIGUL
Emakkalapuram,624304,DINDIGUL
Eriyodu,624702,DINDIGUL
Erramanaickenpatti,624613,DINDIGUL
Ethilodu,624219,DINDIGUL
G.Thummalapatti,624202,DINDIGUL
Gandhigram (Dindigul),624302,DINDIGUL
Gurunathanaickanur,624622,DINDIGUL
Guziliamparai,624703,DINDIGUL
H.R.Kottai,624002,DINDIGUL
I.Vadipatti,624616,DINDIGUL
Idayakottai,624704,DINDIGUL
Iyyampalayam,624204,DINDIGUL
Jambudarikottai,624206,DINDIGUL
Jambuliapatti,624005,DINDIGUL
Javadhupatti,624704,DINDIGUL
Jenankottai,624710,DINDIGUL
Jogipatti,624704,DINDIGUL
Jothampatti,624308,DINDIGUL
K.Ayyapatti,624308,DINDIGUL
K.C.Patti,624212,DINDIGUL
K.Keeranur,624616,DINDIGUL
K.Pudukottai,624622,DINDIGUL
K.Rajathanikottai,624206,DINDIGUL
K.Singarakottai,624708,DINDIGUL
Kalanampatti,624710,DINDIGUL
Kalanjipatti,624619,DINDIGUL
Kalayamputhur,624615,DINDIGUL
Kalikkampatti,624303,DINDIGUL
Kalladipatti,624201,DINDIGUL
Kallimandayam,624616,DINDIGUL
Kallipatti,624709,DINDIGUL
Kalvarpatti,624711,DINDIGUL
Kamanur,624216,DINDIGUL
Kamatchipuram,624622,DINDIGUL
Kambiliampatti,624306,DINDIGUL
Kanakkanpatti,624613,DINDIGUL
Kanalkadu,624216,DINDIGUL
Kanapadi,624802,DINDIGUL
Kanavoipatti,624308,DINDIGUL
Kanavoipatti,624202,DINDIGUL
Kanniapuram,624308,DINDIGUL
Kannivadi,624705,DINDIGUL
Kappalapatti,624614,DINDIGUL
Kappiliapatti,624612,DINDIGUL
Kariampatti,624215,DINDIGUL
Kariampatti,624616,DINDIGUL
Karikali,624703,DINDIGUL
Karikaranpudur,624615,DINDIGUL
Kasampatti,624401,DINDIGUL
Kasavanampatti,624705,DINDIGUL
Kasipalayam (Dindigul),624711,DINDIGUL
Kattakamanpatti,624202,DINDIGUL
Kattakoothanpatti,624215,DINDIGUL
Kattupatti,624306,DINDIGUL
Kavalapatti,624621,DINDIGUL
Kaveriammapatti,624619,DINDIGUL
Kaviakadu,624212,DINDIGUL
Kavunji,624103,DINDIGUL
Kazhutharukkipalayam,624616,DINDIGUL
Keeranur(MA),624617,DINDIGUL
Kethaiyarumbu,624619,DINDIGUL
Kilanavayal,624103,DINDIGUL
Kilavarai,624103,DINDIGUL
Kodagipatti,624403,DINDIGUL
Kodaikanal,624101,DINDIGUL
Kodaikanal Observatory,624103,DINDIGUL
Kodaimangalam,624618,DINDIGUL
Kodairoad R.S.,624206,DINDIGUL
Kodalangadu,624216,DINDIGUL
Kodanginaickenpatti,624215,DINDIGUL
Kodangipatti,624710,DINDIGUL
Kolinjipatti,624304,DINDIGUL
Kollapatti,624619,DINDIGUL
Kollapatti,624801,DINDIGUL
Komberipatti,624801,DINDIGUL
Konapatti,624304,DINDIGUL
Konur,624705,DINDIGUL
Kookal,624103,DINDIGUL
Koovakkapatti,624710,DINDIGUL
Koovanuthu,624003,DINDIGUL
Kosavapatti,624304,DINDIGUL
Kosikurichi,624401,DINDIGUL
Kothayam,624614,DINDIGUL
Kottaipatti,624403,DINDIGUL
Kottaiyur,624402,DINDIGUL
Kottanatham,624620,DINDIGUL
Kottapatti,624002,DINDIGUL
Kottathurai,624617,DINDIGUL
Kottur,624215,DINDIGUL
Kovilammapatti,624618,DINDIGUL
Kovilur,624005,DINDIGUL
Kovilur,624706,DINDIGUL
Kulathupatti,624706,DINDIGUL
Kulathur,624005,DINDIGUL
Kullalagundu,624201,DINDIGUL
Kullichettipatti,624219,DINDIGUL
Kumbaraiyur,624202,DINDIGUL
Kumbur,624710,DINDIGUL
Kumbur,624103,DINDIGUL
Kumburvayal,624101,DINDIGUL
Kunnuvarankottai,624220,DINDIGUL
Kuppammalpatti,624212,DINDIGUL
Kusavapatti,624802,DINDIGUL
Kuthiluppai,624712,DINDIGUL
Kuttam,624711,DINDIGUL
Kuttampundi,624616,DINDIGUL
Kuttathupatti,624002,DINDIGUL
Kuttupatti,624401,DINDIGUL
Kuzhipatti,624202,DINDIGUL
Landakottai,624620,DINDIGUL
Lingavadi,624401,DINDIGUL
M.N.Patti,624002,DINDIGUL
M.Vadipatti,624211,DINDIGUL
Ma.Athappanpatti,624712,DINDIGUL
Machur,624101,DINDIGUL
Madur,624306,DINDIGUL
Malayagondanpatti,624201,DINDIGUL
Mallanampatti,624202,DINDIGUL
Mallapuram,624703,DINDIGUL
Mallayapuram,624707,DINDIGUL
Malvarpatti,624709,DINDIGUL
Manakkattur,624403,DINDIGUL
Mandavadi,624612,DINDIGUL
Mangarai,624622,DINDIGUL
Manjalpirappu,624212,DINDIGUL
Manjanaickenpatti,624614,DINDIGUL
Mannavanur,624103,DINDIGUL
Manur,624618,DINDIGUL
Marambadi,624709,DINDIGUL
Marichilambu,624613,DINDIGUL
Markampatti,624306,DINDIGUL
Markkampatti,624712,DINDIGUL
Marunoothu,624304,DINDIGUL
Maruthanathi-project,624204,DINDIGUL
Melkaraipatti,624617,DINDIGUL
Melpallam,624101,DINDIGUL
Mettupatti,624002,DINDIGUL
Mettupatti,624616,DINDIGUL
Metturgate,624206,DINDIGUL
Micheal Palayam,624215,DINDIGUL
Minukampatti,624711,DINDIGUL
Moolaiyar,624210,DINDIGUL
Moongilpatti,624402,DINDIGUL
Morepatti,624802,DINDIGUL
Mottanampatti,624802,DINDIGUL
Mulaiyur,624401,DINDIGUL
Mullipadi,624005,DINDIGUL
Munnilakottai,624303,DINDIGUL
Murunellikottai,624710,DINDIGUL
Musuvanuthu,624219,DINDIGUL
Muthalagupatti,624002,DINDIGUL
Muthanampattipudur,624622,DINDIGUL
Muthunaickenpatti,624618,DINDIGUL
N.G.O.Colony,624005,DINDIGUL
N.Panjampatti,624303,DINDIGUL
N.Paraipatti,624005,DINDIGUL
N.Pudupatti,624401,DINDIGUL
Nadakottai,624220,DINDIGUL
Nadumandalam,624401,DINDIGUL
Nadupatti,624212,DINDIGUL
Naduvanur,624401,DINDIGUL
Nagalnagar,624003,DINDIGUL
Nagayakottai,624706,DINDIGUL
Naidupuram,624101,DINDIGUL
Nallamanaickenpatti,624003,DINDIGUL
Nallamanarkottai,624005,DINDIGUL
Nallurkadu,624212,DINDIGUL
Nalupulikottai,624619,DINDIGUL
Narasingapuram,624307,DINDIGUL
Narikalpatti,624618,DINDIGUL
Nariyuthu,624215,DINDIGUL
Natham,624401,DINDIGUL
Natham East,624401,DINDIGUL
Natham Koilpatti,624401,DINDIGUL
Nathambazar,624401,DINDIGUL
Nathapatti,624710,DINDIGUL
Neelamalaikottai,624619,DINDIGUL
Neikkarapatti,624615,DINDIGUL
Nellur,624204,DINDIGUL
Nilakottai,624208,DINDIGUL
Nuthalapuram,624202,DINDIGUL
Odaipatti,624612,DINDIGUL
Oddanchatram,624619,DINDIGUL
Oddanchatram North,624619,DINDIGUL
Old Batlagundu,624202,DINDIGUL
Old Oddanchatram,624619,DINDIGUL
Oruthattu,624206,DINDIGUL
Ottupatti,624708,DINDIGUL
Pachalur,624212,DINDIGUL
Pachamalayankottai,624707,DINDIGUL
Padiyur,624005,DINDIGUL
Paganattam,624702,DINDIGUL
Palakkanuthu,624619,DINDIGUL
Palamalai,624101,DINDIGUL
Palani,624601,DINDIGUL
Palani Bazaar,624601,DINDIGUL
Palani Devastanam,624601,DINDIGUL
Palani East,624601,DINDIGUL
Palani R.S,624601,DINDIGUL
Palani West,624601,DINDIGUL
Palappanpatti,624616,DINDIGUL
Palarparundalar Dam,624610,DINDIGUL
Palayakannivadi,624705,DINDIGUL
Palayam,624620,DINDIGUL
Palayankottai,624708,DINDIGUL
Pallangi,624101,DINDIGUL
Pallapatti,624201,DINDIGUL
Pallapatti,624002,DINDIGUL
Pallathukalvai,624212,DINDIGUL
Pambarpuram,624103,DINDIGUL
Pandianagar,624001,DINDIGUL
Pandithakaranur,624620,DINDIGUL
Pandrimalai,624212,DINDIGUL
Pannaikadu,624210,DINDIGUL
Pannaipatti,624705,DINDIGUL
Pappampatti,624621,DINDIGUL
Paraipatti,624707,DINDIGUL
Paruthiyur,624616,DINDIGUL
Pattiveeranpatti,624211,DINDIGUL
Pazhamputhur,624103,DINDIGUL
Periakuzhipatti,624704,DINDIGUL
Perichipalayam,624617,DINDIGUL
Periyakalayamputhur,624615,DINDIGUL
Periyakottai,624306,DINDIGUL
Periyakottai,624614,DINDIGUL
Periyamottanuthu,624618,DINDIGUL
Periyur,624212,DINDIGUL
Perumalkoilpatti,624302,DINDIGUL
Perumalmalai,624101,DINDIGUL
Perumalnaickenvalasu,624614,DINDIGUL
Perumalpudur,624615,DINDIGUL
Perumbarai,624212,DINDIGUL
Perumpallam,624101,DINDIGUL
Pethanaickenpatti,624615,DINDIGUL
Pilathu,624802,DINDIGUL
Pillamanaickenpatti,624706,DINDIGUL
Pillayarnatham,624219,DINDIGUL
Pillayarnatham,624403,DINDIGUL
Pithalaipatti,624002,DINDIGUL
Polur,624103,DINDIGUL
Ponnimandurai,624002,DINDIGUL
Poolampati,624613,DINDIGUL
Poombarai,624103,DINDIGUL
Poonuthu,624711,DINDIGUL
Poosaripatti,624202,DINDIGUL
Poothampatti,624702,DINDIGUL
Porulur,624616,DINDIGUL
Prakasapuram,624101,DINDIGUL
Puduchatram,624619,DINDIGUL
Pudur(NTM),624401,DINDIGUL
Pudurchettiapatti,624710,DINDIGUL
Pulathur,624202,DINDIGUL
Puliamarathukottai,624710,DINDIGUL
Puliampatti,624617,DINDIGUL
Puliyurnatham,624704,DINDIGUL
Pundi,624103,DINDIGUL
Punnapatti,624401,DINDIGUL
Pushpathur,624618,DINDIGUL
Puthuputhur,624103,DINDIGUL
Puthur,624801,DINDIGUL
R.Iyyampalayam,624621,DINDIGUL
R.Kombai,624706,DINDIGUL
R.Pudukottai,624706,DINDIGUL
R.Vellodu,624620,DINDIGUL
Ragalapuram,624304,DINDIGUL
Rajakkapatti,624306,DINDIGUL
Rajampatti,624617,DINDIGUL
Rajathanikottai,624220,DINDIGUL
Ramagiri,624703,DINDIGUL
Ramarajapuram,624219,DINDIGUL
Reddiapatti,624003,DINDIGUL
Reddiapatti,624202,DINDIGUL
Reddiapatti,624401,DINDIGUL
Reddiarchatram,624622,DINDIGUL
S.R.G.Pudur,624619,DINDIGUL
S.Vadipatti,624622,DINDIGUL
Sadayampatti,624306,DINDIGUL
Sakkampatti,624612,DINDIGUL
Sakkiliankodai,624308,DINDIGUL
Saminathapuram,642113,DINDIGUL
Samiyarpatti,624302,DINDIGUL
Samudrapatti,624402,DINDIGUL
Sanarpatti,624304,DINDIGUL
Sandaiyur,624220,DINDIGUL
Sangalpatty,624215,DINDIGUL
Sangampalayam,624617,DINDIGUL
Sangareddikottai,624211,DINDIGUL
Sankarapuram,624215,DINDIGUL
Sathampadi,624401,DINDIGUL
Sedapatti,624708,DINDIGUL
Sellamanthadi,624005,DINDIGUL
Sembatti,624707,DINDIGUL
Sendurai (Dindigul),624403,DINDIGUL
Sengurichi,624306,DINDIGUL
Senkattampatti,624708,DINDIGUL
Sennamanaickenpatti,624004,DINDIGUL
Servaikaranpatti,624620,DINDIGUL
Sethur,624401,DINDIGUL
Settinaickenpatti,624004,DINDIGUL
Sevugampatti,624211,DINDIGUL
Shenbaganur,624101,DINDIGUL
Silaipadi,624005,DINDIGUL
Silukkuvarpatti,624215,DINDIGUL
Siluvathur,624306,DINDIGUL
Silvarpatti,624709,DINDIGUL
Sindalagundu,624002,DINDIGUL
Singarakottai.V.,624802,DINDIGUL
Sirugudi,624402,DINDIGUL
Sirumalai,624003,DINDIGUL
Sirumalaipudur,624003,DINDIGUL
Sirunaickenpatti,624307,DINDIGUL
Sirunaickenpatti,624219,DINDIGUL
Sithargalnatham,624219,DINDIGUL
Sithayankottai,624708,DINDIGUL
Sitherevu,624204,DINDIGUL
Sithuvarpatti,624801,DINDIGUL
Solaikadu,624212,DINDIGUL
Soolapuram,639203,DINDIGUL
Sreerankattupatti,624401,DINDIGUL
Srinivasapuram,624101,DINDIGUL
Sriramapuram,624622,DINDIGUL
Sriramapuram,624702,DINDIGUL
St.Marys Estate,624212,DINDIGUL
Sukkampatti,624709,DINDIGUL
Sukkampatti,624801,DINDIGUL
Sullerumbu,624710,DINDIGUL
T.Panjampatti,624304,DINDIGUL
T.Pudupatti,624705,DINDIGUL
T.Vadugapatti,624308,DINDIGUL
Tadicombu,624709,DINDIGUL
Tandigudi,624216,DINDIGUL
Teppakulathupatti,624709,DINDIGUL
Thalaiyuthu,624618,DINDIGUL
Thamaraikulam,624615,DINDIGUL
Thamaraipadi,624005,DINDIGUL
Thangachiammapatti,624612,DINDIGUL
Thathanaickenpatti,624621,DINDIGUL
Thattarapatti,624710,DINDIGUL
Thavasimadai,624304,DINDIGUL
Thazhakadai,624003,DINDIGUL
Theethagoundenvalasu,624616,DINDIGUL
Thennampatti,624802,DINDIGUL
Theppathupatti,624220,DINDIGUL
Thettupatti,624705,DINDIGUL
Thimmanallur,624308,DINDIGUL
Thonimalai,624212,DINDIGUL
Thoppampatti,624617,DINDIGUL
Thottanampatti,624005,DINDIGUL
Thottanuthu,624005,DINDIGUL
Thozhipatti,624703,DINDIGUL
Thummalagundu,624802,DINDIGUL
Thummalapatti,624617,DINDIGUL
Tirukoornam,624620,DINDIGUL
Tirumalaigoundenvalasu,624616,DINDIGUL
Ulliyakottai,624703,DINDIGUL
Undarpatti,624709,DINDIGUL
Uralipatti,624402,DINDIGUL
Usilampatti,624706,DINDIGUL
Uthupatti,624206,DINDIGUL
V.S.K.Kurumbapatti,624306,DINDIGUL
Vadagadu,624619,DINDIGUL
Vadagounji,624101,DINDIGUL
Vadakattupatti,624304,DINDIGUL
Vadamadurai,624802,DINDIGUL
Vadugampadi,624706,DINDIGUL
Vagarai,624613,DINDIGUL
Vaithilathoppampatti,624306,DINDIGUL
Vakkampatti,624303,DINDIGUL
Valayapatti,624704,DINDIGUL
Vallipatti,624710,DINDIGUL
Vanikarai,624710,DINDIGUL
Vannampatti,624707,DINDIGUL
Varthamanathi Dam Project,624613,DINDIGUL
Vathipatti,624401,DINDIGUL
Vedasandur,624710,DINDIGUL
Veerakkal,624303,DINDIGUL
Veeralapatti,624614,DINDIGUL
Veerasinnnampatti,624304,DINDIGUL
Velampatti,624401,DINDIGUL
Velampatti,624617,DINDIGUL
Vellagavi,624101,DINDIGUL
Vellodu,624307,DINDIGUL
Velvarkottai,624802,DINDIGUL
Vembarpatti,624308,DINDIGUL
Vengalapatti,624212,DINDIGUL
Venkatasrikottai,624202,DINDIGUL
Veriyappur,624619,DINDIGUL
Vilampatti,624219,DINDIGUL
Vilpatti,624101,DINDIGUL
Viralimayanpatti,624220,DINDIGUL
Viralipatti,624709,DINDIGUL
Viralipatti,624202,DINDIGUL
Virupatchi,624614,DINDIGUL
Viruthalaipatti,624711,DINDIGUL
Viruveedu,624220,DINDIGUL
Yeluvanampatti,624202,DINDIGUL
A.Sembulichampalayam,638502,ERODE
Achur,638673,ERODE
Agalaraipalayam,638111,ERODE
Akkaraikodiveri,638454,ERODE
Alampadi,638701,ERODE
Alampalayam,638661,ERODE
Alampalayam,638105,ERODE
Alampalayam,638501,ERODE
Alangiam,638657,ERODE
Alathur,638455,ERODE
Alingiam(Gobi),638457,ERODE
Alukuli,638453,ERODE
Ambodi,638459,ERODE
Ammankoil,638109,ERODE
Ammapettai,638311,ERODE
Anaipalayam,638752,ERODE
Anangur,639202,ERODE
Anjanur(Vemandampalayam),638462,ERODE
Anjur,638151,ERODE
Anthiyur,638501,ERODE
Appakudal,638315,ERODE
Arachalur,638101,ERODE
Araipalayam,638401,ERODE
Arakkankottai,638506,ERODE
Aralavadi,638461,ERODE
Arasur,638454,ERODE
Aratholuvu,638701,ERODE
Arikkaranvalasu,639201,ERODE
Ariyappampalayam,638402,ERODE
Athani (Erode),638502,ERODE
Athiyur,638103,ERODE
Attavanai Hanumanpalli,638101,ERODE
Avalpundurai,638115,ERODE
Avanashipalayampudur,638701,ERODE
Avanashipalyaam,638660,ERODE
Avudayarparai,638151,ERODE
Ayalur,638453,ERODE
Ayyampalayam,638455,ERODE
Ayyampalayam,638151,ERODE
Bagavankoil,638673,ERODE
Bannari,638401,ERODE
Bargur-Anthiyur,638501,ERODE
Basuvanapuram,638503,ERODE
Basuvapatti,638051,ERODE
Bellampatti,638702,ERODE
Bhavani,638301,ERODE
Bhavani Cutcherry,638301,ERODE
Bhavani Kudal,638301,ERODE
Bhavanisagar,638451,ERODE
Bommanallur,638673,ERODE
Brahmadesam,638315,ERODE
Budapadi,638311,ERODE
Cauvery Railway Station,638007,ERODE
Chengapalli,638812,ERODE
Chennampatti,638504,ERODE
Chennimalai,638051,ERODE
Chikkahalli,638461,ERODE
Chikkaiah Naicker College,638004,ERODE
Chikkarasampalayam,638401,ERODE
Chimtahalli,638461,ERODE
Chinnaickampalayam,638657,ERODE
Chinnamarudur,638106,ERODE
Chinnapallam,638311,ERODE
Chinnaputhur,638657,ERODE
Chinniampalayam (Kunnathur),638103,ERODE
Chitravuthampalayam,638657,ERODE
Chittode,638102,ERODE
Cholakkadai Street,638656,ERODE
Dalavoipalayam,638751,ERODE
Dalavoipattinam,638672,ERODE
Dalavoipettai,638312,ERODE
Dasappagoundanpudur,638503,ERODE
Dasarapatti,638657,ERODE
Dasavanaickenpatti,638111,ERODE
Desipalayam,638459,ERODE
Devarajapattinam,638702,ERODE
Dharapuram,638656,ERODE
Dharapuram South,638656,ERODE
Dhimbam,638401,ERODE
Doddagajanur,638461,ERODE
Doddampalayam,638451,ERODE
Doddapura,638461,ERODE
Edakkalpadi,639202,ERODE
Edayankattuvalsu,638009,ERODE
Elathur Chettipalayam,638458,ERODE
Elavamalai,638316,ERODE
Elavanatham,638101,ERODE
Ellisnagar,638657,ERODE
Elumathur,638104,ERODE
Emmammpoondi,638460,ERODE
Ennamangalam,638501,ERODE
Erachapadi,639202,ERODE
Erahanahalli,638461,ERODE
Erangattur,638505,ERODE
Erasinampalayam,638106,ERODE
Erode,638001,ERODE
Erode Collectorate,638011,ERODE
Erode East,638001,ERODE
Erode Fort,638001,ERODE
Erode Market,638001,ERODE
Erode North,638001,ERODE
Erode Railway Colony,638002,ERODE
Erode South,638001,ERODE
Ganapathipalayam,638153,ERODE
Ganapathipalayam,641605,ERODE
Gangapuram,638102,ERODE
Germalam,638401,ERODE
Gethalrev,638657,ERODE
Gettavadi,638461,ERODE
Getticheyur,638110,ERODE
Gettisamudram,638501,ERODE
Gettisamudram Colony,638501,ERODE
Gnanipalayam,638112,ERODE
Gobichettipalayam,638452,ERODE
Gobichettipalayam East,638452,ERODE
Gobichettipalayam South,638476,ERODE
Govindapuram,638657,ERODE
Greynagar,638056,ERODE
Gudakkarai,638454,ERODE
Gumtapuram,638461,ERODE
Guruvareddiyur,638504,ERODE
Guthialathur,638503,ERODE
Hanumanthapuram,638656,ERODE
Hassanur,638401,ERODE
Ichipalayam,638151,ERODE
Ikkarainegamam,638401,ERODE
Ikkaraithathapalli,638451,ERODE
Ingur,638052,ERODE
Injampalli,638104,ERODE
Irugalur,638462,ERODE
Irumborai,638459,ERODE
Jambai,638312,ERODE
Kadappanalur,638311,ERODE
Kadathur (Gobi),638454,ERODE
Kadayampatti,638312,ERODE
Kadayur,638701,ERODE
Kadirampatti,638107,ERODE
Kadukkampalayam,638476,ERODE
Kagam,638109,ERODE
Kaikolapalayam,638056,ERODE
Kalbhavi,638314,ERODE
Kaliappampalayam,638110,ERODE
Kalichettipalayam. Mettupalayam,638455,ERODE
Kalingarayanpalayam Pudur,638301,ERODE
Kalingiam,638453,ERODE
Kalipalayam,638661,ERODE
Kalkadambur,638503,ERODE
Kallipatti,638505,ERODE
Kallivalasu,638657,ERODE
Kambiliampatti,638706,ERODE
Kambiliyampatti,638056,ERODE
Kanagapuram,638112,ERODE
Kanakkampalayam,638505,ERODE
Kandappagoundenvalasu,638051,ERODE
Kandasamipalayam,638109,ERODE
Kandikattuvalasu,638115,ERODE
Kangayam,638701,ERODE
Kangayam East,638701,ERODE
Kangayam North,638701,ERODE
Kanjikovil,638116,ERODE
Kannadipalayam,638314,ERODE
Kannivadi,639202,ERODE
Kanuvakarai,638459,ERODE
Karaipudur,641605,ERODE
Karaiyur,638661,ERODE
Karalayam,638503,ERODE
Karapadi,638459,ERODE
Karattadipalayam,638453,ERODE
Karattupalayam,638111,ERODE
Karattupalayam,638457,ERODE
Karukkampalayam,638109,ERODE
Karumandisellipalayam,638052,ERODE
Karungalpalayam,638003,ERODE
Karuppanvalasu,638111,ERODE
Kasbapettai,638115,ERODE
Kasipalayam,638009,ERODE
Kasipalayam (Erode),638454,ERODE
Kasthurbagarm,638101,ERODE
Kasthuripalayam,638751,ERODE
Kavilipalayam,638402,ERODE
Kavindapadi,638455,ERODE
Kavundichipalayam,638112,ERODE
Kavuthampalayam,638103,ERODE
Keeranur,638701,ERODE
Kembanaickenpalayam,638503,ERODE
Kesarimangalam,638311,ERODE
Kidarai,638458,ERODE
Kilankundal,638106,ERODE
Kilwani,638502,ERODE
Kodiveri,638503,ERODE
Kodumudi,638151,ERODE
Koduvoi,638660,ERODE
Kokkampalayam,638702,ERODE
Kolanalli,638154,ERODE
Kolappalur (Erode),638456,ERODE
Kolathupalayam,638152,ERODE
Kolathupalayam,638661,ERODE
Kolinjivadi,638673,ERODE
Kollampalayam,638002,ERODE
Komarapalayam,638108,ERODE
Komarapalayam,638106,ERODE
Komarapalayam-sathy,638401,ERODE
Komarayanur,638504,ERODE
Komarayeevalasu,638104,ERODE
Konamoolai,638402,ERODE
Kondapanaickenpalayam,638503,ERODE
Kondayampalayam(Bhavani),638505,ERODE
Koneripatti,638673,ERODE
Kongarpalayam,638506,ERODE
Koothampalayam,638751,ERODE
Koothampatti,638101,ERODE
Koothampoondi,638315,ERODE
Kosavampalayam,638701,ERODE
Koshanam,638458,ERODE
Kothamangalam,638451,ERODE
Kottaimulanur,638106,ERODE
Kottupullampalayam,638453,ERODE
Kottuveerampalayam,638401,ERODE
Kovilpalayam,638116,ERODE
Kugalur,638313,ERODE
Kullaipalayam,638657,ERODE
Kullampalayam,638476,ERODE
Kummakalipalayam,638457,ERODE
Kundadam,638702,ERODE
Kungarupalayam,638703,ERODE
Kunnathur (Erode),638103,ERODE
Kuppandampalayam,638502,ERODE
Kurichi,638314,ERODE
Kurichi-kunnathur,638110,ERODE
Kurukkapalayam,638660,ERODE
Kurumandur,638457,ERODE
Kurupanaickenpalayam,638301,ERODE
Kuthambi,638055,ERODE
Kuttapalayam,638108,ERODE
Kuttipalayam,638312,ERODE
L.M.Palapalayam,638455,ERODE
Lakkamanaickenpatti,638111,ERODE
Lakkapuram,638002,ERODE
Madampalayam,638459,ERODE
Malamedu,639201,ERODE
Malayampalayam,638154,ERODE
Mallanguli,638461,ERODE
Mambadi,638106,ERODE
Manakadavu,638673,ERODE
Mangalapatti,638105,ERODE
Mannathampalayam,638153,ERODE
Maravapalayam,638051,ERODE
Marudurai,638108,ERODE
Mathur,638314,ERODE
Melapalayam (Erode),638051,ERODE
Mettupalayam,638315,ERODE
Mettupalayam,638111,ERODE
Mettuvalasu,638661,ERODE
Mevani,638313,ERODE
Michaelpalayam,638501,ERODE
Minnapalayam,638109,ERODE
Modakurichi,638104,ERODE
Morattupalayam,638752,ERODE
Mudalipalayam,638703,ERODE
Mudianerichal,638701,ERODE
Muduthurai,638459,ERODE
Mukasi Hanumanpalli,638101,ERODE
Mukasipidariyur,638051,ERODE
Mukasipudur,638314,ERODE
Mulanur,638106,ERODE
Mulapalayam,638002,ERODE
Mulayampoondi,638111,ERODE
Mullampatti,638107,ERODE
Mullipuram,638108,ERODE
Murali,638504,ERODE
Murungatholuvu,638051,ERODE
Muthayeepalayam,638153,ERODE
Muthugoundenpalayam,638702,ERODE
Muthur,638105,ERODE
Mylambadi,638314,ERODE
Mylrangam,638111,ERODE
Nadupatti,638056,ERODE
Nagadevampalayam,638476,ERODE
Nagalingapuram,638660,ERODE
Nagalur,638502,ERODE
Nagamanaickenpatti,638111,ERODE
Nallampalayam,638661,ERODE
Nallampatti,638057,ERODE
Nallimadam,638706,ERODE
Nallur,638459,ERODE
Nambiyur,638458,ERODE
Nandavanampalayam,638702,ERODE
Nanjagoundenpalayam,638476,ERODE
Nanjai Puliampatti,638506,ERODE
Nanjai Uttukuli,638104,ERODE
Nanjaithalaiyur,639202,ERODE
Nanjiampalayam,638657,ERODE
Nanjundapuram,638657,ERODE
Nasiyanur,638107,ERODE
Nathachennigoundenvalasu,638106,ERODE
Nathagoundenpalayam,638115,ERODE
Nathakadaiyur,638108,ERODE
Nathakattuvalasu,638701,ERODE
Nathapalayam,638106,ERODE
Neithalapuram,638461,ERODE
Nelali,638660,ERODE
Nerinjipettai,638311,ERODE
Nichampalayam,638055,ERODE
Nochikuttai,638459,ERODE
Nochipalayam,638706,ERODE
Odathurai,638455,ERODE
Odayagoundenpalayam,638454,ERODE
Olagadam,638314,ERODE
Olalakoil,638460,ERODE
Olapalayam,638701,ERODE
Olapalayam,638052,ERODE
Orathupalyaam,638106,ERODE
Oricheri,638315,ERODE
Pachampalayam,638314,ERODE
Padiyur,638701,ERODE
Palakarai,638057,ERODE
Palakuttaipattipudur,638504,ERODE
Palayakottai,638108,ERODE
Pallagoundenpalayam,638056,ERODE
Pallapalayam,638116,ERODE
Palliyuthu,638101,ERODE
Panakkahalli,638461,ERODE
Panayampalli,638459,ERODE
Pandiampalayam,638455,ERODE
Pappampalayam,638055,ERODE
Pappinipachapalayam,638701,ERODE
Paranjervali,638701,ERODE
Pariyur Vellalapalayam,638476,ERODE
Paruvachi,638312,ERODE
Pasur,638154,ERODE
Patlur,638314,ERODE
Pattakaranpalayam,638057,ERODE
Pattimaniakaranpalayam,638462,ERODE
Pattuthurai,638106,ERODE
Peramium,638661,ERODE
Peria Agraharam,638005,ERODE
Peria Semur,638004,ERODE
Periapuliyur,638455,ERODE
Periavattam,638151,ERODE
Periaveerasangli,638056,ERODE
Periyavettuvapalayam,638052,ERODE
Periyur,638402,ERODE
Perode,638102,ERODE
Perumugaipudur,638505,ERODE
Perundalaiyur,638315,ERODE
Perundurai,638052,ERODE
Perundurai R.S.,638052,ERODE
Perundurai Sanitorium,638053,ERODE
Perundurai West,638052,ERODE
Pethampalayam,638116,ERODE
Pethikuttai,638459,ERODE
Pichakalpatti,638106,ERODE
Pichandampalayam,638052,ERODE
Polavakalipalayam,638476,ERODE
Polavapalayam,638458,ERODE
Pondilingapuram,638151,ERODE
Pongalur-avanashi,638459,ERODE
Ponmudi,638056,ERODE
Ponnapuram,638657,ERODE
Ponnivadi,638673,ERODE
Pothampalayam,638460,ERODE
Pothiapalayam,638701,ERODE
Pottikkampalayam,642206,ERODE
Pudukkaraipudur,638313,ERODE
Pudupalayam (Erode),638476,ERODE
Pudupeerkadavu,638451,ERODE
Puduppai,638111,ERODE
Pudur,638002,ERODE
Puduvadavalli,638401,ERODE
Puliampatti,638106,ERODE
Pulipar,638460,ERODE
Pullappanaickenpalayam,638506,ERODE
Pundurai Semur,638115,ERODE
Pungambadi,638112,ERODE
Punganthurai,638706,ERODE
Punjai Puliampatti,638459,ERODE
Punjaipalatholuvu,638751,ERODE
Punjaithamaraikulam,638460,ERODE
Punjaithuraiyampalayam,638506,ERODE
Punnam,638312,ERODE
Purappalikattuvalasu,638104,ERODE
Rajannagar,638451,ERODE
Rakkiavalasu,638106,ERODE
Ramalingapuram,638051,ERODE
Ramalingapuram South,638051,ERODE
Ramanathapuram Pudur,638005,ERODE
Rangampalayam,638009,ERODE
Rangasamudram,638402,ERODE
Rasampalayam,638151,ERODE
Reddipalayam,638504,ERODE
Rettalavalasu,638661,ERODE
Rudravathi,638702,ERODE
Sadayapalayam,638702,ERODE
Sakthinagar,638315,ERODE
Salaipudur,638151,ERODE
Salangapalayam,638455,ERODE
Sanarpalayam,638051,ERODE
Sankarandampalayam,638706,ERODE
Sankarapalayam,638501,ERODE
Sanyasipatti,638311,ERODE
Sarkarperiapalayam,641607,ERODE
Satamugai,638503,ERODE
Sathy Bazaar,638401,ERODE
Sathyamangalam,638401,ERODE
Savakattupalayam,638460,ERODE
Savandapur,638502,ERODE
Seenapuram,638057,ERODE
Selampalayam,638672,ERODE
Sellappampalayam,638459,ERODE
Sembadapalayam,638314,ERODE
Sembulichampalayam,638501,ERODE
Semmangarai,638106,ERODE
Senapathichettipalayam,638752,ERODE
Senapathipalayam,638111,ERODE
Sengattupalayam,642206,ERODE
Sengodampalayam,638703,ERODE
Shenbagapudur,638402,ERODE
Singampettai,638311,ERODE
Singanallur KVP,638455,ERODE
Sinniampalayam,638104,ERODE
Sinthagoundenpalayam,638315,ERODE
Sircarkathankanni,638752,ERODE
Sirukalanji,638751,ERODE
Sirukinar,638706,ERODE
Siruvalur,638054,ERODE
Sivagiri (Erode),638109,ERODE
Sivanmalai,638701,ERODE
Sokkumaripalayam,638110,ERODE
Solipalayam,638115,ERODE
Soosaipuram,638461,ERODE
SPB Colony,638010,ERODE
Sullipalayam,638057,ERODE
Sundakkampalayam,638103,ERODE
Surampatti,638009,ERODE
Surianallur,638702,ERODE
Suriappampalayam,638458,ERODE
Swaminathapuram,638104,ERODE
T.Mettupalayam,638112,ERODE
Talamalai,638461,ERODE
Talavadi,638461,ERODE
Talguni,638456,ERODE
Tegnarai,638461,ERODE
Thamaraikarai,638501,ERODE
Thamaraipalayam,638152,ERODE
Thambureddipalayam,638701,ERODE
Thandampalayam,638109,ERODE
Thaneerpandalpalayam,638116,ERODE
Thattampalayam,638109,ERODE
Thavittupalayam,638501,ERODE
Thayamapalayam,638703,ERODE
Theethampalayam,638111,ERODE
Theethampalayam,638456,ERODE
Thengumarahada,638451,ERODE
Therpatti,638673,ERODE
Thindal,638012,ERODE
Thingalur,638401,ERODE
Thippampalayam,638751,ERODE
Thoppampalayam,638451,ERODE
Thoppampatti,638657,ERODE
Thoppupalayam,638051,ERODE
Thoppupalayam,638052,ERODE
Thoranavavi,638110,ERODE
Thottiapalayam,638661,ERODE
Thottipalayam,638312,ERODE
Thuckanaickenpalayam,638506,ERODE
Thurambadi,638106,ERODE
Thuyyampundurai,638115,ERODE
Tingalur,638055,ERODE
Tudupathi,638057,ERODE
Udhiyur,638703,ERODE
Ugayanur,641605,ERODE
Umareddiyur,638311,ERODE
Undarapatti,638673,ERODE
Unjalur,638152,ERODE
Uppupalayam,638111,ERODE
Uthandiyur,638402,ERODE
Uttukuli,638751,ERODE
Uttukuli Rs,638752,ERODE
Vadakkupudupalayam,638152,ERODE
Vadakuthaiyurpalayam,638102,ERODE
Vadamugam Vellodu,638112,ERODE
Vadugapatti,638101,ERODE
Vadugapatti,638106,ERODE
Vairamangalam,638312,ERODE
Vairapalayam,638003,ERODE
Valipalayam,638402,ERODE
Vallipurathanpalayam,638112,ERODE
Varadampalayam,638401,ERODE
Varadhanallur,638311,ERODE
Varapalayam,638462,ERODE
Varnapuram,638301,ERODE
Vasavi College,638316,ERODE
Vazhaithottam,638109,ERODE
Veeracholapuram,638701,ERODE
Veerajimangalam,638673,ERODE
Veeranampalayam,638701,ERODE
Veerappampalayam,638101,ERODE
Veerappanchatram,638004,ERODE
Velampalayam,638104,ERODE
Velampalayam(Kunnathur),638103,ERODE
Velampundi,639201,ERODE
Velankattuvalasu,638115,ERODE
Velappanaickenvalasu,638111,ERODE
Vellakoil,638111,ERODE
Vellakoil Bazaar,638111,ERODE
Vellalapalayam,638315,ERODE
Vellankoil,638054,ERODE
Vellaraveli,638103,ERODE
Vellavavipudur,638661,ERODE
Vellierichal,638105,ERODE
Vellitirupur,638314,ERODE
Vellottamparappu,638154,ERODE
Vemandampalayam,638462,ERODE
Vengampur,638152,ERODE
Vengipalayam,638703,ERODE
Vettayankinar,638055,ERODE
Vijayamangalam,638056,ERODE
Vilakethi,638109,ERODE
Vilarasampatti,638107,ERODE
Vinnapalli,638402,ERODE
Virumandampalayam,638812,ERODE
Voipodi,638056,ERODE
Acharapakkam,603301,KANCHIPURAM
Acharapakkam R.S.,603301,KANCHIPURAM
Adambakkam,600088,KANCHIPURAM
Agaramduli,603406,KANCHIPURAM
Alagesa Nagar,603001,KANCHIPURAM
Alandur,600016,KANCHIPURAM
Alapakkam,600116,KANCHIPURAM
Alathur Industrial Estate,603110,KANCHIPURAM
Alisoor,603402,KANCHIPURAM
Ammanambakkam,603109,KANCHIPURAM
Ammanambakkam,603003,KANCHIPURAM
Anaicut,603312,KANCHIPURAM
Anakaputhur,600070,KANCHIPURAM
Anambakkam,603107,KANCHIPURAM
Ananthamangalam,603307,KANCHIPURAM
Andarkuppam,603401,KANCHIPURAM
Anjur,603204,KANCHIPURAM
Annai Anjugam Nagar,603211,KANCHIPURAM
Anupuram,603127,KANCHIPURAM
Anur,603405,KANCHIPURAM
Appur,603204,KANCHIPURAM
Arasanimangalam,603402,KANCHIPURAM
Arpakkam,631603,KANCHIPURAM
Arumbuliyur,603106,KANCHIPURAM
Arungunam,603306,KANCHIPURAM
Asoor,631605,KANCHIPURAM
Athivakkam,601102,KANCHIPURAM
Athur-chengalpattu,603101,KANCHIPURAM
Attuputhur,631561,KANCHIPURAM
Avalur,631605,KANCHIPURAM
Ayakonamkolathur,603310,KANCHIPURAM
Ayapakkam,603102,KANCHIPURAM
Ayyampettai,631601,KANCHIPURAM
Ayyankarkulam,631502,KANCHIPURAM
Balchettychatram,631551,KANCHIPURAM
Bharathinagar,600117,KANCHIPURAM
Bharathipuram (Kanchipuram),600044,KANCHIPURAM
Big Kanchipuram,631502,KANCHIPURAM
Budur,603308,KANCHIPURAM
Bukkathurai,603308,KANCHIPURAM
Chellampattidai,631553,KANCHIPURAM
Chengalpattu,603001,KANCHIPURAM
Chengalpattu Bazaar,603002,KANCHIPURAM
Chengalpattu Cutcherry,603001,KANCHIPURAM
Chengalpattu Med.College,603001,KANCHIPURAM
Chengattur,603302,KANCHIPURAM
Chennai Airport,600016,KANCHIPURAM
Chettipunniam,603204,KANCHIPURAM
Cheyur (Kanchipuram),603302,KANCHIPURAM
Cheyyur North,603302,KANCHIPURAM
Chithamur,603313,KANCHIPURAM
Chithanakkavur,603107,KANCHIPURAM
Chitlapakkam,600064,KANCHIPURAM
Christian College Tambaram,600059,KANCHIPURAM
Chromepet,600044,KANCHIPURAM
Chunampet,603401,KANCHIPURAM
Damal,631551,KANCHIPURAM
Darkash,600044,KANCHIPURAM
Desumugipettai,603109,KANCHIPURAM
Echoor,631604,KANCHIPURAM
Edaiyur,603109,KANCHIPURAM
Edayambudur,603107,KANCHIPURAM
Edayarpakkam,631553,KANCHIPURAM
Ekanampet,631601,KANCHIPURAM
Ekanapuram,631553,KANCHIPURAM
Elaganar,603402,KANCHIPURAM
Elapakkam,603201,KANCHIPURAM
Elutchur,603204,KANCHIPURAM
Enathur,631561,KANCHIPURAM
Ganapathipuram(CMT),600058,KANCHIPURAM
Gerugambakkam,600122,KANCHIPURAM
Govindavadi,631502,KANCHIPURAM
Gowriwakkam,600073,KANCHIPURAM
Guduvanchery,603202,KANCHIPURAM
Gunduperumbedu,602105,KANCHIPURAM
Gundur-chengalpattu,603002,KANCHIPURAM
Hanumanthandalam,603402,KANCHIPURAM
Hanumanthapuram,603108,KANCHIPURAM
Hasthinapuram,600064,KANCHIPURAM
Illalur,603110,KANCHIPURAM
Indalur,603301,KANCHIPURAM
Injambakkam,600115,KANCHIPURAM
Iranya Sidhi,603312,KANCHIPURAM
Irumbedu,603302,KANCHIPURAM
Irumbuli,603301,KANCHIPURAM
Irumbulichery,603109,KANCHIPURAM
Irumbuliyur,600045,KANCHIPURAM
Irungattukottai,602117,KANCHIPURAM
Isur,603308,KANCHIPURAM
Isur,603310,KANCHIPURAM
Iyyappanthangal,600056,KANCHIPURAM
Janakipuram,603303,KANCHIPURAM
K.Nelvoy,603312,KANCHIPURAM
Kadalur,603305,KANCHIPURAM
Kadambadi,603104,KANCHIPURAM
Kadaperi,600047,KANCHIPURAM
Kadukkalur,603401,KANCHIPURAM
Kaliyampoondi,603402,KANCHIPURAM
Kalkulam,603312,KANCHIPURAM
Kallabiranpuram,603308,KANCHIPURAM
Kalpakkam,603102,KANCHIPURAM
Kalvoy,603108,KANCHIPURAM
Kammalampoondi,603406,KANCHIPURAM
Kammavarpalayam,631502,KANCHIPURAM
Kanchipuram,631501,KANCHIPURAM
Kanchipuram Collectorate,631501,KANCHIPURAM
Kanchipuram Cutchery,631501,KANCHIPURAM
Kandoor,602108,KANCHIPURAM
Kannivakkam,603202,KANCHIPURAM
Kannur,602108,KANCHIPURAM
Kappankottur,631553,KANCHIPURAM
Karai,631552,KANCHIPURAM
Karaipettai,631552,KANCHIPURAM
Karanaipuduchery,603202,KANCHIPURAM
Karapakkam,600097,KANCHIPURAM
Karasangal,603310,KANCHIPURAM
Karumbakkam,603108,KANCHIPURAM
Karunguli,603303,KANCHIPURAM
Karunilam,603204,KANCHIPURAM
Kasthuribainagar,600059,KANCHIPURAM
Kathirichery,603303,KANCHIPURAM
Kattankolathur,603203,KANCHIPURAM
Kattiampandal,603314,KANCHIPURAM
Kattudevadur,603313,KANCHIPURAM
Kattugudalur,603301,KANCHIPURAM
Kattukaranai,603201,KANCHIPURAM
Kavanthandalam,631603,KANCHIPURAM
Kavanur,603203,KANCHIPURAM
Kavanur Pudhucheri,603406,KANCHIPURAM
Kayapakkam,603301,KANCHIPURAM
Kayar,603110,KANCHIPURAM
Kayarambedu,603202,KANCHIPURAM
Keelakattalai,600117,KANCHIPURAM
Keelavalam,603303,KANCHIPURAM
Kelambakkam,603103,KANCHIPURAM
Kilacheri,631402,KANCHIPURAM
Kilakadi,603107,KANCHIPURAM
Kilakattur,631502,KANCHIPURAM
Kiliyanagar,603406,KANCHIPURAM
Kinar,603303,KANCHIPURAM
Kinar Kandigai Pudur,603303,KANCHIPURAM
Kodoovur,603305,KANCHIPURAM
Kokilamedu,603104,KANCHIPURAM
Kolampakkam,603308,KANCHIPURAM
Kolapakkam,600127,KANCHIPURAM
Kolathur,603304,KANCHIPURAM
Kolathur,600127,KANCHIPURAM
Koothavakkam,603104,KANCHIPURAM
Kothakuppam,631202,KANCHIPURAM
Kottaikadu,603304,KANCHIPURAM
Kottamedu,603108,KANCHIPURAM
Kovalam (Kanchipuram),603112,KANCHIPURAM
Kovilambakkam,600129,KANCHIPURAM
Krishnapuram,631551,KANCHIPURAM
Kudapakkam,603304,KANCHIPURAM
Kunnam,631604,KANCHIPURAM
Kunnathur (Kanchipuram),600069,KANCHIPURAM
Kunnavakkam,603002,KANCHIPURAM
Kunnavakkam,603107,KANCHIPURAM
Kuram,631502,KANCHIPURAM
Kuvam,631402,KANCHIPURAM
Kuvathur,603305,KANCHIPURAM
Kuzhipanthandalam,603105,KANCHIPURAM
L.Endathur,603406,KANCHIPURAM
Lakshmipuram,600044,KANCHIPURAM
Lathur,603312,KANCHIPURAM
LIC Colony,600059,KANCHIPURAM
Lic Colony Tambaram,600059,KANCHIPURAM
Little Kanchipuram,631501,KANCHIPURAM
Madambakkam,600126,KANCHIPURAM
Madambakkam,603202,KANCHIPURAM
Madayathur,603108,KANCHIPURAM
Madhur,631606,KANCHIPURAM
Madhur,603201,KANCHIPURAM
Madipakkam,600091,KANCHIPURAM
Madipakkam South,600091,KANCHIPURAM
Maduramangalam,602108,KANCHIPURAM
Madurantakam,603306,KANCHIPURAM
Magaral,631603,KANCHIPURAM
Mahindra World City (Kanchipuram),603002,KANCHIPURAM
Malaipattu,601301,KANCHIPURAM
Malaivaiyavur,603308,KANCHIPURAM
Malapalayam,603303,KANCHIPURAM
Malayalipettai,603303,KANCHIPURAM
Malayankulam,631603,KANCHIPURAM
Malliyankaranai,603406,KANCHIPURAM
Mamallapuram,603104,KANCHIPURAM
Mamandur,603111,KANCHIPURAM
Mambakkam,602106,KANCHIPURAM
Mambakkam,600127,KANCHIPURAM
Manamai,603102,KANCHIPURAM
Manambathi,603105,KANCHIPURAM
Manampathi,603403,KANCHIPURAM
Manampathikandigai,603403,KANCHIPURAM
Manapakkam,603111,KANCHIPURAM
Manapakkam,600125,KANCHIPURAM
Mangadu,600122,KANCHIPURAM
Manimangalam,601301,KANCHIPURAM
Mannivakkam,600048,KANCHIPURAM
Mappedu,600126,KANCHIPURAM
Mappedu,631402,KANCHIPURAM
Maraimalai Nagar,603209,KANCHIPURAM
Maruthuvambadi,603406,KANCHIPURAM
Mathur,602105,KANCHIPURAM
Medavakkam,600100,KANCHIPURAM
Meenambakkam,600016,KANCHIPURAM
Melaiyur,603108,KANCHIPURAM
Melakkottaiyur,600127,KANCHIPURAM
Melavalam,603303,KANCHIPURAM
Meleripakkam,603003,KANCHIPURAM
Melkadirpur,631502,KANCHIPURAM
Melmaduramangalam,631553,KANCHIPURAM
Melmaruvathur,603319,KANCHIPURAM
Melprumal Chery,603102,KANCHIPURAM
Melrosapuram,603204,KANCHIPURAM
MEPZ Tambaram,600045,KANCHIPURAM
Meyyur,603111,KANCHIPURAM
Minnal Sithamur,603307,KANCHIPURAM
Morapakkam,603306,KANCHIPURAM
Mudichur,600048,KANCHIPURAM
Mugaiyur,603305,KANCHIPURAM
Mugalivakkam,600125,KANCHIPURAM
Mugundagiri,603309,KANCHIPURAM
Mullikolathur,603109,KANCHIPURAM
Mullipakkam,603105,KANCHIPURAM
Murugambakkam,603306,KANCHIPURAM
Musaravakkam,631551,KANCHIPURAM
Muthavedu,631551,KANCHIPURAM
Muthialpet,631601,KANCHIPURAM
Muttukadu,603112,KANCHIPURAM
Nagalkeni,600044,KANCHIPURAM
Naickenpet,631601,KANCHIPURAM
Nainarkuppam,603302,KANCHIPURAM
Nallambakkam,600127,KANCHIPURAM
Nandambakkam,600069,KANCHIPURAM
Nandambakkam Kudiyiruppu,600089,KANCHIPURAM
Nanganallur,600061,KANCHIPURAM
Nanganallur Bazaar,600061,KANCHIPURAM
Narasingapuram,631402,KANCHIPURAM
Natham-chengalpattu,603002,KANCHIPURAM
Nathanallur,631605,KANCHIPURAM
Navalur,600130,KANCHIPURAM
Nedumaram,603305,KANCHIPURAM
Neelankarai,600041,KANCHIPURAM
Neerpair,603313,KANCHIPURAM
Nehrunagar,600044,KANCHIPURAM
Nellikuppam,603108,KANCHIPURAM
Nelvoy,603107,KANCHIPURAM
Nemilichery,600044,KANCHIPURAM
Nenmeli,603003,KANCHIPURAM
Nerkunam,603310,KANCHIPURAM
Nerkunapattu,603305,KANCHIPURAM
New Mambakkam,603306,KANCHIPURAM
Neyyadupakkam,631603,KANCHIPURAM
Nilamangai Nagar,600088,KANCHIPURAM
Ninnakarai,603203,KANCHIPURAM
Nirvalur,631561,KANCHIPURAM
Nugumbal,603313,KANCHIPURAM
Oggiamthoraipakkam,600097,KANCHIPURAM
Olaiyur,603107,KANCHIPURAM
Old Pallavaram,600117,KANCHIPURAM
Old Perungalathur,600063,KANCHIPURAM
Olimohamedpet,631502,KANCHIPURAM
Olugarai,631603,KANCHIPURAM
Onambakkam,603313,KANCHIPURAM
Oragadam,603109,KANCHIPURAM
Orakattupettai,603106,KANCHIPURAM
Orathy,603307,KANCHIPURAM
Orikkai,631502,KANCHIPURAM
Otteri Extension,600048,KANCHIPURAM
Ozhalur,603111,KANCHIPURAM
Ozhavetti,603311,KANCHIPURAM
Padalam,603308,KANCHIPURAM
Padappai,601301,KANCHIPURAM
Padiri,603201,KANCHIPURAM
Padur,603103,KANCHIPURAM
Padur,631606,KANCHIPURAM
Paiyambadi,603309,KANCHIPURAM
Pakkam,603306,KANCHIPURAM
Palaiyur,603302,KANCHIPURAM
Palavakkam (Kanchipuram),600041,KANCHIPURAM
Palayanur,603308,KANCHIPURAM
Palayaseevaram,631606,KANCHIPURAM
Pallavaram,600043,KANCHIPURAM
Palliagaram,603107,KANCHIPURAM
Pallikaranai,600100,KANCHIPURAM
Palur,603312,KANCHIPURAM
Palur,603101,KANCHIPURAM
Pammal,600075,KANCHIPURAM
Pammal East,600075,KANCHIPURAM
Panaiyur,603302,KANCHIPURAM
Panangottur,603209,KANCHIPURAM
Pandur,603109,KANCHIPURAM
Pannur (Kanchipuram),602108,KANCHIPURAM
Panruti,631604,KANCHIPURAM
Parandur,631552,KANCHIPURAM
Paraniputhur,600122,KANCHIPURAM
Paranur,603002,KANCHIPURAM
Parukkal,603301,KANCHIPURAM
Pattaraikalani,603102,KANCHIPURAM
Pattipulam,603104,KANCHIPURAM
Pattunoolchatram,602105,KANCHIPURAM
Pavunjur,603312,KANCHIPURAM
Pazhamathur,603111,KANCHIPURAM
Pazhavanthangal,600061,KANCHIPURAM
Pennalur,602105,KANCHIPURAM
Pennalur,603402,KANCHIPURAM
Peria Irumbedu,603105,KANCHIPURAM
Peria Venmani,603311,KANCHIPURAM
Perukkaranai,603309,KANCHIPURAM
Perumanallur,631502,KANCHIPURAM
Perumbakkam,603306,KANCHIPURAM
Perumbakkam,603302,KANCHIPURAM
Perumber Kandigai,603310,KANCHIPURAM
Perunagar,603403,KANCHIPURAM
Perungozhi,603314,KANCHIPURAM
Perungudi,600096,KANCHIPURAM
Perur,603104,KANCHIPURAM
Pichivakkam,631553,KANCHIPURAM
Pillaipakkam,602105,KANCHIPURAM
Pillayarpalayam,631501,KANCHIPURAM
Polambakkam,603309,KANCHIPURAM
Polichalur,600074,KANCHIPURAM
Pondur,602105,KANCHIPURAM
Ponmar,600127,KANCHIPURAM
Ponpathirkoodam,603405,KANCHIPURAM
Ponvilainthakalathur,603405,KANCHIPURAM
Poonjeri,603104,KANCHIPURAM
Porpandal,603107,KANCHIPURAM
Porur,600116,KANCHIPURAM
Pudupakkam,603103,KANCHIPURAM
Pudupattinam,603102,KANCHIPURAM
Pudupattinam Colony,603102,KANCHIPURAM
Pudupattu,603303,KANCHIPURAM
Puliambakkam,631605,KANCHIPURAM
Pulipakkam,603002,KANCHIPURAM
Pulithivakkam,603314,KANCHIPURAM
Puliyur,603109,KANCHIPURAM
Pullalur,631553,KANCHIPURAM
Purisai,631553,KANCHIPURAM
Puthali,631603,KANCHIPURAM
Puthirankottai,603401,KANCHIPURAM
R.N.Kandigai,603403,KANCHIPURAM
Radhanagar (Kanchipuram),600044,KANCHIPURAM
Rajajinagar (Kanchipuram),600043,KANCHIPURAM
Rajakilpakkam,600073,KANCHIPURAM
Rajakulam,631561,KANCHIPURAM
Ramapuram,603201,KANCHIPURAM
Ramapuram (Kanchipuram),600089,KANCHIPURAM
Reactor Research Centre,603102,KANCHIPURAM
Reddipalayam,603101,KANCHIPURAM
Salavakkam,603107,KANCHIPURAM
Salur,603405,KANCHIPURAM
Sankaramutt,631502,KANCHIPURAM
Sathanjeri,603106,KANCHIPURAM
Sathyabama University,600119,KANCHIPURAM
Seekanankuppam,603305,KANCHIPURAM
Seethananjeri,603106,KANCHIPURAM
Seethapuram,603301,KANCHIPURAM
Seevadi,603312,KANCHIPURAM
Selaiyur,600073,KANCHIPURAM
Sembakkam,603108,KANCHIPURAM
Sembulipuram,603304,KANCHIPURAM
Sendamangalam,602106,KANCHIPURAM
Sendivakkam,603319,KANCHIPURAM
Senguntharpettai,603306,KANCHIPURAM
Senneri,603108,KANCHIPURAM
Serkadu,631605,KANCHIPURAM
Serpananchery,601301,KANCHIPURAM
Sevilimedu,631502,KANCHIPURAM
Sholinganallur,600119,KANCHIPURAM
Singadivakkam,631561,KANCHIPURAM
Singaperumalkoil,603204,KANCHIPURAM
Sinnivakkam,631604,KANCHIPURAM
Sirudamur,603307,KANCHIPURAM
Sirudavur,603105,KANCHIPURAM
Sirukalathur,600069,KANCHIPURAM
Sirukaveripakkam,631502,KANCHIPURAM
Sirumailur,603310,KANCHIPURAM
Sirunagalur,603319,KANCHIPURAM
Sirunagar,603310,KANCHIPURAM
Sirungoli,603406,KANCHIPURAM
Sirunkundram,603108,KANCHIPURAM
Siruvakkam,631552,KANCHIPURAM
Siruvallur,631552,KANCHIPURAM
Sithalapakkam,600126,KANCHIPURAM
Sogandi,603405,KANCHIPURAM
Somangalam,600069,KANCHIPURAM
South Malayambakkam,600069,KANCHIPURAM
Srinivasanagar (Kanchipuram),600063,KANCHIPURAM
Srinivasanagar East,600063,KANCHIPURAM
Sriperumbudur,602105,KANCHIPURAM
Sriramachandra Deemed Uty,600116,KANCHIPURAM
St.Thomas Mount,600016,KANCHIPURAM
State Bank Colony,600059,KANCHIPURAM
Sundaram Colony,600059,KANCHIPURAM
Sunguvarchatram,602106,KANCHIPURAM
Suradimangalam,603102,KANCHIPURAM
Tambaram,600045,KANCHIPURAM
Tambaram East,600059,KANCHIPURAM
Tambaram IAF,600046,KANCHIPURAM
Tambaram Sanatorium,600047,KANCHIPURAM
Tambaram West,600045,KANCHIPURAM
Thaiyur,603103,KANCHIPURAM
Thammanur,631605,KANCHIPURAM
Thandalam,600128,KANCHIPURAM
Thandalam,602105,KANCHIPURAM
Thandarai,603403,KANCHIPURAM
Thatchur,603306,KANCHIPURAM
Thathalur,603109,KANCHIPURAM
Thazambur,600130,KANCHIPURAM
Thenambakkam,631601,KANCHIPURAM
Thenneri,631604,KANCHIPURAM
Thimamsamudram,631502,KANCHIPURAM
Thimmarajampettai,631601,KANCHIPURAM
Thimmavaram,603101,KANCHIPURAM
Thirumukkudal,631606,KANCHIPURAM
Thiruvidanthai,603112,KANCHIPURAM
Thoopul,631501,KANCHIPURAM
Thozhupedu,603310,KANCHIPURAM
Tirukachinambi Street,631501,KANCHIPURAM
Tirukalikundram,603109,KANCHIPURAM
Tirukalikundram Bazaar,603109,KANCHIPURAM
Tirukatchur,603204,KANCHIPURAM
Tirumani,603111,KANCHIPURAM
Tirumudivakkam,600044,KANCHIPURAM
Tiruneermalai,600044,KANCHIPURAM
Tirupandiyur,602108,KANCHIPURAM
Tiruporur,603110,KANCHIPURAM
Tirupulivanam,603406,KANCHIPURAM
Tirusulam,600043,KANCHIPURAM
Tiruvadisoolam,603003,KANCHIPURAM
Tiruvadur,603312,KANCHIPURAM
Tiruvanaikoil,603106,KANCHIPURAM
Tittalam,603406,KANCHIPURAM
Ullavur,631606,KANCHIPURAM
Unamalai,603306,KANCHIPURAM
Urapakkam,603210,KANCHIPURAM
Uttiramerur,603406,KANCHIPURAM
Uttukadu,631605,KANCHIPURAM
Vadakadambadi,603104,KANCHIPURAM
Vadakkupattu,603204,KANCHIPURAM
Vadamanipakkam,603307,KANCHIPURAM
Vadanallur,603406,KANCHIPURAM
Vaiyavur,631561,KANCHIPURAM
Valarpuram,602105,KANCHIPURAM
Valathodu,603107,KANCHIPURAM
Valathur,631553,KANCHIPURAM
Vallam,603003,KANCHIPURAM
Vallipuram,603405,KANCHIPURAM
Vandalur,600048,KANCHIPURAM
Vannianallur,603401,KANCHIPURAM
Vanniarpettai,603306,KANCHIPURAM
Varanavasi,631604,KANCHIPURAM
Vayalakkavur,631603,KANCHIPURAM
Vayalur,602105,KANCHIPURAM
Vayalur,603102,KANCHIPURAM
Vazhuvadur,603102,KANCHIPURAM
Vedal,631561,KANCHIPURAM
Vedal,603304,KANCHIPURAM
Vedanthangal,603314,KANCHIPURAM
Vedavakkam,603303,KANCHIPURAM
Veeranakunnam,603306,KANCHIPURAM
Veerapuram,603109,KANCHIPURAM
Veliyur,631502,KANCHIPURAM
Vellaputhur,603314,KANCHIPURAM
Velur,603401,KANCHIPURAM
Venbedu,603110,KANCHIPURAM
Vengapakkam,603102,KANCHIPURAM
Venkatapuram,603204,KANCHIPURAM
Venpakkam,603111,KANCHIPURAM
Vepancheri,603305,KANCHIPURAM
Vilambur,603304,KANCHIPURAM
Vilanganur,603313,KANCHIPURAM
Villiambakkam,603101,KANCHIPURAM
Vitchur,603106,KANCHIPURAM
Vittalapuram,603102,KANCHIPURAM
Walajabad,631605,KANCHIPURAM
Zamin Budur,603302,KANCHIPURAM
Zamin Endathur,603311,KANCHIPURAM
Zamin Paiyanur,603104,KANCHIPURAM
Adaikkakuzhi,629153,KANYAKUMARI
Agasteeswaram,629701,KANYAKUMARI
Alagiamandapam,629167,KANYAKUMARI
Alampara,629170,KANYAKUMARI
Alanchi,629159,KANYAKUMARI
Alancholai,629101,KANYAKUMARI
Alancode,629802,KANYAKUMARI
Aloor,629801,KANYAKUMARI
Ammandivilai,629204,KANYAKUMARI
Anandanadarkudy,629201,KANYAKUMARI
Andirapuram,629851,KANYAKUMARI
Anducode,629168,KANYAKUMARI
Anjugramam,629401,KANYAKUMARI
Aralvaymoli,629301,KANYAKUMARI
Arukani,629101,KANYAKUMARI
Arumanai,629151,KANYAKUMARI
Arumanallur,629851,KANYAKUMARI
Aruvikkarai,629177,KANYAKUMARI
Asaripallam,629201,KANYAKUMARI
Asiramam,629704,KANYAKUMARI
Attur,629177,KANYAKUMARI
Azhakamparai,629252,KANYAKUMARI
Azhakappapuram,629401,KANYAKUMARI
Azhakiapandipuram,629851,KANYAKUMARI
Azhikkal,629202,KANYAKUMARI
Bethelpuram,629803,KANYAKUMARI
Bhoothapandy,629852,KANYAKUMARI
Catherin Booth Hospital,629001,KANYAKUMARI
Chathancode,629153,KANYAKUMARI
Chemparuthivilai,629166,KANYAKUMARI
Chemponvilai,629804,KANYAKUMARI
Chenbagaramanputhur,629301,KANYAKUMARI
Chenkody,629177,KANYAKUMARI
Cherupallur,629161,KANYAKUMARI
Cheruvallur,629152,KANYAKUMARI
Chitharal,629151,KANYAKUMARI
Chittardam Colony,629161,KANYAKUMARI
Chunkankadai,629003,KANYAKUMARI
Colachel,629251,KANYAKUMARI
Colachel Port,629251,KANYAKUMARI
Derisanamcope,629851,KANYAKUMARI
Devakulam,629704,KANYAKUMARI
Eathamozhi,629501,KANYAKUMARI
Edalakudy,629002,KANYAKUMARI
Elavuvilai,629171,KANYAKUMARI
Enayam,629193,KANYAKUMARI
Enayamputhenthurai,629193,KANYAKUMARI
Erachakulam,629901,KANYAKUMARI
Eravipudurkadai,629158,KANYAKUMARI
Eraviputhur,629402,KANYAKUMARI
Erumbukadu,629004,KANYAKUMARI
Fathima Nagar,629160,KANYAKUMARI
Friday Market,629203,KANYAKUMARI
Ganapathipuram,629502,KANYAKUMARI
Gnaramvilai,629165,KANYAKUMARI
Idaikkode,629152,KANYAKUMARI
Ilanchirai,629152,KANYAKUMARI
Irenipuram,629162,KANYAKUMARI
Irulappapuram,629002,KANYAKUMARI
Isanthimangalam,629852,KANYAKUMARI
James Town,629401,KANYAKUMARI
Kadiyapattanam,629252,KANYAKUMARI
Kadukkarai,629401,KANYAKUMARI
Kaliakkavilai,629153,KANYAKUMARI
Kaliyal,629101,KANYAKUMARI
Kallankuzhi,629166,KANYAKUMARI
Kallukoottam,629802,KANYAKUMARI
Kalpadi,629204,KANYAKUMARI
Kandanvilai,629810,KANYAKUMARI
Kaniyakulam,629003,KANYAKUMARI
Kanjampuram,629154,KANYAKUMARI
Kanjikuzhi,629169,KANYAKUMARI
Kanjiracode,629155,KANYAKUMARI
Kannanore,629158,KANYAKUMARI
Kannattuvilai,629802,KANYAKUMARI
Kanniyakumari,629702,KANYAKUMARI
Kannumamoodu,629170,KANYAKUMARI
Kappiyarai,629156,KANYAKUMARI
Kappukadu,629162,KANYAKUMARI
Karankad,629809,KANYAKUMARI
Karinkal,629157,KANYAKUMARI
Karod,629151,KANYAKUMARI
Kattathurai,629158,KANYAKUMARI
Kattimancode,629801,KANYAKUMARI
Keeriparai,629401,KANYAKUMARI
Keezhkulam,629193,KANYAKUMARI
Keralapuram,629174,KANYAKUMARI
Kesavanputhenthurai,629501,KANYAKUMARI
Killiyoor,629171,KANYAKUMARI
Kirathur,629160,KANYAKUMARI
Kodayarkilthangal,629102,KANYAKUMARI
Kodimunai,629251,KANYAKUMARI
Kollangodu,629160,KANYAKUMARI
Konamkadu,629803,KANYAKUMARI
Kottar,629002,KANYAKUMARI
Kottaram,629703,KANYAKUMARI
Kovalam,629702,KANYAKUMARI
Kozhiporvilai,629167,KANYAKUMARI
Krishnancoil,629001,KANYAKUMARI
Kulapuram,629153,KANYAKUMARI
Kulasekharam,629161,KANYAKUMARI
Kulasekharapuram,629403,KANYAKUMARI
Kumaracoil,629180,KANYAKUMARI
Kumarapuram,629164,KANYAKUMARI
Kumarapuram,629301,KANYAKUMARI
Kumarapuramthoppur,629402,KANYAKUMARI
Kurumpanai,629251,KANYAKUMARI
Kurunthencode,629802,KANYAKUMARI
Kuzhicode,629167,KANYAKUMARI
Kuzhithurai,629163,KANYAKUMARI
Kuzhithurai West,629163,KANYAKUMARI
Leepuram,629702,KANYAKUMARI
Lekshmipuram,629802,KANYAKUMARI
Madathattuvilai,629180,KANYAKUMARI
Madavalayam,629302,KANYAKUMARI
Madichel,629163,KANYAKUMARI
Mahadanapuram,629702,KANYAKUMARI
Malamary,629152,KANYAKUMARI
Malayadi,629153,KANYAKUMARI
Manakarai,629180,KANYAKUMARI
Manalikarai,629164,KANYAKUMARI
Manalodai,629161,KANYAKUMARI
Manavalakurichi,629252,KANYAKUMARI
Mancode,629152,KANYAKUMARI
Mangalakunnu,629178,KANYAKUMARI
Mangarai,629157,KANYAKUMARI
Mangavilai,629501,KANYAKUMARI
Maniankuzhi,629161,KANYAKUMARI
Manivilai,629170,KANYAKUMARI
Manjalumoodu,629151,KANYAKUMARI
Maramalai,629851,KANYAKUMARI
Maravankudiyiruppu,629002,KANYAKUMARI
Marthandam,629165,KANYAKUMARI
Marthandam Bridge,629165,KANYAKUMARI
Marthandam North,629165,KANYAKUMARI
Marthandamthurai,629160,KANYAKUMARI
Marungoor,629402,KANYAKUMARI
Maruthemparai,629101,KANYAKUMARI
Maruthencode,629163,KANYAKUMARI
Maruthurkurichi,629158,KANYAKUMARI
Mathiasnagar,629852,KANYAKUMARI
Mayiladi,629403,KANYAKUMARI
Meenachel,629153,KANYAKUMARI
Mekkamandapam,629166,KANYAKUMARI
Mekkode,629804,KANYAKUMARI
Melakrishnanputhur,629601,KANYAKUMARI
Melamanakudy,629602,KANYAKUMARI
Meppalai,629152,KANYAKUMARI
Methukummal,629172,KANYAKUMARI
Mettukadai,629175,KANYAKUMARI
Mondaikad,629252,KANYAKUMARI
Monikettipottal,629501,KANYAKUMARI
Moovattumugham,629177,KANYAKUMARI
Mukkampala,629164,KANYAKUMARI
Mulachel,629175,KANYAKUMARI
Mulagumoodu,629167,KANYAKUMARI
Mulankuzhi,629162,KANYAKUMARI
Mullanginavilai,629157,KANYAKUMARI
Munchirai,629171,KANYAKUMARI
Muttom,629202,KANYAKUMARI
Nagercoil,629001,KANYAKUMARI
Nagercoil Bazaar,629001,KANYAKUMARI
Nagercoil Collectorate,629001,KANYAKUMARI
Nagercoil Industrial Estate,629004,KANYAKUMARI
Nagercoil Town,629001,KANYAKUMARI
Nagercoil West,629001,KANYAKUMARI
Nallur,629704,KANYAKUMARI
Nallur-marthandam,629165,KANYAKUMARI
Nattalam,629165,KANYAKUMARI
Nesamony Nagar,629001,KANYAKUMARI
Netta,629101,KANYAKUMARI
Neyyoor,629802,KANYAKUMARI
Neyyoor West,629803,KANYAKUMARI
Nithiravilai,629154,KANYAKUMARI
North Soorankudy,629501,KANYAKUMARI
Oluganacheri,629001,KANYAKUMARI
Pacode,629168,KANYAKUMARI
Padanthalumoodu,629163,KANYAKUMARI
Padmanabhapuram Fort,629175,KANYAKUMARI
Painkulam,629173,KANYAKUMARI
Palapalam,629159,KANYAKUMARI
Palavilai,629160,KANYAKUMARI
Palkulam,629851,KANYAKUMARI
Pallam,629601,KANYAKUMARI
Palliyadi,629169,KANYAKUMARI
Palukal,629170,KANYAKUMARI
Parakkai,629601,KANYAKUMARI
Parvathipuram,629003,KANYAKUMARI
Pathukani,629101,KANYAKUMARI
Pazhavilai,629501,KANYAKUMARI
Pechchipparai,629161,KANYAKUMARI
Peruvilai,629003,KANYAKUMARI
Peyankuzhi,629809,KANYAKUMARI
Ponmanai,629161,KANYAKUMARI
Poothurai,629176,KANYAKUMARI
Potraiyadi,629703,KANYAKUMARI
Pottakulam,629401,KANYAKUMARI
Pottetty,629157,KANYAKUMARI
Pozhikkarai,629501,KANYAKUMARI
Pudukadai,629171,KANYAKUMARI
Puliyurkurichi,629175,KANYAKUMARI
Puthalam,629602,KANYAKUMARI
Puthenthurai,629501,KANYAKUMARI
Putheri,629001,KANYAKUMARI
Rajakkamangalam,629502,KANYAKUMARI
Rajakkamangalamthurai,629501,KANYAKUMARI
Ramanthurai,629193,KANYAKUMARI
Ramapuram,629302,KANYAKUMARI
Ramavarmanchirai,629152,KANYAKUMARI
Ratnapuram,629851,KANYAKUMARI
Ritapuram,629159,KANYAKUMARI
S.T.Mankad,629172,KANYAKUMARI
Sahayanagar,629159,KANYAKUMARI
Santhaiyadi,629703,KANYAKUMARI
Santhapuram,629201,KANYAKUMARI
Saral Agasteeswaram,629203,KANYAKUMARI
Sasthankcoilvilai,629704,KANYAKUMARI
Sooriacode,629153,KANYAKUMARI
South Soorankudy,629501,KANYAKUMARI
Suchindrum,629704,KANYAKUMARI
Terur,629704,KANYAKUMARI
Thadikarankonam,629851,KANYAKUMARI
Thalakulam,629802,KANYAKUMARI
Thamaraikulam,629704,KANYAKUMARI
Thazhakudy,629901,KANYAKUMARI
Thengamputhur,629602,KANYAKUMARI
Thengapattanam,629173,KANYAKUMARI
Therekalpudur,629901,KANYAKUMARI
Therku Thamaraikulam,629701,KANYAKUMARI
Theruvukadai,629157,KANYAKUMARI
Thickanamcode,629804,KANYAKUMARI
Thickurichy,629168,KANYAKUMARI
Thirupathisaram,629901,KANYAKUMARI
Thiruthuvapuram,629163,KANYAKUMARI
Thiruvarambu,629161,KANYAKUMARI
Thiruvithancode,629174,KANYAKUMARI
Tholayavattai,629157,KANYAKUMARI
Thovalai,629302,KANYAKUMARI
Thuckalay,629175,KANYAKUMARI
Thumbode,629161,KANYAKUMARI
Thuthur,629176,KANYAKUMARI
Tiruparappu,629161,KANYAKUMARI
Tiruvattar,629177,KANYAKUMARI
Tittivilai,629852,KANYAKUMARI
Udayamarthandam,629178,KANYAKUMARI
Unnamalakada,629179,KANYAKUMARI
Urambu,629160,KANYAKUMARI
Vadasery,629001,KANYAKUMARI
Vadiveeswaram,629001,KANYAKUMARI
Vallavilai,629160,KANYAKUMARI
Vaniyakudi,629251,KANYAKUMARI
Vanniyur,629163,KANYAKUMARI
Variyoor,629401,KANYAKUMARI
Vazhukkamparai,629704,KANYAKUMARI
Veeyannur,629177,KANYAKUMARI
Velimalai,629164,KANYAKUMARI
Vellachiparai,629152,KANYAKUMARI
Vellamadam,629302,KANYAKUMARI
Vembanur,629801,KANYAKUMARI
Vencode,629171,KANYAKUMARI
Vendalicode,629161,KANYAKUMARI
Verkilambi,629166,KANYAKUMARI
Vetturnimadam,629003,KANYAKUMARI
Villukuri,629180,KANYAKUMARI
Viricode,629165,KANYAKUMARI
Vivekanandapuram,629702,KANYAKUMARI
Vizhunthaiyambalam,629173,KANYAKUMARI
A.Meenakshivalasu,639207,KARUR
Adhanur,621311,KARUR
Alamarathupatti,639207,KARUR
Alathur (Kulittalai),621313,KARUR
Ammapatti,639203,KARUR
Andankoil,639008,KARUR
Appipalayam,639003,KARUR
Aravakurichi,639201,KARUR
Ariyur,639111,KARUR
Athipalayam,639111,KARUR
Athur,639008,KARUR
Chellandipatti,639118,KARUR
Chinnadharapuram,639202,KARUR
Chinnakariyampatti,639201,KARUR
Chinnamookkanankuppam,639118,KARUR
Chinnampatti,621311,KARUR
Chinnavangalampalayam,639206,KARUR
Chinniyampalayam,639120,KARUR
Chinthalavadi,639105,KARUR
Chinthamanipatti,621301,KARUR
D.Idayapatti,621311,KARUR
Dalavapalayam,639113,KARUR
East Thavittupalayam,639113,KARUR
Elavanur,639202,KARUR
Emur,639007,KARUR
Gandhigramam,639004,KARUR
Ganesapuram,639107,KARUR
Gudalur,639206,KARUR
Hiranyamangalam,639107,KARUR
Innungur,639110,KARUR
Inunganur,639205,KARUR
Isanatham,639203,KARUR
Jegadabi,639118,KARUR
K.Pitchampatti,639118,KARUR
K.Pudupatti,639105,KARUR
Kadambankurichi,639113,KARUR
Kadaparai,639006,KARUR
Kadavur,621311,KARUR
Kagtithapuram,639136,KARUR
Kakkavadi,639003,KARUR
Kalaiyapatti,621301,KARUR
Kalladai,621313,KARUR
Kallai,639110,KARUR
Kanakkuvelampatti,639201,KARUR
Kaniyalampatti,621301,KARUR
Karudayampalayam,639111,KARUR
Karunellivalasu,639206,KARUR
Karuppapillaipudur,639205,KARUR
Karuppathur,639105,KARUR
Karuppur,639108,KARUR
Karur,639001,KARUR
Karur Collectorate,639007,KARUR
Karur West,639001,KARUR
Karuveppanaikenpettai,639105,KARUR
Karvazhi,638151,KARUR
Kathalapatti,639007,KARUR
Kattalai,639108,KARUR
Kattumunnur,639111,KARUR
Kavalkaranpatti,621313,KARUR
Kazhugur,639120,KARUR
Keelaveliyur,621313,KARUR
Keeranur,639119,KARUR
Kilasakkarakottai,621301,KARUR
Kodangipatti,639005,KARUR
Kodanthur,639206,KARUR
Koonampatti,639206,KARUR
Kosur,639120,KARUR
Kottapatti,639205,KARUR
Kovakulam,639102,KARUR
Kovilur,639207,KARUR
Koyampalli,639114,KARUR
Krishnarayapuram,639102,KARUR
Kulittalai,639104,KARUR
Kulittalai Bazaar,639104,KARUR
Kulittalai Periyapalam,639104,KARUR
Kunnagoundanpatti,639120,KARUR
Kuppachipalayam,639116,KARUR
Kuppachipatti,639120,KARUR
Kuppam,639111,KARUR
Kuppureddipatti,639105,KARUR
Kurichi,639110,KARUR
Kurikkaranvalasu,639205,KARUR
Kurinikulathupatti,621301,KARUR
L.N.Samudram,639008,KARUR
Lalapet,639105,KARUR
Lingamanaickenpatti,639207,KARUR
Mahadhanapuram,639102,KARUR
Malaikovil,639206,KARUR
Manathattai,639104,KARUR
Manavadi,639005,KARUR
Manavasi,639108,KARUR
Manickapuram,639102,KARUR
Manjanaickenpatti,621301,KARUR
Manjapulipatti,621301,KARUR
Manmangalam,639006,KARUR
Marudur,639107,KARUR
Mathagiri,621313,KARUR
Mavathur,621311,KARUR
Mayanur,639108,KARUR
Melapalayam,639114,KARUR
Mettumahadhanapuram,639105,KARUR
Mettumarudur,639107,KARUR
Minnampalli,639116,KARUR
Modakkur,639207,KARUR
Monjanur,639206,KARUR
Mookanankurichi,639005,KARUR
Moolapatti,639109,KARUR
Moolimangalam,639136,KARUR
Mudiganam,639002,KARUR
Munayanur,639102,KARUR
Munnur,639111,KARUR
Mushtakinathupatti,639118,KARUR
Muthanampalayam,639206,KARUR
Muthurengampatti,639119,KARUR
Mylampatti,621301,KARUR
Nachalur,639110,KARUR
Nadanthai North,639111,KARUR
Nadayanur,639117,KARUR
Nagampalli,639109,KARUR
Naganur,639120,KARUR
Nallur,639110,KARUR
Nambagoundanur,639201,KARUR
Nanjaikalakurichi,639201,KARUR
Nanjaipugalur,639113,KARUR
Nanniyur,639113,KARUR
Nedungur,639111,KARUR
Neidalur,639110,KARUR
Neidalur South,639110,KARUR
Nerur,639004,KARUR
Noyyal,639117,KARUR
Nungavaram,639110,KARUR
P.Udayapatti,639119,KARUR
Padiripatti,621306,KARUR
Paganatham,639005,KARUR
Palaiyur,639004,KARUR
Palaviduthi,621311,KARUR
Palayajeyankondam,639102,KARUR
Pallamarudapatti,639002,KARUR
Pallapalayam,639002,KARUR
Pallapatti (Karur),639205,KARUR
Pallapatti Bazaar,639207,KARUR
Panickampatti,639107,KARUR
Panjamadevi,639004,KARUR
Panjapatti,639119,KARUR
Pappakkapatti,639119,KARUR
Pappanaickenpatti,639205,KARUR
Parali,639107,KARUR
Paramathi (Karur),639111,KARUR
Pasupathipalayam,639004,KARUR
Pavithram,639002,KARUR
Perityamanjuveli,639207,KARUR
Periyamathiagudalur,639202,KARUR
Periyathirumangalam,639206,KARUR
Pethachinagar,639203,KARUR
Ponnagoundanur,639207,KARUR
Poolampalayam,639008,KARUR
Porani,639118,KARUR
Porundalur,621313,KARUR
Potharavuthanpatti,639119,KARUR
Poyyamani,639110,KARUR
Pugalur Sugar Factory,639113,KARUR
Puliyur,639114,KARUR
Puliyur Cement Factory,639114,KARUR
Punavasipatti,639105,KARUR
Pungambadi,639201,KARUR
Punjaikalakurichi,639201,KARUR
Punjaipugalur,639113,KARUR
Punjaithottakurichi,639113,KARUR
Punnam,639136,KARUR
Punnamchatram,639136,KARUR
Puthambur,639003,KARUR
Puthur,621313,KARUR
Rachandarthirumalai,621313,KARUR
Rajapuram,639201,KARUR
Rakkampatti,639120,KARUR
Ramakrishnapuram,639001,KARUR
Rengachipatti,639110,KARUR
Rengamalaipudupatti,639205,KARUR
Renganathampettai,639004,KARUR
Renganathapuram,639108,KARUR
Rengapalayam,639202,KARUR
S.Vellalapatti,639004,KARUR
Sandapadi,639207,KARUR
Sathiyamangalam,639120,KARUR
Savarimedu,639110,KARUR
Sellivalasu,639205,KARUR
Semangi,639117,KARUR
Sembianatham,621311,KARUR
Senapiratti,639004,KARUR
Sendamangalam,639205,KARUR
Sengal,639102,KARUR
Sengunthapuram,639002,KARUR
Servaikaranpatti,621315,KARUR
Sevapur,621311,KARUR
Singampatti,621311,KARUR
Sivayam,639120,KARUR
Somur,639114,KARUR
Sukkaliyur,639003,KARUR
Tennilai,639206,KARUR
Thalapatti,639003,KARUR
Thaliyampatti,639120,KARUR
Thannirpalli,639107,KARUR
Thanthonimalai,639005,KARUR
Tharagampatti,621311,KARUR
Thogaimalai,621313,KARUR
Thokkupattipudur,639202,KARUR
Thondamanginam,621313,KARUR
Thoranakkalpatti,639003,KARUR
Thukkachi,638151,KARUR
Thumbivadi,639002,KARUR
Timmachipuram,639105,KARUR
Tirukkampuliyur,639102,KARUR
Tirumanilaiyur,639003,KARUR
Uppidamangalam,639114,KARUR
Uttupatti,639202,KARUR
Vadaseri,621313,KARUR
Vadiyam,639105,KARUR
Vaiganallur,639120,KARUR
Valayalkaranpudur,639108,KARUR
Vangal,639116,KARUR
Vangal East,639116,KARUR
Varavanai,621301,KARUR
Varikkapatti,639109,KARUR
Vayalur,639119,KARUR
Vedichipalayam,639114,KARUR
Veeranampatti,621301,KARUR
Veerarakkiam,639114,KARUR
Veeriyapalayam,639119,KARUR
Velampadi,639205,KARUR
Velanchettiyur,639207,KARUR
Velayuthampalayam,639117,KARUR
Vellapatti Zamin,639119,KARUR
Velliyanai,639118,KARUR
Vengamedu,639006,KARUR
Venjamangudalur,639109,KARUR
Vennamalai,639006,KARUR
Verisinampatti,639207,KARUR
Vettamangalam,639117,KARUR
Viswanathapuri,639002,KARUR
West Orathai,639113,KARUR
Zamin Athur,639203,KARUR
A.Settipalli,635105,KRISHNAGIRI
Achamangalam,635108,KRISHNAGIRI
Achettipalli,635110,KRISHNAGIRI
Achubala,635118,KRISHNAGIRI
Agalakotta,635118,KRISHNAGIRI
Agaram,635204,KRISHNAGIRI
Agaram,635119,KRISHNAGIRI
Agaramittikkal,635122,KRISHNAGIRI
Agraharam,635002,KRISHNAGIRI
Aikondamkothapalli,635203,KRISHNAGIRI
Alapatti,635122,KRISHNAGIRI
Amballi,635104,KRISHNAGIRI
Anakode,635206,KRISHNAGIRI
Anandur,635304,KRISHNAGIRI
Anchetty,635102,KRISHNAGIRI
Anchoor,635203,KRISHNAGIRI
Anderipatti,635306,KRISHNAGIRI
Andevanapalli,635107,KRISHNAGIRI
Andiyur,635307,KRISHNAGIRI
Angampatti,635206,KRISHNAGIRI
Ankinayanapalli,635104,KRISHNAGIRI
Anniyalam,635107,KRISHNAGIRI
Arasakuppam,635107,KRISHNAGIRI
Athiganur,635203,KRISHNAGIRI
Athimugam,635105,KRISHNAGIRI
Athipadi,635307,KRISHNAGIRI
Avalapalli,635109,KRISHNAGIRI
Avathavadi,635204,KRISHNAGIRI
Badapalli,635306,KRISHNAGIRI
Bagalur (Krishnagiri),635103,KRISHNAGIRI
Bairamangalam,635113,KRISHNAGIRI
Balanapalli,635121,KRISHNAGIRI
Balanayanapalli,635108,KRISHNAGIRI
Balathottanapalli,635107,KRISHNAGIRI
Baleguli,635204,KRISHNAGIRI
Balethottam,635206,KRISHNAGIRI
Baliganapalli,635103,KRISHNAGIRI
Baliganur,635116,KRISHNAGIRI
Bandarahalli,635123,KRISHNAGIRI
Bandaseemanur,635104,KRISHNAGIRI
Bannihalli,635106,KRISHNAGIRI
Barugur,635104,KRISHNAGIRI
Basthi,635109,KRISHNAGIRI
Batlapalli,635104,KRISHNAGIRI
Beerpalli,635115,KRISHNAGIRI
Begepalli,635126,KRISHNAGIRI
Belalam,635118,KRISHNAGIRI
Belathur,635124,KRISHNAGIRI
Belavarthi,635120,KRISHNAGIRI
Bellarampalli,635122,KRISHNAGIRI
Bennangur,635107,KRISHNAGIRI
Berigai,635105,KRISHNAGIRI
Bikkanapalli,635115,KRISHNAGIRI
Bikkanapalli,635107,KRISHNAGIRI
Billanakuppam,635115,KRISHNAGIRI
Bimandapalli,635115,KRISHNAGIRI
Binnamangalam,635118,KRISHNAGIRI
Bodichipalli,635113,KRISHNAGIRI
Bommathathanur,635113,KRISHNAGIRI
Bukkasagaram,635109,KRISHNAGIRI
Chaparthi,635106,KRISHNAGIRI
Chappadi,635117,KRISHNAGIRI
Chembarasanapalli,635117,KRISHNAGIRI
Chennapalli,635117,KRISHNAGIRI
Chennasandiram,635121,KRISHNAGIRI
Chennathur,635109,KRISHNAGIRI
Chigaralapalli,635104,KRISHNAGIRI
Chigaramaganapalli,635121,KRISHNAGIRI
Chinnamattarapalli,635120,KRISHNAGIRI
Chinnappareddypalayam,635114,KRISHNAGIRI
Chintagampalli,635104,KRISHNAGIRI
Chowtahalli,635112,KRISHNAGIRI
Damodarahalli,635123,KRISHNAGIRI
Dasiripalli,635121,KRISHNAGIRI
Denkanikotta,635107,KRISHNAGIRI
Devaganapalli,635114,KRISHNAGIRI
Devarulimangalam,635107,KRISHNAGIRI
Deveerahalli,635123,KRISHNAGIRI
Deveerapalli,635103,KRISHNAGIRI
Dindal,635111,KRISHNAGIRI
Doddabelur,635113,KRISHNAGIRI
Doddamanchi,635102,KRISHNAGIRI
Doddampat R.S.,635304,KRISHNAGIRI
Doddapoovathi,635122,KRISHNAGIRI
Doddathimmanahalli,635116,KRISHNAGIRI
Doddaubbanur,635118,KRISHNAGIRI
Doripalli,635109,KRISHNAGIRI
Dowlatabad,635001,KRISHNAGIRI
Eggur,635307,KRISHNAGIRI
Elathagiri,635108,KRISHNAGIRI
Emakkalnatham,635104,KRISHNAGIRI
Ennegolpudur,635122,KRISHNAGIRI
Enusonai,635117,KRISHNAGIRI
Errasigalahalli,635106,KRISHNAGIRI
Erudukotta,635107,KRISHNAGIRI
Ettipatti,635306,KRISHNAGIRI
Gangaleri,635122,KRISHNAGIRI
Gangojikothur,635121,KRISHNAGIRI
Gendiganapalli,635107,KRISHNAGIRI
Gopanapalli,635110,KRISHNAGIRI
Govindapuram,635307,KRISHNAGIRI
Gudisadanapalli,635105,KRISHNAGIRI
Gummalapuram,635118,KRISHNAGIRI
Gummanur,635116,KRISHNAGIRI
Gundalapatti,635101,KRISHNAGIRI
Guruvinayanapalli,635120,KRISHNAGIRI
Guttahalli,635107,KRISHNAGIRI
Haleseebam,635119,KRISHNAGIRI
Hosur (Dharmapuri),635109,KRISHNAGIRI
Hosur Cattle Farm,635110,KRISHNAGIRI
Hosur East,635109,KRISHNAGIRI
Hosur Indl. Complex,635126,KRISHNAGIRI
Iruthalam,635113,KRISHNAGIRI
Jagadab,635112,KRISHNAGIRI
Jagadevi,635203,KRISHNAGIRI
Jakkeri,635113,KRISHNAGIRI
Javalagiri,635118,KRISHNAGIRI
Kakkadasam,635107,KRISHNAGIRI
Kalarpathi,635203,KRISHNAGIRI
Kalingavaram,635117,KRISHNAGIRI
Kallavi,635304,KRISHNAGIRI
Kallukurukki,635002,KRISHNAGIRI
Kalvehalli,635101,KRISHNAGIRI
Kamandoddi,635109,KRISHNAGIRI
Kammampalli,635120,KRISHNAGIRI
Kanakamutulu,635002,KRISHNAGIRI
Kandikuppam,635108,KRISHNAGIRI
Kannandahalli,635203,KRISHNAGIRI
Karadiguri,635002,KRISHNAGIRI
Karaikodihalli,635111,KRISHNAGIRI
Karapattu,635207,KRISHNAGIRI
Karimangalam,635111,KRISHNAGIRI
Karupalli,635113,KRISHNAGIRI
Kathiripuram,635112,KRISHNAGIRI
Kattinayanapalli,635001,KRISHNAGIRI
Kavandanur,635203,KRISHNAGIRI
Kaveripattinam (Krishnagiri),635112,KRISHNAGIRI
Kaveripattinam Bazaar,635112,KRISHNAGIRI
Kelamangalam,635113,KRISHNAGIRI
Kethunaickenpatti,635307,KRISHNAGIRI
Kodamandapatti,635306,KRISHNAGIRI
Kodipalli,635115,KRISHNAGIRI
Kondappanayanapalli,635104,KRISHNAGIRI
Konegoundanur,635121,KRISHNAGIRI
Koneripalli,635117,KRISHNAGIRI
Koppakarai,635116,KRISHNAGIRI
Kothagondapalli,635109,KRISHNAGIRI
Kothalam,635106,KRISHNAGIRI
Kothapeta(Hosur),635109,KRISHNAGIRI
Kottaiyur,635102,KRISHNAGIRI
Kottur,635121,KRISHNAGIRI
Krishnagiri,635001,KRISHNAGIRI
Krishnagiri Collectorate,635115,KRISHNAGIRI
Krishnagiri Courts,635001,KRISHNAGIRI
Krishnagiri Indl. Estate,635002,KRISHNAGIRI
Krishnagiri Project,635101,KRISHNAGIRI
Kullampatti,635203,KRISHNAGIRI
Kumbalam,635117,KRISHNAGIRI
Kumudepalli,635109,KRISHNAGIRI
Kundukottai,635107,KRISHNAGIRI
Kundumaranapalli,635113,KRISHNAGIRI
Kunnathur,635306,KRISHNAGIRI
Kuriyanapalli,635121,KRISHNAGIRI
Kurubarahalli,635115,KRISHNAGIRI
Kurumpatti,635101,KRISHNAGIRI
M.Vellalapatti,635304,KRISHNAGIRI
Madepalli,635121,KRISHNAGIRI
Madepalli,635104,KRISHNAGIRI
Madrahalli,635203,KRISHNAGIRI
Maganurpatti,635307,KRISHNAGIRI
Mahadevagollahalli,635206,KRISHNAGIRI
Maharajakadai,635120,KRISHNAGIRI
Malaiyandahalli,635112,KRISHNAGIRI
Mallapadi,635104,KRISHNAGIRI
Mallinayanapalli,635120,KRISHNAGIRI
Manavaranapalli,635121,KRISHNAGIRI
Manchukondapalli,635102,KRISHNAGIRI
Mannadapatti,635207,KRISHNAGIRI
Maradanapalli,635107,KRISHNAGIRI
Marampatti,635207,KRISHNAGIRI
Marasandiram,635121,KRISHNAGIRI
Marichettihalli,635204,KRISHNAGIRI
Mariyalam,635102,KRISHNAGIRI
Marudepalli,635108,KRISHNAGIRI
Maruderi,635204,KRISHNAGIRI
Marupalli,635118,KRISHNAGIRI
Mathagondapalli,635114,KRISHNAGIRI
Mathur (Dharmapuri),635203,KRISHNAGIRI
Mekalachinnampalli,635120,KRISHNAGIRI
Mittahalli,635112,KRISHNAGIRI
Mittapalli,635307,KRISHNAGIRI
Mookandapalli,635126,KRISHNAGIRI
Moramadugu,635122,KRISHNAGIRI
Mottur,635207,KRISHNAGIRI
Mottur,635112,KRISHNAGIRI
Muduganapalli,635110,KRISHNAGIRI
Mudukurukki,635105,KRISHNAGIRI
Mugalur,635110,KRISHNAGIRI
Mukkulam,635111,KRISHNAGIRI
Muthali,635109,KRISHNAGIRI
Muthur,635114,KRISHNAGIRI
Nadupatti,635307,KRISHNAGIRI
Nadupatti,635203,KRISHNAGIRI
Nagamangalam,635113,KRISHNAGIRI
Nagarasampatti,635204,KRISHNAGIRI
Nagondapalli,635110,KRISHNAGIRI
Naickanur,635307,KRISHNAGIRI
Nakkalpatti,635203,KRISHNAGIRI
Nallore,635103,KRISHNAGIRI
Nallur,635121,KRISHNAGIRI
Nandimangalam,635105,KRISHNAGIRI
Naralapalli,635120,KRISHNAGIRI
Nedumaruthi,635115,KRISHNAGIRI
Nedungal,635112,KRISHNAGIRI
Neralagiri,635121,KRISHNAGIRI
Nochikuppam,635121,KRISHNAGIRI
Nochipatti,635207,KRISHNAGIRI
Noganur,635107,KRISHNAGIRI
Odayandahalli,635116,KRISHNAGIRI
Oddapatti,635203,KRISHNAGIRI
Onnalvadi,635109,KRISHNAGIRI
Oppadavadi,635104,KRISHNAGIRI
Orappam,635108,KRISHNAGIRI
Pachappanatti,635113,KRISHNAGIRI
Padiganalam,635107,KRISHNAGIRI
Paiyur,635112,KRISHNAGIRI
Panakamutulu,635106,KRISHNAGIRI
Panchakshipuram,635110,KRISHNAGIRI
Pannandur,635123,KRISHNAGIRI
Papparapatti,635123,KRISHNAGIRI
Parandapalli,635206,KRISHNAGIRI
Pathakota,635119,KRISHNAGIRI
Pavakkal,635307,KRISHNAGIRI
Peddabelagondapalli,635114,KRISHNAGIRI
Peddachigaralapalli,635117,KRISHNAGIRI
Peddamelupalli,635002,KRISHNAGIRI
Peddanapalli,635002,KRISHNAGIRI
Peddathalapalli,635002,KRISHNAGIRI
Penneswaramadam,635112,KRISHNAGIRI
Perandapalli,635109,KRISHNAGIRI
Periyakaradiyur,635206,KRISHNAGIRI
Periyakottakulam,635304,KRISHNAGIRI
Periyakottapalli,635002,KRISHNAGIRI
Periyathallapadi,635307,KRISHNAGIRI
Periyathallihalli,635112,KRISHNAGIRI
Perugopanapalli,635203,KRISHNAGIRI
Pochampalli (Krishnagiri),635206,KRISHNAGIRI
Pothapuram,635112,KRISHNAGIRI
Pothinayanapalli,635002,KRISHNAGIRI
Puliampatti,635206,KRISHNAGIRI
Ramapuram (Dharmapuri),635115,KRISHNAGIRI
Royakottah,635116,KRISHNAGIRI
Sadanapalli,635108,KRISHNAGIRI
Salamarathupatti,635304,KRISHNAGIRI
Salivaram,635107,KRISHNAGIRI
Samalpatti R.S,635306,KRISHNAGIRI
Samanapalli,635117,KRISHNAGIRI
Samanthamalai,635115,KRISHNAGIRI
Sandanapalli,635107,KRISHNAGIRI
Santhur,635206,KRISHNAGIRI
Saragapalli,635114,KRISHNAGIRI
Sarandapalli,635107,KRISHNAGIRI
Sembadamuthur,635122,KRISHNAGIRI
Senamavu,635119,KRISHNAGIRI
Seshurajapuram,635102,KRISHNAGIRI
Sevaganapalli,635103,KRISHNAGIRI
Shoolagiri,635117,KRISHNAGIRI
Shoolingunta,635118,KRISHNAGIRI
Singarapettai,635307,KRISHNAGIRI
Sivampatti,635203,KRISHNAGIRI
Sulakarai,635304,KRISHNAGIRI
Sundekuppam,635101,KRISHNAGIRI
Thadigal,635107,KRISHNAGIRI
Thagatti,635102,KRISHNAGIRI
Thally,635118,KRISHNAGIRI
Thally Kothanur,635118,KRISHNAGIRI
Thatrahalli,635123,KRISHNAGIRI
Thimmapuram,635112,KRISHNAGIRI
Thimmarayanahalli,635106,KRISHNAGIRI
Thippanapalli,635115,KRISHNAGIRI
Thogarapalli,635203,KRISHNAGIRI
Thorapalli Agraharam,635109,KRISHNAGIRI
Thummanapalli,635105,KRISHNAGIRI
Thuppuganapalli,635119,KRISHNAGIRI
Tiruvanapatti,635304,KRISHNAGIRI
Uddanapalli,635119,KRISHNAGIRI
Ullukurukki,635113,KRISHNAGIRI
Upparapatti,635207,KRISHNAGIRI
Urigam,635102,KRISHNAGIRI
Uttangarai,635207,KRISHNAGIRI
Vadamangalam,635123,KRISHNAGIRI
Valipatti,635306,KRISHNAGIRI
Varattanapalli,635120,KRISHNAGIRI
Velampatti,635204,KRISHNAGIRI
Venkatadampatti,635207,KRISHNAGIRI
Venkatasamudram,635104,KRISHNAGIRI
Venkatesapuram,635109,KRISHNAGIRI
Veppanapalli,635121,KRISHNAGIRI
Vilangamudi,635204,KRISHNAGIRI
Viramalai,635204,KRISHNAGIRI
Virupasandiram,635121,KRISHNAGIRI
Vellamalaipatti,625537,MADURAI
Vellaripatti,625122,MADURAI
Vellayampatti,625503,MADURAI
Veppampatti,625705,MADURAI
Veppanuthu,625529,MADURAI
Vidathakulam,625706,MADURAI
Vikramangalam,625207,MADURAI
Vilacheri,625006,MADURAI
Vilakkuthoon,625001,MADURAI
Vilangudi,625018,MADURAI
Villapuram,625012,MADURAI
Villur,625707,MADURAI
Viradhanur,625009,MADURAI
Viraganur,625009,MADURAI
Virattipathu,625016,MADURAI
Visalakshi Nagar,625018,MADURAI
Vowalthottam,625104,MADURAI
Yanaikkal,625001,MADURAI
Yelumalai,625535,MADURAI
Vagaikulam,625706,MADURAI
Vagurani,625532,MADURAI
Valaicheripatti,625103,MADURAI
Valandur,625532,MADURAI
Valasai,625501,MADURAI
Valayankulam,625022,MADURAI
Valayapatti,625022,MADURAI
Vandapuli,625705,MADURAI
Vandari,625705,MADURAI
Vandiyur,625020,MADURAI
Vanjinagaram,625101,MADURAI
Vannivelampatti,625702,MADURAI
Varichiyur,625020,MADURAI
Vavidaimaruthur,625501,MADURAI
Vayalur,625402,MADURAI
Veeraperumalpuram,625706,MADURAI
Velambur,625702,MADURAI
Velichanatham,625014,MADURAI
Vellakulam,625701,MADURAI
Vellalur,625109,MADURAI
Tirunagar,625006,MADURAI
Tiruppalai,625014,MADURAI
Tiruvadur,625110,MADURAI
Tiruvedagam,625234,MADURAI
Tiruvedagam West,625234,MADURAI
Town Hall Road,625001,MADURAI
Tvs Nagar,625003,MADURAI
Uranganpatti,625109,MADURAI
Urappanur,625706,MADURAI
Usilampatti,625532,MADURAI
Usilampatti Pettai,625532,MADURAI
Uthangudi,625107,MADURAI
Uthappanayakanur,625537,MADURAI
Uthapuram,625535,MADURAI
Vadakkampatti,625701,MADURAI
Vadapalanji,625021,MADURAI
Vadipatti,625218,MADURAI
Vadivelkarai,625019,MADURAI
Vadugapatti,625532,MADURAI
Vagaikulam,625017,MADURAI
Therkutheru,625122,MADURAI
Thiagarajar College,625009,MADURAI
Thiagarajar Engg College,625015,MADURAI
Thimmanatham,625537,MADURAI
Thiruparankundram,625005,MADURAI
Thiruvalavayanallur,625221,MADURAI
Thodaneri,625402,MADURAI
Thonthilingapuram,625103,MADURAI
Thoppur,625008,MADURAI
Thumbaipatti,625108,MADURAI
Thummagundu,625529,MADURAI
Thuvariman,625019,MADURAI
Tidiyan,625529,MADURAI
Tirali,625706,MADURAI
Tirumal,625022,MADURAI
Tirumalpuram,625014,MADURAI
Tirumangalam,625706,MADURAI
Tirumangalam South,625706,MADURAI
Tirumanickam,625535,MADURAI
Tirumoghur,625107,MADURAI
T.Kokkulam,625022,MADURAI
T.Krishnapuram,625705,MADURAI
T.Kunnathur,625708,MADURAI
T.Pudupatti,625704,MADURAI
T.Ramanathapuram,625535,MADURAI
T.Uchapatti,625529,MADURAI
T.Vellalapatti,625122,MADURAI
Tallakulam,625002,MADURAI
Tallakulam Housing Board Colon,625020,MADURAI
Tettur,625503,MADURAI
Thadayampatti,625535,MADURAI
Thanakkankulam,625006,MADURAI
Thangalacheri,625706,MADURAI
Thanichiyam,625221,MADURAI
Thaniyamangalam,625109,MADURAI
Thathaneri,625018,MADURAI
Thenkarai,625207,MADURAI
Thenpalanji,625021,MADURAI
Thenur,625402,MADURAI
Therkilamur,625110,MADURAI
Simmakkal,625001,MADURAI
Sindhupatti,625529,MADURAI
Siruvalai,625402,MADURAI
Sithalai,625706,MADURAI
Sithalangudi,625221,MADURAI
Sithireddipatti,625704,MADURAI
Sivanandanagar,625008,MADURAI
Sokkampatti,625103,MADURAI
Sokkikulam,625002,MADURAI
Solaipatti,625708,MADURAI
Solanguruni,625022,MADURAI
South Gate,625001,MADURAI
Sowdarpatti,625704,MADURAI
Ss Colony,625016,MADURAI
Subramaniapuram (Madurai),625011,MADURAI
Sulapuram,625535,MADURAI
Suragundu,625106,MADURAI
Surapatti,625103,MADURAI
Surveyor Colony,625007,MADURAI
T.Kallupatti,625702,MADURAI
Samayanallur,625402,MADURAI
Sandaiyur,625703,MADURAI
Saptur,625705,MADURAI
Saruguvalayapatti,625109,MADURAI
Sathangudi,625706,MADURAI
Sedapatti,625527,MADURAI
Seelnayakanpatti,625535,MADURAI
Sekkipatti,625101,MADURAI
Sellur (Madurai),625002,MADURAI
Sembarani,625527,MADURAI
Sendamangalam,625503,MADURAI
Sengapadai,625704,MADURAI
Sennagarampatti,625105,MADURAI
Sevarakottai,625706,MADURAI
Shanthi Nagar,625018,MADURAI
Sholavandan,625214,MADURAI
Sholavandan Bazaar,625214,MADURAI
Silaiman,625201,MADURAI
Silamalaipatti,625703,MADURAI
Silarpatti,625702,MADURAI
Postal Training Centre,625022,MADURAI
Pothampati,625532,MADURAI
Pottapatti,625103,MADURAI
Pudunagar,625706,MADURAI
Pudur Bazaar,625007,MADURAI
Pudusukkampatti,625106,MADURAI
Puduthamaraipatti,625107,MADURAI
Puliankulam,625201,MADURAI
Pulipatti,625301,MADURAI
Pulluthu,625019,MADURAI
Rajakkur,625107,MADURAI
Royapalayam,625706,MADURAI
Royapuram,625234,MADURAI
S.Kottaipatti,625527,MADURAI
S.N.College,625022,MADURAI
S.P.Natham,625706,MADURAI
Sakkarappanaickanur,625207,MADURAI
Sakkimangalam,625201,MADURAI
Sakkudi,625020,MADURAI
Samanatham,625009,MADURAI
Nariampatti,625207,MADURAI
Narimedu,625002,MADURAI
Narsingampatti,625122,MADURAI
Nattamangalam,625532,MADURAI
Nattarmangalam,625101,MADURAI
Navinipatti,625106,MADURAI
Nedungulam,625706,MADURAI
Nilaiyur,625005,MADURAI
Odaipatti,625701,MADURAI
Othakadai,625107,MADURAI
Othakoilpatti,625101,MADURAI
P.Thottiapatti,625703,MADURAI
Palaiyur,625705,MADURAI
Palamedu,625503,MADURAI
Palanganatham,625003,MADURAI
Palkalai Nagar,625021,MADURAI
Pallapatti,625103,MADURAI
Panaiyur,625009,MADURAI
Pandangudi,625103,MADURAI
Pandian Nagar,625006,MADURAI
Melakkal,625234,MADURAI
Melakottai,625706,MADURAI
Melanachikulam,625205,MADURAI
Melauppiligundu,625022,MADURAI
Melavlavu,625105,MADURAI
Melur (Madurai),625106,MADURAI
Melur East,625106,MADURAI
Melur South,625106,MADURAI
Mettupatti,625501,MADURAI
Mudakkuchalai,625016,MADURAI
Mudalaikulam,625514,MADURAI
Muduvarpatti,625503,MADURAI
Mullipallam,625207,MADURAI
Muthusamypatti,625102,MADURAI
Nachikulam,625205,MADURAI
Nadumudalaikulam,625514,MADURAI
Nagamalai,625019,MADURAI
Nakkalapatti,625532,MADURAI
Nallamaram,625702,MADURAI
Nallur,625022,MADURAI
Madurai Bibikulam,625002,MADURAI
Madurai Corporation Building,625002,MADURAI
Madurai Courts,625020,MADURAI
Madurai North,625014,MADURAI
Madurai Palace,625001,MADURAI
Madurai Railway Divl Office,625016,MADURAI
Madurai West,625001,MADURAI
Malampatti,625102,MADURAI
Mallapuram,625535,MADURAI
Manappachery,625103,MADURAI
Mangalampatti,625101,MADURAI
Mangalrevu,625703,MADURAI
Mangulam,625301,MADURAI
Mannadimangalam,625207,MADURAI
Manuthu,625527,MADURAI
Mariammalkulam,625221,MADURAI
Marudangudi,625701,MADURAI
Mathur,625301,MADURAI
Meenambalpuram,625002,MADURAI
Meikilarpatti,625532,MADURAI
Kusavangundu,625022,MADURAI
Kuttimeichanpatti,625501,MADURAI
Lakshmipuram,625301,MADURAI
Lalapuram,625707,MADURAI
M.Kallupatti,625535,MADURAI
M.Pudupatti,625702,MADURAI
M.Puliyankulam,625707,MADURAI
M.Subbulapuram,625702,MADURAI
Ma Munichalai Road,625009,MADURAI
Ma Periyar Bus Stand,625001,MADURAI
Ma Race Course,625002,MADURAI
Ma Rajaji Hospital,625020,MADURAI
Ma Reserve Lines,625014,MADURAI
Ma West Masi Street,625001,MADURAI
Madakkulam,625003,MADURAI
Madipanur,625704,MADURAI
Madras High Court Madurai Bench,625023,MADURAI
Madurai,625001,MADURAI
Madurai Agricultural College,625104,MADURAI
Madurai Bazaar,625001,MADURAI
Kondayampatti,625221,MADURAI
Kongampatti,625102,MADURAI
Koothiyargundu,625008,MADURAI
Koovalapuram,625703,MADURAI
Koppinaickanpatti,625702,MADURAI
Kottagudi,625106,MADURAI
Kottampatti,625103,MADURAI
Kottanathampatti,625109,MADURAI
Kovilangulam,625514,MADURAI
Krishnapuram Colony,625014,MADURAI
Kudakoil,625022,MADURAI
Kuduseri,625705,MADURAI
Kulamangalam,625017,MADURAI
Kulasekarankottai,625218,MADURAI
Kumaram,625018,MADURAI
Kunnarampatti,625101,MADURAI
Kuppalnatham,625527,MADURAI
Kuraiyur,625701,MADURAI
Kuravagudi,625537,MADURAI
Kurichipatti,625109,MADURAI
Karuppayurani,625020,MADURAI
Karuvanur,625014,MADURAI
Kathakinaru,625107,MADURAI
Kattathevanpatti,625529,MADURAI
Keelamathur,625234,MADURAI
Keerathurai,625001,MADURAI
Kesampatti,625105,MADURAI
Kethuvarpatti,625705,MADURAI
Kidaripatti,625301,MADURAI
Kilaiyur,625106,MADURAI
Kilakuyilkudi,625019,MADURAI
Kilavalavu,625102,MADURAI
Kilavaneri,625704,MADURAI
Kinnimangalam,625514,MADURAI
Kochadai,625016,MADURAI
Kodangipatti,625503,MADURAI
Kodikulam,625514,MADURAI
Kodikulam,625104,MADURAI
Kodimangalam,625234,MADURAI
Kodukkampatti,625108,MADURAI
Kadaneri,625702,MADURAI
Kadupatti,625207,MADURAI
Kalappanpatti,625529,MADURAI
Kalimangalam,625020,MADURAI
Kallampatti,625106,MADURAI
Kallanai,625501,MADURAI
Kallandiri,625301,MADURAI
Kalligudi,625701,MADURAI
Kalluthu,625537,MADURAI
Kalvelipatti,625221,MADURAI
Kambur,625101,MADURAI
Kancharampettai,625014,MADURAI
Kangeyanatham,625706,MADURAI
Kappalur,625008,MADURAI
Kappalur Indl.Estate,625008,MADURAI
Karadikal,625706,MADURAI
Karaikeni,625702,MADURAI
Karumathur,625514,MADURAI
Karungalakudi,625101,MADURAI
Karupatti,625205,MADURAI
Erkudi Achampathu,625019,MADURAI
Errampatti,625501,MADURAI
Erumarpatti,625527,MADURAI
Ettimangalam,625105,MADURAI
Gandhi Nagar (MA),625020,MADURAI
Ganjampatti,625708,MADURAI
Gnanaolivupuram,625016,MADURAI
Harveypatti,625005,MADURAI
Ilamanur,625201,MADURAI
Irumbadi,625205,MADURAI
Jaihindpuram,625011,MADURAI
Jari Usilampatti,625702,MADURAI
Jayankondanilai,625102,MADURAI
Jothilnayakanur,625535,MADURAI
Jothimanickam,625514,MADURAI
K.Pudur,625007,MADURAI
K.Sennampatti,625701,MADURAI
Kachakatti,625218,MADURAI
Kachirayanpatti,625101,MADURAI
Kachirayiruppu,625234,MADURAI
Madurai Bibikulam,625002,MADURAI
Madurai Corporation Building,625002,MADURAI
Madurai Courts,625020,MADURAI
Madurai North,625014,MADURAI
Madurai Palace,625001,MADURAI
Madurai Railway Divl Office,625016,MADURAI
Madurai West,625001,MADURAI
Malampatti,625102,MADURAI
Mallapuram,625535,MADURAI
Manappachery,625103,MADURAI
Mangalampatti,625101,MADURAI
Mangalrevu,625703,MADURAI
Mangulam,625301,MADURAI
Mannadimangalam,625207,MADURAI
Manuthu,625527,MADURAI
Mariammalkulam,625221,MADURAI
Marudangudi,625701,MADURAI
Mathur,625301,MADURAI
Meenambalpuram,625002,MADURAI
Meikilarpatti,625532,MADURAI
Melakkal,625234,MADURAI
Melakottai,625706,MADURAI
Melanachikulam,625205,MADURAI
Melauppiligundu,625022,MADURAI
Melavlavu,625105,MADURAI
Melur (Madurai),625106,MADURAI
Melur East,625106,MADURAI
Melur South,625106,MADURAI
Mettupatti,625501,MADURAI
Mudakkuchalai,625016,MADURAI
Mudalaikulam,625514,MADURAI
Muduvarpatti,625503,MADURAI
Mullipallam,625207,MADURAI
Muthusamypatti,625102,MADURAI
Nachikulam,625205,MADURAI
Nadumudalaikulam,625514,MADURAI
Nagamalai,625019,MADURAI
Nakkalapatti,625532,MADURAI
Nallamaram,625702,MADURAI
Nallur,625022,MADURAI
Nariampatti,625207,MADURAI
Narimedu,625002,MADURAI
Narsingampatti,625122,MADURAI
Nattamangalam,625532,MADURAI
Nattarmangalam,625101,MADURAI
Navinipatti,625106,MADURAI
Nedungulam,625706,MADURAI
Nilaiyur,625005,MADURAI
Odaipatti,625701,MADURAI
Othakadai,625107,MADURAI
Othakoilpatti,625101,MADURAI
P.Thottiapatti,625703,MADURAI
Palaiyur,625705,MADURAI
Palamedu,625503,MADURAI
Palanganatham,625003,MADURAI
Palkalai Nagar,625021,MADURAI
Pallapatti,625103,MADURAI
Panaiyur,625009,MADURAI
Pandangudi,625103,MADURAI
Pandian Nagar,625006,MADURAI
Pandiarajapuram,625218,MADURAI
Pappanaickenpatti,625708,MADURAI
Pappapatti,625537,MADURAI
Pappayapuram,625703,MADURAI
Paravai,625402,MADURAI
Pasumalai,625004,MADURAI
Pathinettangudi,625106,MADURAI
Pattur,625105,MADURAI
Peraiyur (Madurai),625703,MADURAI
Periyapoolampatti,625703,MADURAI
Perungamanallur,625527,MADURAI
Perungudi,625022,MADURAI
Petchiamman Paditurai,625001,MADURAI
Podumbu,625018,MADURAI
Ponmeni,625016,MADURAI
Ponnamangalam,625706,MADURAI
Poonjuthi,625110,MADURAI
Poosalapuram,625527,MADURAI
Poosaripatti,625122,MADURAI
Poruppumettupatti,625529,MADURAI
Postal Training Centre,625022,MADURAI
Pothampati,625532,MADURAI
Pottapatti,625103,MADURAI
Pudunagar,625706,MADURAI
Pudur Bazaar,625007,MADURAI
Pudusukkampatti,625106,MADURAI
Puduthamaraipatti,625107,MADURAI
Puliankulam,625201,MADURAI
Pulipatti,625301,MADURAI
Pulluthu,625019,MADURAI
Rajakkur,625107,MADURAI
Royapalayam,625706,MADURAI
Royapuram,625234,MADURAI
S.Kottaipatti,625527,MADURAI
S.N.College,625022,MADURAI
S.P.Natham,625706,MADURAI
Sakkarappanaickanur,625207,MADURAI
Sakkimangalam,625201,MADURAI
Sakkudi,625020,MADURAI
Samanatham,625009,MADURAI
Samayanallur,625402,MADURAI
Sandaiyur,625703,MADURAI
Saptur,625705,MADURAI
Saruguvalayapatti,625109,MADURAI
Sathangudi,625706,MADURAI
Sedapatti,625527,MADURAI
Seelnayakanpatti,625535,MADURAI
Sekkipatti,625101,MADURAI
Sellur (Madurai),625002,MADURAI
Sembarani,625527,MADURAI
Sendamangalam,625503,MADURAI
Sengapadai,625704,MADURAI
Sennagarampatti,625105,MADURAI
Sevarakottai,625706,MADURAI
Shanthi Nagar,625018,MADURAI
Sholavandan,625214,MADURAI
Sholavandan Bazaar,625214,MADURAI
Silaiman,625201,MADURAI
Silamalaipatti,625703,MADURAI
Silarpatti,625702,MADURAI
Simmakkal,625001,MADURAI
Sindhupatti,625529,MADURAI
Siruvalai,625402,MADURAI
Sithalai,625706,MADURAI
Sithalangudi,625221,MADURAI
Sithireddipatti,625704,MADURAI
Sivanandanagar,625008,MADURAI
Sokkampatti,625103,MADURAI
Sokkikulam,625002,MADURAI
Solaipatti,625708,MADURAI
Solanguruni,625022,MADURAI
South Gate,625001,MADURAI
Sowdarpatti,625704,MADURAI
Ss Colony,625016,MADURAI
Subramaniapuram (Madurai),625011,MADURAI
Sulapuram,625535,MADURAI
Suragundu,625106,MADURAI
Surapatti,625103,MADURAI
Surveyor Colony,625007,MADURAI
T.Kallupatti,625702,MADURAI
T.Kokkulam,625022,MADURAI
T.Krishnapuram,625705,MADURAI
T.Kunnathur,625708,MADURAI
T.Pudupatti,625704,MADURAI
T.Ramanathapuram,625535,MADURAI
T.Uchapatti,625529,MADURAI
T.Vellalapatti,625122,MADURAI
Tallakulam,625002,MADURAI
Tallakulam Housing Board Colon,625020,MADURAI
Tettur,625503,MADURAI
Thadayampatti,625535,MADURAI
Thanakkankulam,625006,MADURAI
Thangalacheri,625706,MADURAI
Thanichiyam,625221,MADURAI
Thaniyamangalam,625109,MADURAI
Thathaneri,625018,MADURAI
Thenkarai,625207,MADURAI
Thenpalanji,625021,MADURAI
Thenur,625402,MADURAI
Therkilamur,625110,MADURAI
Therkutheru,625122,MADURAI
Thiagarajar College,625009,MADURAI
Thiagarajar Engg College,625015,MADURAI
Thimmanatham,625537,MADURAI
Thiruparankundram,625005,MADURAI
Thiruvalavayanallur,625221,MADURAI
Thodaneri,625402,MADURAI
Thonthilingapuram,625103,MADURAI
Thoppur,625008,MADURAI
Thumbaipatti,625108,MADURAI
Thummagundu,625529,MADURAI
Thuvariman,625019,MADURAI
Tidiyan,625529,MADURAI
Tirali,625706,MADURAI
Tirumal,625022,MADURAI
Tirumalpuram,625014,MADURAI
Tirumangalam,625706,MADURAI
Tirumangalam South,625706,MADURAI
Tirumanickam,625535,MADURAI
Tirumoghur,625107,MADURAI
Tirunagar,625006,MADURAI
Tiruppalai,625014,MADURAI
Tiruvadur,625110,MADURAI
Tiruvedagam,625234,MADURAI
Tiruvedagam West,625234,MADURAI
Town Hall Road,625001,MADURAI
Tvs Nagar,625003,MADURAI
Uranganpatti,625109,MADURAI
Urappanur,625706,MADURAI
Usilampatti,625532,MADURAI
Usilampatti Pettai,625532,MADURAI
Uthangudi,625107,MADURAI
Uthappanayakanur,625537,MADURAI
Uthapuram,625535,MADURAI
Vadakkampatti,625701,MADURAI
Vadapalanji,625021,MADURAI
Vadipatti,625218,MADURAI
Vadivelkarai,625019,MADURAI
Vadugapatti,625532,MADURAI
Vagaikulam,625017,MADURAI
Vagaikulam,625706,MADURAI
Vagurani,625532,MADURAI
Valaicheripatti,625103,MADURAI
Valandur,625532,MADURAI
Valasai,625501,MADURAI
Valayankulam,625022,MADURAI
Valayapatti,625022,MADURAI
Vandapuli,625705,MADURAI
Vandari,625705,MADURAI
Vandiyur,625020,MADURAI
Vanjinagaram,625101,MADURAI
Vannivelampatti,625702,MADURAI
Varichiyur,625020,MADURAI
Vavidaimaruthur,625501,MADURAI
Vayalur,625402,MADURAI
Veeraperumalpuram,625706,MADURAI
Velambur,625702,MADURAI
Velichanatham,625014,MADURAI
Vellakulam,625701,MADURAI
Vellalur,625109,MADURAI
Vellamalaipatti,625537,MADURAI
Vellaripatti,625122,MADURAI
Vellayampatti,625503,MADURAI
Veppampatti,625705,MADURAI
Veppanuthu,625529,MADURAI
Vidathakulam,625706,MADURAI
Vikramangalam,625207,MADURAI
Vilacheri,625006,MADURAI
Vilakkuthoon,625001,MADURAI
Vilangudi,625018,MADURAI
Villapuram,625012,MADURAI
Villur,625707,MADURAI
Viradhanur,625009,MADURAI
Viraganur,625009,MADURAI
Virattipathu,625016,MADURAI
Visalakshi Nagar,625018,MADURAI
Vowalthottam,625104,MADURAI
Yanaikkal,625001,MADURAI
Yelumalai,625535,MADURAI
A. Kiliyanur,609403,NAGAPATTINAM
Achalpuram,609101,NAGAPATTINAM
Adanur,614707,NAGAPATTINAM
Agara Kondagai,609703,NAGAPATTINAM
Agasthiampalli,614810,NAGAPATTINAM
Akkaraipettai,611106,NAGAPATTINAM
Akkur (Nagapattinam),609301,NAGAPATTINAM
Alakkudi,609101,NAGAPATTINAM
Alangudi,609801,NAGAPATTINAM
Alangudichery,609703,NAGAPATTINAM
Alathur,609604,NAGAPATTINAM
Alaveli,609118,NAGAPATTINAM
Aliyur,611104,NAGAPATTINAM
Ambal,609503,NAGAPATTINAM
Anaikaranchatram,609102,NAGAPATTINAM
Anaikaranchatram South,609102,NAGAPATTINAM
Anandatandavapuram,609103,NAGAPATTINAM
Andakudi,610106,NAGAPATTINAM
Andanapettai,611102,NAGAPATTINAM
Annamperumalkoil,609109,NAGAPATTINAM
Annapettai,614714,NAGAPATTINAM
Anniyur,612201,NAGAPATTINAM
Arangakudi,609302,NAGAPATTINAM
Arapallam,609101,NAGAPATTINAM
Arappakkam,609111,NAGAPATTINAM
Arkattuthurai,614809,NAGAPATTINAM
Arulmozhithevan,609203,NAGAPATTINAM
Arunthavambulam,614711,NAGAPATTINAM
Arupathy,609309,NAGAPATTINAM
Aruvapadi,609203,NAGAPATTINAM
Athipuliyur,611105,NAGAPATTINAM
Athukudi,609117,NAGAPATTINAM
Athur,609204,NAGAPATTINAM
Avaranipuducherri,611108,NAGAPATTINAM
Avarikadu,614806,NAGAPATTINAM
Ayakkarambalam I Sethi,614707,NAGAPATTINAM
Ayakkarambalam Ii Sethi,614707,NAGAPATTINAM
Ayakkarambalam III Sethi,614707,NAGAPATTINAM
Ayappadi,609303,NAGAPATTINAM
Aymazhai,611102,NAGAPATTINAM
Aymoor,614711,NAGAPATTINAM
Buthanur,609312,NAGAPATTINAM
Chandrapadi,609307,NAGAPATTINAM
Chettipulam,614806,NAGAPATTINAM
Chinnathumbur,611102,NAGAPATTINAM
Chittarkadu,609003,NAGAPATTINAM
Dharmapuram,609001,NAGAPATTINAM
Durgashariff,611002,NAGAPATTINAM
Edakiam,609805,NAGAPATTINAM
Edamanal,609115,NAGAPATTINAM
Eduthukatti,609312,NAGAPATTINAM
Elandangudi,609401,NAGAPATTINAM
Elathur,609116,NAGAPATTINAM
Elayalur,609302,NAGAPATTINAM
Enangudi,609701,NAGAPATTINAM
Eravancheri,609501,NAGAPATTINAM
Eravancherry,611105,NAGAPATTINAM
Erayangudi,611109,NAGAPATTINAM
Erukkattanchery,609307,NAGAPATTINAM
Erukkur,609108,NAGAPATTINAM
Ervadi,609702,NAGAPATTINAM
Ettukudi,610204,NAGAPATTINAM
Gangadarapuram,609805,NAGAPATTINAM
Gopalasamudram,609108,NAGAPATTINAM
Gopurajapuram,609703,NAGAPATTINAM
Hanumanthapuram,609102,NAGAPATTINAM
Idaikudi-vadapathy,609117,NAGAPATTINAM
Ilanthope,609201,NAGAPATTINAM
Iluppur,611105,NAGAPATTINAM
Iluppur,609308,NAGAPATTINAM
Kadavasal,609104,NAGAPATTINAM
Kadinavayal,614707,NAGAPATTINAM
Kakkalani,611101,NAGAPATTINAM
Kalahasthinapuram,609309,NAGAPATTINAM
Kalamanallur,609301,NAGAPATTINAM
Kali,609811,NAGAPATTINAM
Kaliyappanallur,609307,NAGAPATTINAM
Kallimodu,614809,NAGAPATTINAM
Kalukkanimuttam,609203,NAGAPATTINAM
Kameswaram,611110,NAGAPATTINAM
Kangalanchery,610101,NAGAPATTINAM
Kanganamputhur,609203,NAGAPATTINAM
Kanjanagaram,609304,NAGAPATTINAM
Kanjivoy,612203,NAGAPATTINAM
Kannukiniyanar Koil,609104,NAGAPATTINAM
Karaimedu,609109,NAGAPATTINAM
Karaiyur,610101,NAGAPATTINAM
Karapidagai,611110,NAGAPATTINAM
Kariyapattinam,614806,NAGAPATTINAM
Kariyapattinam R.S,614806,NAGAPATTINAM
Karkoil,609112,NAGAPATTINAM
Karunkanni,611103,NAGAPATTINAM
Karuppanpulam,614707,NAGAPATTINAM
Karuvazhakarai,609304,NAGAPATTINAM
Katripulam,614808,NAGAPATTINAM
Kattiyaniruppu,609109,NAGAPATTINAM
Kattuchery,609303,NAGAPATTINAM
Kaveripattinam (Nagapattinam),609105,NAGAPATTINAM
Kaveripattinam Beach,609105,NAGAPATTINAM
Keelamaruthandanallur,609103,NAGAPATTINAM
Keeranallur,609115,NAGAPATTINAM
Kidarankondan,609304,NAGAPATTINAM
Kilaiyur,609304,NAGAPATTINAM
Kilaiyur (Tiruvarur),611103,NAGAPATTINAM
Kilaperumpallam,609107,NAGAPATTINAM
Kilasattanathapuram,609106,NAGAPATTINAM
Kilathanilapadi,611109,NAGAPATTINAM
Kilathanjavur,610101,NAGAPATTINAM
Kiliyanur (Nagapattinam),609402,NAGAPATTINAM
Killukudi,611109,NAGAPATTINAM
Kilmathur,609116,NAGAPATTINAM
Kiloy,609202,NAGAPATTINAM
Kilvelur,611104,NAGAPATTINAM
Kilvelur Bazar,611104,NAGAPATTINAM
Kodakkaramoolai,609101,NAGAPATTINAM
Kodangudi,609314,NAGAPATTINAM
Kodiakkadu,614807,NAGAPATTINAM
Kodiakkarai,614807,NAGAPATTINAM
Kohur,611104,NAGAPATTINAM
Koilkannapur,610207,NAGAPATTINAM
Koilpathu,611112,NAGAPATTINAM
Koilthirukolakkal,609111,NAGAPATTINAM
Kolapadu,610207,NAGAPATTINAM
Komal,609805,NAGAPATTINAM
Kondathur,609117,NAGAPATTINAM
Konerirajapuram,612201,NAGAPATTINAM
Koolaiyar,609113,NAGAPATTINAM
Koorathangudi,610207,NAGAPATTINAM
Koranad,609001,NAGAPATTINAM
Koranad South,609003,NAGAPATTINAM
Korukkai,609203,NAGAPATTINAM
Kothandapuram,609101,NAGAPATTINAM
Kottarakudi,610101,NAGAPATTINAM
Kovilpathu,609111,NAGAPATTINAM
Kozhaiyur,609805,NAGAPATTINAM
Kunnam,609108,NAGAPATTINAM
Kurukathi,611105,NAGAPATTINAM
Kuruvapulam,614808,NAGAPATTINAM
Kuthur,611105,NAGAPATTINAM
Kuttalam,609801,NAGAPATTINAM
Kuttalam East,609801,NAGAPATTINAM
Madanam,609104,NAGAPATTINAM
Madapuram,611103,NAGAPATTINAM
Madervelur,609102,NAGAPATTINAM
Madirimangalam,609801,NAGAPATTINAM
Mahendrapalli,609101,NAGAPATTINAM
Mallapuram,612201,NAGAPATTINAM
Malliyam,609806,NAGAPATTINAM
Mamakudi,609301,NAGAPATTINAM
Manakudi,614712,NAGAPATTINAM
Manakudi,609118,NAGAPATTINAM
Manalmedu,609202,NAGAPATTINAM
Manalmedu East,609202,NAGAPATTINAM
Mandai,612203,NAGAPATTINAM
Mangamadam,609106,NAGAPATTINAM
Manganallur,609404,NAGAPATTINAM
Manganallur Bazaar,609404,NAGAPATTINAM
Manickapangu,609313,NAGAPATTINAM
Manigramam,609114,NAGAPATTINAM
Manjakollai,611106,NAGAPATTINAM
Mannampandal,609305,NAGAPATTINAM
Mannipallam,609112,NAGAPATTINAM
Mappadugai,609003,NAGAPATTINAM
Maracheri,614711,NAGAPATTINAM
Maraignanallur,614810,NAGAPATTINAM
Maraiyur,609806,NAGAPATTINAM
Marathurai,609204,NAGAPATTINAM
Marudur Therkusethi,614714,NAGAPATTINAM
Marudur Vadakku Sethi,614714,NAGAPATTINAM
Marungur,609702,NAGAPATTINAM
Maruthampallam,609301,NAGAPATTINAM
Mathur,609301,NAGAPATTINAM
Mayiladuthurai,609001,NAGAPATTINAM
Mayiladuthurai Bazaar,609001,NAGAPATTINAM
Mayiladuthurai Cutchery,609001,NAGAPATTINAM
Mayiladuthurai North,609001,NAGAPATTINAM
Mayiladuthurai R.S,609003,NAGAPATTINAM
Mayiladuthurai South,609001,NAGAPATTINAM
Mayiladuthurai West,609003,NAGAPATTINAM
Melaiyur TVG,609107,NAGAPATTINAM
Melapathi,609304,NAGAPATTINAM
Melaperumpallam,609107,NAGAPATTINAM
Melavanjore,611002,NAGAPATTINAM
Melavazhakarai,610204,NAGAPATTINAM
Memathur,609309,NAGAPATTINAM
Mohanur,611109,NAGAPATTINAM
Molaiyur,609118,NAGAPATTINAM
Moovalur,609806,NAGAPATTINAM
Mudikondanallur,609202,NAGAPATTINAM
Mudikondanallur,609309,NAGAPATTINAM
Mutharasapuram,610201,NAGAPATTINAM
Muthur,609302,NAGAPATTINAM
Muttam,611002,NAGAPATTINAM
Nagakudaiyan,614808,NAGAPATTINAM
Nagapattinam,611001,NAGAPATTINAM
Nagapattinam Bazaar,611001,NAGAPATTINAM
Nagapattinam Collectorate,611003,NAGAPATTINAM
Nagore,611002,NAGAPATTINAM
Nagore South,611002,NAGAPATTINAM
Nakkampadi,612203,NAGAPATTINAM
Nalladai,609306,NAGAPATTINAM
Nallanayagapuram,609102,NAGAPATTINAM
Nallathukudi,609001,NAGAPATTINAM
Nalluchery,609308,NAGAPATTINAM
Naluvedapathy,611112,NAGAPATTINAM
Namasivayapuram,609811,NAGAPATTINAM
Nangur,609106,NAGAPATTINAM
Narasinganpettai,609802,NAGAPATTINAM
Narimanam,611002,NAGAPATTINAM
Natarajapillai Chavadi,609107,NAGAPATTINAM
Nathapallam,614711,NAGAPATTINAM
Neermulai,614711,NAGAPATTINAM
Neidavasal,609105,NAGAPATTINAM
Neipathur,609106,NAGAPATTINAM
Neivilakku,614808,NAGAPATTINAM
Nemmeli(SRK),609116,NAGAPATTINAM
Nidur,609203,NAGAPATTINAM
Nirthanamangalam,611102,NAGAPATTINAM
Okkur,611002,NAGAPATTINAM
Orathur,611108,NAGAPATTINAM
P.Kondagai,609703,NAGAPATTINAM
Pachaiperumal Nallur,609104,NAGAPATTINAM
Pagasalai,609117,NAGAPATTINAM
Pakkamkottur,609701,NAGAPATTINAM
Palaiyur,611106,NAGAPATTINAM
Palaiyur,612203,NAGAPATTINAM
Palakurichi,611109,NAGAPATTINAM
Palayagudalur,609801,NAGAPATTINAM
Palayapalayam,609101,NAGAPATTINAM
Palayar,609101,NAGAPATTINAM
Palpannaichery,611003,NAGAPATTINAM
Panangudi,611002,NAGAPATTINAM
Panayadikuthagai,614808,NAGAPATTINAM
Panchanathikulam,614714,NAGAPATTINAM
Panchanathikulam East,614714,NAGAPATTINAM
Panchanathikulam Nadu Sethi,614714,NAGAPATTINAM
Pandanallur,609807,NAGAPATTINAM
Pandur,609203,NAGAPATTINAM
Pannal,614707,NAGAPATTINAM
Papakoil,611102,NAGAPATTINAM
Parasalur,609309,NAGAPATTINAM
Paravakkarai,612201,NAGAPATTINAM
Pattamangalam,609001,NAGAPATTINAM
Pattamangalam,611104,NAGAPATTINAM
Pattavilagam,609116,NAGAPATTINAM
Perambur,609402,NAGAPATTINAM
Perambur (AKC),609108,NAGAPATTINAM
Periyakuthagai,614809,NAGAPATTINAM
Peruncheri,609404,NAGAPATTINAM
Perunkadambanur,611108,NAGAPATTINAM
Perunthottam,609106,NAGAPATTINAM
Pillali,609704,NAGAPATTINAM
Pirandiankarai,614806,NAGAPATTINAM
Pirinjimulai,614712,NAGAPATTINAM
Polagam,609702,NAGAPATTINAM
Poravacherry,611108,NAGAPATTINAM
Porayar,609307,NAGAPATTINAM
Porayar Market,609307,NAGAPATTINAM
Porayar R.S.,609307,NAGAPATTINAM
Pragramam,609703,NAGAPATTINAM
Prathabaramapuram,611111,NAGAPATTINAM
Pudupalli,611112,NAGAPATTINAM
Pudupattinam,609101,NAGAPATTINAM
Puduthurai,609106,NAGAPATTINAM
Pulavanur,609205,NAGAPATTINAM
Puliyanthurai,609101,NAGAPATTINAM
Puliyur,611108,NAGAPATTINAM
Punganur,609117,NAGAPATTINAM
Pushpavanam,614809,NAGAPATTINAM
Puthur (SRK),609108,NAGAPATTINAM
Radhamangalam,611109,NAGAPATTINAM
Radhanallur (SRK),609115,NAGAPATTINAM
Radhanallur (TVG),609114,NAGAPATTINAM
Rajapuram,614806,NAGAPATTINAM
Sankaranpandal,609308,NAGAPATTINAM
Sannanallur,609504,NAGAPATTINAM
Sattanathapuram,609109,NAGAPATTINAM
Seeyathamangai,609702,NAGAPATTINAM
Seithur Srk,609112,NAGAPATTINAM
Sembadaniruppu,609109,NAGAPATTINAM
Sembanarkoil,609309,NAGAPATTINAM
Sembianmahadevi,611109,NAGAPATTINAM
Sembodai,614809,NAGAPATTINAM
Semmangudi(SRK),609104,NAGAPATTINAM
Senbagarayanallur,614806,NAGAPATTINAM
Sendamangalam,609310,NAGAPATTINAM
Sengamangalam,611108,NAGAPATTINAM
Serudur,611111,NAGAPATTINAM
Serunallur,611105,NAGAPATTINAM
Seshamoolai,609702,NAGAPATTINAM
Sholampettai,609003,NAGAPATTINAM
Siddamalli,609205,NAGAPATTINAM
Sigar,610106,NAGAPATTINAM
Sikkal (Nagapattinam),611108,NAGAPATTINAM
Sirkali,609110,NAGAPATTINAM
Sirkali East,609111,NAGAPATTINAM
Sirkali Thenpathi,609111,NAGAPATTINAM
Sirkali West,609111,NAGAPATTINAM
Sithaimur,610203,NAGAPATTINAM
Sodiyakudi,609108,NAGAPATTINAM
Solasakkaranallur,609118,NAGAPATTINAM
Solavidyapuram,611103,NAGAPATTINAM
Suraikkayur,612203,NAGAPATTINAM
Suramangalam,610201,NAGAPATTINAM
Takattur,614714,NAGAPATTINAM
Talachangadu,609107,NAGAPATTINAM
Talanayar Agraharam,614712,NAGAPATTINAM
Talanayar III Sethi,614712,NAGAPATTINAM
Talanayar IV Sethi,614712,NAGAPATTINAM
Talanayar Vsk,609201,NAGAPATTINAM
Tarangambadi,609313,NAGAPATTINAM
Terizhandur,609808,NAGAPATTINAM
Terkupanaiyur,610207,NAGAPATTINAM
Terkupoigainallur,611111,NAGAPATTINAM
Thalaikadu,614711,NAGAPATTINAM
Thandavankulam,609101,NAGAPATTINAM
Thanikottagam,614716,NAGAPATTINAM
Thennampattinam,609106,NAGAPATTINAM
Thennampulam,614806,NAGAPATTINAM
Thethakudi Therkusethi,614809,NAGAPATTINAM
Thethakudivadakkusethi,614809,NAGAPATTINAM
Thevur (Nagapattinam),611109,NAGAPATTINAM
Thuhili,609804,NAGAPATTINAM
Thulajapattinam,614714,NAGAPATTINAM
Thulasapuram,614711,NAGAPATTINAM
Tillaiyadi,609310,NAGAPATTINAM
Tirucadaiyur,609311,NAGAPATTINAM
Tiruchempalli,609309,NAGAPATTINAM
Tiruchenkattangudi,609704,NAGAPATTINAM
Tiruchitrambalam,609204,NAGAPATTINAM
Tirukannangudi,611104,NAGAPATTINAM
Tirukannapuram,609704,NAGAPATTINAM
Tirukkalachery,609312,NAGAPATTINAM
Tirukuvalai,610204,NAGAPATTINAM
Tirumailadi,609108,NAGAPATTINAM
Tirumananjeri,609801,NAGAPATTINAM
Tirumangalakudi,612102,NAGAPATTINAM
Tirumangalam,609811,NAGAPATTINAM
Tirumarugal,609702,NAGAPATTINAM
Tirumeignanam,609311,NAGAPATTINAM
Tirumeniarkoil,609204,NAGAPATTINAM
Tirumullaivasal,609113,NAGAPATTINAM
Tirunagari,609106,NAGAPATTINAM
Tirunandriyur,609118,NAGAPATTINAM
Tirupayathangudi,610101,NAGAPATTINAM
Tirupugalur,609704,NAGAPATTINAM
Tirupundi,611110,NAGAPATTINAM
Tirupundi South,611110,NAGAPATTINAM
Tirupungur,609112,NAGAPATTINAM
Tiruvalangadu,609810,NAGAPATTINAM
Tiruvalaputhur,609205,NAGAPATTINAM
Tiruvali,609109,NAGAPATTINAM
Tiruvavaduthurai,609803,NAGAPATTINAM
Tiruvengadu,609114,NAGAPATTINAM
Tiruvidaikali,609310,NAGAPATTINAM
Tiruvidavasal,613702,NAGAPATTINAM
Tiruvilandur,609001,NAGAPATTINAM
Tiruvilayattam,609306,NAGAPATTINAM
Tiruvoimur,610204,NAGAPATTINAM
Tittachery,609703,NAGAPATTINAM
Tittai (SRK),609111,NAGAPATTINAM
Topputhurai,614809,NAGAPATTINAM
Umayalpathi,609104,NAGAPATTINAM
Umayalpuram,609301,NAGAPATTINAM
Umbalacheri,614711,NAGAPATTINAM
Uvoimedu,614714,NAGAPATTINAM
Vadagarai,609701,NAGAPATTINAM
Vadakarai (Nagapattinam),609314,NAGAPATTINAM
Vadakkupoigainallur,611106,NAGAPATTINAM
Vadamalaimanakadu,614716,NAGAPATTINAM
Vadugachery,611109,NAGAPATTINAM
Vadugur,614712,NAGAPATTINAM
Vailankanni,611111,NAGAPATTINAM
Vailankanni West,611111,NAGAPATTINAM
Vaithiswarankoil,609117,NAGAPATTINAM
Vaithiswarankoil West,609117,NAGAPATTINAM
Valivalam,610207,NAGAPATTINAM
Vallalagaram,609118,NAGAPATTINAM
Valluvakudi,609116,NAGAPATTINAM
Valuvur,609401,NAGAPATTINAM
Vanagiri,609105,NAGAPATTINAM
Vanathirajapuram,609806,NAGAPATTINAM
Vanduvancheri,614714,NAGAPATTINAM
Varisapathu Vadagal,609115,NAGAPATTINAM
Vayalur,612201,NAGAPATTINAM
Vedaraniam,614810,NAGAPATTINAM
Velampudukudi,609306,NAGAPATTINAM
Velippalayam,611001,NAGAPATTINAM
Vellapallam,611112,NAGAPATTINAM
Venmanachery,611103,NAGAPATTINAM
Vettaikaraniruppu,611112,NAGAPATTINAM
Vettangudi,609115,NAGAPATTINAM
Vilanthida Samudram,609111,NAGAPATTINAM
Villiyanallur,609203,NAGAPATTINAM
Villiyanallur,609801,NAGAPATTINAM
Vilundamavadi,611112,NAGAPATTINAM
Virkudi,610101,NAGAPATTINAM
Yadhavapuram,614809,NAGAPATTINAM
85 R.Komarapalayam,637403,NAMAKKAL
A.Erayamangalam,637210,NAMAKKAL
Adukkam,637411,NAMAKKAL
Agaram,637202,NAMAKKAL
Agraharam,637403,NAMAKKAL
Akkalampatti,637212,NAMAKKAL
Akkammapettai,637301,NAMAKKAL
Akkaraipatti,637503,NAMAKKAL
Akkiampatti,637409,NAMAKKAL
Alachampalayam,637101,NAMAKKAL
Alampalayam,638008,NAMAKKAL
Alampatti,637020,NAMAKKAL
Alanganatham,637013,NAMAKKAL
Alathurnadu,637411,NAMAKKAL
Alavaipatti,637505,NAMAKKAL
Anaipalayam,637401,NAMAKKAL
Anangur,637304,NAMAKKAL
Andagalur,637401,NAMAKKAL
Andapuram,637020,NAMAKKAL
Andipalayam,637214,NAMAKKAL
Anichampalayam,638182,NAMAKKAL
Animoor,637214,NAMAKKAL
Aniyapuram,637017,NAMAKKAL
Arasanatham,637020,NAMAKKAL
Ariyagoundampatti,637406,NAMAKKAL
Ariyur,637015,NAMAKKAL
Ariyurkashpa,637411,NAMAKKAL
Ariyurnadu,637411,NAMAKKAL
Arur,637020,NAMAKKAL
Attanur,636301,NAMAKKAL
Avalnaickenpatti,637019,NAMAKKAL
Avanasipatti,637202,NAMAKKAL
Ayilpatti,636202,NAMAKKAL
Bailnadu,637411,NAMAKKAL
Belukurichi,637402,NAMAKKAL
Bodinaickenpatti,637105,NAMAKKAL
Bodinaickenpatti,637405,NAMAKKAL
Bodinaickenpatti,637412,NAMAKKAL
Bodupatti,637003,NAMAKKAL
Bommampatti,637212,NAMAKKAL
Bommasamudram,637002,NAMAKKAL
Chandrasekarapuram,637401,NAMAKKAL
Chettipatti,637101,NAMAKKAL
Chidambarapatti,637405,NAMAKKAL
Chinandipalayam,637103,NAMAKKAL
Chinnamanali,637410,NAMAKKAL
Chinnathambipalayam,637209,NAMAKKAL
Chittalandur,637201,NAMAKKAL
Chittoornadu,637411,NAMAKKAL
Dadhadripuram,637018,NAMAKKAL
Devanankurichi,637209,NAMAKKAL
Devanurnadu,637411,NAMAKKAL
Devarayapuram,637021,NAMAKKAL
E Pudupatti,637018,NAMAKKAL
Edappulinadu,637411,NAMAKKAL
Elachipalayam,637202,NAMAKKAL
Elanagar,637212,NAMAKKAL
Elandakuttai,638008,NAMAKKAL
Elayampalayam,637205,NAMAKKAL
Elur,637018,NAMAKKAL
Emapalli,637214,NAMAKKAL
Erampatti,637013,NAMAKKAL
Eranapuram,637003,NAMAKKAL
Eswaramurthipalayam,636202,NAMAKKAL
Gandhiashram,637201,NAMAKKAL
Gandhipuram,637409,NAMAKKAL
Ganesapuram,637002,NAMAKKAL
Gunduninadu,637411,NAMAKKAL
Gundurnadu,637411,NAMAKKAL
Gurusamipalayam,637403,NAMAKKAL
Iluppili,637202,NAMAKKAL
Irukkur,637204,NAMAKKAL
Iruppali,637101,NAMAKKAL
Jedarpalayam,637213,NAMAKKAL
K.Ayyampalayam,637213,NAMAKKAL
K.Pudupalayam,637017,NAMAKKAL
K.Vadugapatti,637102,NAMAKKAL
Kadachanallur,638008,NAMAKKAL
Kadappalli,637019,NAMAKKAL
Kadiranallur,637412,NAMAKKAL
Kailasampalayam,637209,NAMAKKAL
Kakkaveri,637408,NAMAKKAL
Kalangani,637014,NAMAKKAL
Kalappanaickenpatti,637404,NAMAKKAL
Kaliyanur,638008,NAMAKKAL
Kalkattanur,637505,NAMAKKAL
Kalkurichi,637402,NAMAKKAL
Kallankattuvalasu,638183,NAMAKKAL
Kalyanni,637018,NAMAKKAL
Kammalapatti,636202,NAMAKKAL
Kandampalayam,637203,NAMAKKAL
Kannurpatti,637014,NAMAKKAL
Kapilamalai,637204,NAMAKKAL
Karadipatti,637019,NAMAKKAL
Karaikurichi (Namakkal),637014,NAMAKKAL
Karichipalayam,637201,NAMAKKAL
Karkudalpatti,636202,NAMAKKAL
Karumanur,637503,NAMAKKAL
Karungalpatti,637410,NAMAKKAL
Karuveppampatti,637304,NAMAKKAL
Kasthuripatti,637302,NAMAKKAL
Kattanachampatti,637408,NAMAKKAL
Kattur,636202,NAMAKKAL
Kavakarapatti,637013,NAMAKKAL
Kavandampatti,637018,NAMAKKAL
Kavundampalayam,637408,NAMAKKAL
Kavundampalayam,637210,NAMAKKAL
Kavundipalayam,637203,NAMAKKAL
Keerambur,637207,NAMAKKAL
Kilapalayam,637202,NAMAKKAL
Kilsathampur,637207,NAMAKKAL
Kodurmitta,637212,NAMAKKAL
Kokkalai,637410,NAMAKKAL
Kokkarayanpettai,638007,NAMAKKAL
Kolakattupudur,637208,NAMAKKAL
Kolankondai,637503,NAMAKKAL
Kolaram,637201,NAMAKKAL
Kolathupalayam,637019,NAMAKKAL
Komarapalayam,638183,NAMAKKAL
Komarapalayam East,638183,NAMAKKAL
Konangipatti,637013,NAMAKKAL
Kondalam,637208,NAMAKKAL
Kondamanaickenpatti,637405,NAMAKKAL
Kondarasampalayam,637203,NAMAKKAL
Koneripatti,637107,NAMAKKAL
Konganapuram,637102,NAMAKKAL
Konnaiyar,637202,NAMAKKAL
Konur,637207,NAMAKKAL
Koodachery,637206,NAMAKKAL
Koothampalayam,637102,NAMAKKAL
Koothampoondi,637202,NAMAKKAL
Koottapalli,637214,NAMAKKAL
Koranampatti,637102,NAMAKKAL
Kosavampalayam,637201,NAMAKKAL
Kothamangalam,637213,NAMAKKAL
Kottapalayam,637503,NAMAKKAL
Kozhikalnatham,637302,NAMAKKAL
Kuchi Palayam,637215,NAMAKKAL
Kulivalavu,637411,NAMAKKAL
Kullamanaickenpatti,637412,NAMAKKAL
Kullampatti,637101,NAMAKKAL
Kullanaickenpalayam,638183,NAMAKKAL
Kumaramangalam,637205,NAMAKKAL
Kumarapalayam,637209,NAMAKKAL
Kumaripalyam,637015,NAMAKKAL
Kunavelampatti,637401,NAMAKKAL
Kunnamalai,637203,NAMAKKAL
Kuppandapalayam,637205,NAMAKKAL
Kuppanur,637301,NAMAKKAL
Kuppuchipalayam,638182,NAMAKKAL
Kurukkapatti,637101,NAMAKKAL
Kurukkupuram,637401,NAMAKKAL
Kurumbalamahadevi,637213,NAMAKKAL
L.Kanavaipatti,637002,NAMAKKAL
Laddivadi,637002,NAMAKKAL
Mamundi,637503,NAMAKKAL
Manappalli,637017,NAMAKKAL
Manathi,637212,NAMAKKAL
Mangalapuram,636202,NAMAKKAL
Maniyanur,637201,NAMAKKAL
Marurpatti,637019,NAMAKKAL
Masakalipatti,637401,NAMAKKAL
Mathuruttu,636202,NAMAKKAL
Mavelipalayam,637301,NAMAKKAL
Mavureddipatti,637212,NAMAKKAL
Mekkinikadu,637411,NAMAKKAL
Melkalingampatti,637411,NAMAKKAL
Melkallupalayam,637403,NAMAKKAL
Melsathampur,637206,NAMAKKAL
Melur,637407,NAMAKKAL
Mettankadu,637104,NAMAKKAL
Mettupatti,637020,NAMAKKAL
Minnakkal Agraharam,637505,NAMAKKAL
Minnampalli,637019,NAMAKKAL
Modamangalam,637304,NAMAKKAL
Mohanur,637015,NAMAKKAL
Mohanur North,637015,NAMAKKAL
Molasi,637210,NAMAKKAL
Molippalli,637201,NAMAKKAL
Moolapallipatti,637406,NAMAKKAL
Morangam,637410,NAMAKKAL
Morasapatti,637101,NAMAKKAL
Mothaiyanur,637303,NAMAKKAL
Mudalaipatti,637003,NAMAKKAL
Mullukurichi,636142,NAMAKKAL
Munjanur,637403,NAMAKKAL
Musiri,637018,NAMAKKAL
Muthugapati,637405,NAMAKKAL
Muthukalipatti,637401,NAMAKKAL
Muttanchetti,637013,NAMAKKAL
N.Kosavampatti,637002,NAMAKKAL
N.Pudupatti,637020,NAMAKKAL
N.Seerappali,637206,NAMAKKAL
Nadandai,637206,NAMAKKAL
Nadukombai,637404,NAMAKKAL
Nagichettipatti,637302,NAMAKKAL
Nallakumarampalayam,637212,NAMAKKAL
Nallipalayam,637003,NAMAKKAL
Namagiripettai,637406,NAMAKKAL
Namakkal,637001,NAMAKKAL
Namakkal Bazaar,637001,NAMAKKAL
Namakkal Fort,637001,NAMAKKAL
Nanjai Edaiyar,638182,NAMAKKAL
Naraikinar,636118,NAMAKKAL
Natarajanagar,638183,NAMAKKAL
Natarajapuram (Namakkal),637001,NAMAKKAL
Navakkadu,637411,NAMAKKAL
Navaladipatti,637021,NAMAKKAL
Navanipallipatti,637018,NAMAKKAL
O.Rajapalayam,637209,NAMAKKAL
Oduvankurichi,637406,NAMAKKAL
Okkilipaltti,637107,NAMAKKAL
Olaipatti Sowdapuram,637505,NAMAKKAL
Oruvandur,637015,NAMAKKAL
P.Muniappampalayam,637407,NAMAKKAL
Pachal,637018,NAMAKKAL
Pachudaiyampattipudur,637409,NAMAKKAL
Pachudayampalayam,637406,NAMAKKAL
Padaiveedu,637303,NAMAKKAL
Palamedu,637503,NAMAKKAL
Palaniappanur,637412,NAMAKKAL
Palanthinnipatti,637505,NAMAKKAL
Palapatti,637017,NAMAKKAL
Palayapalayam,637405,NAMAKKAL
Pallakkapalayam,637303,NAMAKKAL
Pallipalayam,638006,NAMAKKAL
Pallipalayamagraharam,638008,NAMAKKAL
Pappampalayam,638007,NAMAKKAL
Pappinaickenpatti,637003,NAMAKKAL
Parali,637020,NAMAKKAL
Paramathi,637207,NAMAKKAL
Paruthipalli,637503,NAMAKKAL
Patlur,637210,NAMAKKAL
Pattanam,637408,NAMAKKAL
Pattathaiyankuttai,637404,NAMAKKAL
Paundamangalam,637208,NAMAKKAL
Pavithiram,637021,NAMAKKAL
Pavthirampudur,637021,NAMAKKAL
Perakarainadu,637411,NAMAKKAL
Periamanali,637410,NAMAKKAL
Periyakombai,636113,NAMAKKAL
Periyakovilur,637411,NAMAKKAL
Periyapatti,637002,NAMAKKAL
Periyasolipalayam,637204,NAMAKKAL
Pettapalayam,637015,NAMAKKAL
Pilikkalpalayam,637213,NAMAKKAL
Pillanallur,637403,NAMAKKAL
Pillanatham,637205,NAMAKKAL
Pillur,637206,NAMAKKAL
Pirandagam,637212,NAMAKKAL
Ponneri,637013,NAMAKKAL
Poolampatti,637107,NAMAKKAL
Pothanur,638181,NAMAKKAL
Pottanam,637409,NAMAKKAL
Pottireddipatti,637013,NAMAKKAL
Puduchatram,637018,NAMAKKAL
Pudukottai,637013,NAMAKKAL
Pudupalayam,637408,NAMAKKAL
Pullagoundampatti,637104,NAMAKKAL
Pullagoundampatti,637202,NAMAKKAL
Punjaiedayarkilmugam,638182,NAMAKKAL
Ramadevam,637203,NAMAKKAL
Ramanathapuram,637409,NAMAKKAL
Ramapuram,637202,NAMAKKAL
Ramapuram Pudur,637001,NAMAKKAL
Rangampalayam,637102,NAMAKKAL
Rasipuram,637408,NAMAKKAL
Rasipuram Bazaar,637408,NAMAKKAL
Rasipuram East,637408,NAMAKKAL
Reddipatti,637002,NAMAKKAL
Reddipatti,637102,NAMAKKAL
Reddipudur,637014,NAMAKKAL
S.Uduppam,637019,NAMAKKAL
S.Valavanthi,637017,NAMAKKAL
Samayasangiliagraharam,638008,NAMAKKAL
Samiyampalayam,638183,NAMAKKAL
Sankari West,637303,NAMAKKAL
Sankaridrug RS,637302,NAMAKKAL
Sanniyasikaradu,637002,NAMAKKAL
Santhaipettaipudur,637001,NAMAKKAL
Sappayapuram,637505,NAMAKKAL
Sarkar Nattamangalam,637403,NAMAKKAL
Sathinaickenpalayam,637205,NAMAKKAL
Seerampalayam,638008,NAMAKKAL
Seetharamapalayam,637209,NAMAKKAL
Sellappampatti,637019,NAMAKKAL
Selur,637208,NAMAKKAL
Selurnadu,637411,NAMAKKAL
Semmedu,637411,NAMAKKAL
Sendamangalam,637409,NAMAKKAL
Serukkalai,637212,NAMAKKAL
Seventhipatti,621215,NAMAKKAL
Sevetturanganpatti,637015,NAMAKKAL
Siluvampatti,637003,NAMAKKAL
Singalandapuram,637412,NAMAKKAL
Singiliankombai,636202,NAMAKKAL
Sirapalli,637406,NAMAKKAL
Sirumolasi,637209,NAMAKKAL
Sirunallikoil,637213,NAMAKKAL
Sithampoondi,637203,NAMAKKAL
Solakkadu,637411,NAMAKKAL
Solasiramani,637210,NAMAKKAL
Sowdapuram,638008,NAMAKKAL
Sullipalayam,637203,NAMAKKAL
Sultanpet,638182,NAMAKKAL
Sundakattupatti,637411,NAMAKKAL
Sundamettupudur,637102,NAMAKKAL
Sungakaranpatti,637206,NAMAKKAL
Suriyampalayam,637209,NAMAKKAL
T.Jedarpalayam,637406,NAMAKKAL
Talambadi,637019,NAMAKKAL
Thaligai,637212,NAMAKKAL
Thandagoundanpalayam,636202,NAMAKKAL
Thanneerpandalpalayam,637304,NAMAKKAL
Thathaiyangarpatti,637014,NAMAKKAL
Thengalpalayam,636301,NAMAKKAL
Thethukadu,637404,NAMAKKAL
Thevur (Namakkal),637104,NAMAKKAL
Thidumal,637204,NAMAKKAL
Thillaipuram,637001,NAMAKKAL
Thimmanaickenpatti,636202,NAMAKKAL
Thindamangalam,637207,NAMAKKAL
Thinnanurnadu,637411,NAMAKKAL
Thirumanur,636202,NAMAKKAL
Thiruppulinadu,637411,NAMAKKAL
Thokkavadi,637215,NAMAKKAL
Tholur,637017,NAMAKKAL
Thoppapatti,637406,NAMAKKAL
Thottiaptti,637410,NAMAKKAL
Thottivalasu,636301,NAMAKKAL
Thummankurichi,637003,NAMAKKAL
Thusur,637002,NAMAKKAL
Thuthikulam,637404,NAMAKKAL
Thuthipalayam,637503,NAMAKKAL
Thuvarapallam,637411,NAMAKKAL
Tiruchengodu,637211,NAMAKKAL
Tiruchengodu North,637211,NAMAKKAL
Tiruchengodu South,637211,NAMAKKAL
Tirumalaipatti,637404,NAMAKKAL
Unanthangal,636142,NAMAKKAL
Unjanai,637205,NAMAKKAL
Unjanaigoundampalayam,637205,NAMAKKAL
Unjapalayam,638182,NAMAKKAL
Uppupalayam,637201,NAMAKKAL
Vadakaraiatur,637213,NAMAKKAL
Vadavathur,637013,NAMAKKAL
Vadugam,637407,NAMAKKAL
Vadugam Muniappampalayam,637407,NAMAKKAL
Vadugapalayam,637503,NAMAKKAL
Vaiappamalai,637410,NAMAKKAL
Valapurnadu,637411,NAMAKKAL
Valavanthikombai,637404,NAMAKKAL
Valavanthinadu,637411,NAMAKKAL
Valayakaranur,638183,NAMAKKAL
Valayapatti (Namakkal),637020,NAMAKKAL
Vallipuram,637003,NAMAKKAL
Varadarajapuram,637013,NAMAKKAL
Varagur,637021,NAMAKKAL
Vasanthapuram,637002,NAMAKKAL
Vattur,637205,NAMAKKAL
Veeraganurpatti,637411,NAMAKKAL
Veeranampalayam,638181,NAMAKKAL
Veerappampalayam,637105,NAMAKKAL
Velagoundampatti,637212,NAMAKKAL
Vellaiyampalayam,637103,NAMAKKAL
Vellakkalpatti,637406,NAMAKKAL
Vellandivalasai,637105,NAMAKKAL
Vellarinaickenpalayam,637101,NAMAKKAL
Velur (Namakkal),638182,NAMAKKAL
Velur Bazaar SL,638182,NAMAKKAL
Vengarai,637208,NAMAKKAL
Vengipalayam,637304,NAMAKKAL
Vennandur,637505,NAMAKKAL
Veppanpattibudur,637018,NAMAKKAL
Veppilaipatti,636202,NAMAKKAL
Vettamvbadi,637405,NAMAKKAL
Villipalayam,637207,NAMAKKAL
Visanam,637405,NAMAKKAL
Zamin Elampalli,637210,NAMAKKAL
Adderly,643102,NILGIRIS
Ambalamoola,643240,NILGIRIS
Anikorai,643206,NILGIRIS
Aracode,643216,NILGIRIS
Araihatty,643221,NILGIRIS
Aravenu,643201,NILGIRIS
Aruvankadu,643202,NILGIRIS
Athigaratti,643203,NILGIRIS
Athikunna,643241,NILGIRIS
Athipalli,643212,NILGIRIS
Avalanchi Power House,643209,NILGIRIS
Balacola,643203,NILGIRIS
Bellevue,643224,NILGIRIS
Bengalmattam,643204,NILGIRIS
Berhatti,643231,NILGIRIS
Bickatti,643209,NILGIRIS
Billicombai,643214,NILGIRIS
Bitherkad,643240,NILGIRIS
Burliar,643102,NILGIRIS
Chamraj Estate,643204,NILGIRIS
Charing Cross,643001,NILGIRIS
Cherambadi,643205,NILGIRIS
Cherambadi Tea Division,643220,NILGIRIS
Cherangode,643220,NILGIRIS
Cherumulli,643211,NILGIRIS
Chinna Coonoor,643206,NILGIRIS
Choondi,643211,NILGIRIS
Coonoor,643101,NILGIRIS
Coonoor Bazaar,643102,NILGIRIS
Coonoor RS,643102,NILGIRIS
Defence Service Staff College,643231,NILGIRIS
Denaducombai,643206,NILGIRIS
Devala,643212,NILGIRIS
Devarshola,643207,NILGIRIS
Dhavani,643007,NILGIRIS
Doddabetta,643002,NILGIRIS
Doddacombai,643219,NILGIRIS
Donnington,643217,NILGIRIS
Down Hills,643217,NILGIRIS
Dr. Basuviah Nagar,643007,NILGIRIS
Dunsandle,643005,NILGIRIS
Ebbanad,643206,NILGIRIS
Emerald,643209,NILGIRIS
Farm Tea Estate,643217,NILGIRIS
Fernhill,643004,NILGIRIS
Finger Post,643006,NILGIRIS
Glenmorgan,643237,NILGIRIS
Glenvans,643226,NILGIRIS
Gudalur Bazaar,643212,NILGIRIS
Gudalur Nilgiris,643211,NILGIRIS
Gundada,643217,NILGIRIS
Gurrency,643102,NILGIRIS
Halakkarai,643103,NILGIRIS
Hettakal,643236,NILGIRIS
Hillgrove,643102,NILGIRIS
Hubbathalai,643202,NILGIRIS
Hulical,643102,NILGIRIS
Hullathi,643007,NILGIRIS
Iduhatti,643002,NILGIRIS
Indunagar,643005,NILGIRIS
Ithalar,643004,NILGIRIS
Jegathala,643202,NILGIRIS
Kadanad,643206,NILGIRIS
Kadinamalai,643216,NILGIRIS
Kagguchi,643214,NILGIRIS
Kaikatti,643217,NILGIRIS
Kalhatti,643005,NILGIRIS
Kannerimukku,643217,NILGIRIS
Kargudi,643211,NILGIRIS
Kariashola,643225,NILGIRIS
Karumbalam,643102,NILGIRIS
Katary,643213,NILGIRIS
Katary R.S.,643102,NILGIRIS
Katary Dam,643213,NILGIRIS
Kattabettu,643214,NILGIRIS
Kayyunni,643205,NILGIRIS
Kengarai,643236,NILGIRIS
Kenthorai,643002,NILGIRIS
Ketti,643215,NILGIRIS
Ketti Palada,643215,NILGIRIS
Kil Kotagiri,643216,NILGIRIS
Kil Kotagiri Bazaar,643216,NILGIRIS
Kil Kundah,643219,NILGIRIS
Kilinjada,643213,NILGIRIS
Kinnakorai,643219,NILGIRIS
Kodanad,643217,NILGIRIS
Koderi,643213,NILGIRIS
Kokkal,643005,NILGIRIS
Kolapalli,643253,NILGIRIS
Kollimalai Oranalli,643215,NILGIRIS
Konavakorai,643217,NILGIRIS
Konnachal,643239,NILGIRIS
Korakundah,643219,NILGIRIS
Kotada Estate,643236,NILGIRIS
Kotagiri,643217,NILGIRIS
Kotagiri Bazaar,643217,NILGIRIS
Kukalthorai,643217,NILGIRIS
Kullakamby,643218,NILGIRIS
Kundah Bridge,643219,NILGIRIS
Kunjapanai,643242,NILGIRIS
Kunnalady,643241,NILGIRIS
Kuruthukuli,643004,NILGIRIS
Lauriston,643211,NILGIRIS
Lovedale,643003,NILGIRIS
M.Palada,643004,NILGIRIS
Machikolli,643211,NILGIRIS
Mangorange,643220,NILGIRIS
Manihatti,643003,NILGIRIS
Manjacombai Bazaar,643221,NILGIRIS
Manjoor,643219,NILGIRIS
Marthoma Nagar,643211,NILGIRIS
Masakkal,643217,NILGIRIS
Masinagudi,643223,NILGIRIS
Mavanahalla,643223,NILGIRIS
Mayfield,643207,NILGIRIS
Melur Nilgiris,643221,NILGIRIS
Milidane,643217,NILGIRIS
Moyarcamp,643223,NILGIRIS
Mudugula,643003,NILGIRIS
Mudumalai Sanctuary,643211,NILGIRIS
Mulligoor,643209,NILGIRIS
Mullikorai,643004,NILGIRIS
Munnanad GDS,643239,NILGIRIS
Muthorai,643004,NILGIRIS
Nadugani,643211,NILGIRIS
Naduvattam,643224,NILGIRIS
Nandhatti,643212,NILGIRIS
Nanjanad,643004,NILGIRIS
Nedugula,643217,NILGIRIS
Nellakotta,643225,NILGIRIS
Newhope,643226,NILGIRIS
Nihung,643217,NILGIRIS
Nonsuch,643238,NILGIRIS
Nunthala,643003,NILGIRIS
Ottupattarai,643105,NILGIRIS
Padanthorai,643211,NILGIRIS
Pandalur,643233,NILGIRIS
Parsons Valley,643004,NILGIRIS
Pasteur Institute,643103,NILGIRIS
Pattavayal,643240,NILGIRIS
Pegumbahalla Camp,643219,NILGIRIS
Periashola,643228,NILGIRIS
Pilloormattam,643238,NILGIRIS
Prospect,643224,NILGIRIS
Puliampara,643212,NILGIRIS
Pykaradam,643237,NILGIRIS
Rockwood Estate,643225,NILGIRIS
Sandynallah,643237,NILGIRIS
Seaforth,643228,NILGIRIS
Shanthur,643215,NILGIRIS
Sholur,643005,NILGIRIS
Singara,643223,NILGIRIS
Sogathorai,643102,NILGIRIS
Sree Madurai,643212,NILGIRIS
St Josephs College,643102,NILGIRIS
St Marys Hill,643001,NILGIRIS
Stone House Hill,643002,NILGIRIS
T Mynalai,643002,NILGIRIS
T R Bazaar,643224,NILGIRIS
T.Manihatti,643214,NILGIRIS
Thalakundah,643005,NILGIRIS
Thangadu Oranali,643003,NILGIRIS
Thiashoa,643219,NILGIRIS
Thoraihatty,643206,NILGIRIS
Thorapalli,643211,NILGIRIS
Thummanatti,643002,NILGIRIS
Thuneri,643002,NILGIRIS
Thuthurmattam,643218,NILGIRIS
Tuttapallam,643242,NILGIRIS
Udagamandalam,643001,NILGIRIS
Udagamandalam Market,643001,NILGIRIS
Udagamandalam Race Course,643001,NILGIRIS
Uppatti,643241,NILGIRIS
Vannarpet,643102,NILGIRIS
Welbeck Estate,643003,NILGIRIS
Wellington,643231,NILGIRIS
Wellington Bazaar,643231,NILGIRIS
Yedakadu,643209,NILGIRIS
Yedappalli,643103,NILGIRIS
Yellamalai,643228,NILGIRIS
Yellanhalli,643243,NILGIRIS
A.Mettur,621103,PERAMBALUR
Adaikkampatti,621118,PERAMBALUR
Adhanur,621708,PERAMBALUR
Agaramsigur,621108,PERAMBALUR
Alambadi,621107,PERAMBALUR
Alathur Gate,621109,PERAMBALUR
Ammapalayam,621101,PERAMBALUR
Andikurumbalur,621717,PERAMBALUR
Annamangalam,621102,PERAMBALUR
Anukkur,621219,PERAMBALUR
Aranarai,621212,PERAMBALUR
Arasalur,621102,PERAMBALUR
Arumbavur,621103,PERAMBALUR
Asoor,621708,PERAMBALUR
Athiyur,621108,PERAMBALUR
Ayikudi,621115,PERAMBALUR
Ayilur,621113,PERAMBALUR
Bommanapadi,621104,PERAMBALUR
Brammadesam,621115,PERAMBALUR
C.Mavilingai,621104,PERAMBALUR
Chathiramanai,621104,PERAMBALUR
Chettikulam,621104,PERAMBALUR
Elambalur,621212,PERAMBALUR
Elumur,621115,PERAMBALUR
Eraiyur,621113,PERAMBALUR
Eraiyur (Perambalur),621133,PERAMBALUR
Fathimapuram,621115,PERAMBALUR
Garudamangalam,621106,PERAMBALUR
Gudalur,621713,PERAMBALUR
Ilandaikuli,621708,PERAMBALUR
Kadambur,621110,PERAMBALUR
Kadur,621716,PERAMBALUR
Kaikalathur,621117,PERAMBALUR
Kalarampatti,621101,PERAMBALUR
Kalpadi,621113,PERAMBALUR
Kannapadi,621114,PERAMBALUR
Karai,621109,PERAMBALUR
Karianur,621117,PERAMBALUR
Kilakanavai,621104,PERAMBALUR
Kilaperambalur,621716,PERAMBALUR
Kilapuliyur,621115,PERAMBALUR
Kilumathur,621717,PERAMBALUR
Kolakkanatham,621106,PERAMBALUR
Kolathur,621106,PERAMBALUR
Koneripalayam,621212,PERAMBALUR
Koothur,621713,PERAMBALUR
Krishnapuram,621116,PERAMBALUR
Kunnam (Perambalur),621708,PERAMBALUR
Kurumbalur,621107,PERAMBALUR
Kurumbapalayam,621708,PERAMBALUR
Labbaikudikadu,621108,PERAMBALUR
Ladapuram,621101,PERAMBALUR
Madanagopalapuram,621212,PERAMBALUR
Maruvathur-ariyalur,621708,PERAMBALUR
Melamathur,621708,PERAMBALUR
Melapuliyur,621101,PERAMBALUR
Moongilpadi,621708,PERAMBALUR
Murukkankudi,621133,PERAMBALUR
Nakkasalem,621118,PERAMBALUR
Nallarikkai,621716,PERAMBALUR
Namangunam,621716,PERAMBALUR
Nannai,621717,PERAMBALUR
Nattarmangalam,621104,PERAMBALUR
Neikuppai,621116,PERAMBALUR
Nerkunam,621117,PERAMBALUR
Nochiam,621212,PERAMBALUR
Nochikulam,621713,PERAMBALUR
Nuthapur,621117,PERAMBALUR
Odhiyam,621708,PERAMBALUR
Ogalur,621108,PERAMBALUR
Olaipadi,621717,PERAMBALUR
Ootathur,621109,PERAMBALUR
P.Mettupalayam,621115,PERAMBALUR
Padalur,621109,PERAMBALUR
Palayam,621107,PERAMBALUR
Panampatti,621103,PERAMBALUR
Pandagapadi,621117,PERAMBALUR
Paravai,621717,PERAMBALUR
Pasumbalur,621117,PERAMBALUR
Pennakonam,621108,PERAMBALUR
Peraiyur,621117,PERAMBALUR
Perali,621708,PERAMBALUR
Perambalur,621212,PERAMBALUR
Perambalur Collectorate,621212,PERAMBALUR
Periyammapalayam,621110,PERAMBALUR
Perumathur,621717,PERAMBALUR
Pillankulam,621117,PERAMBALUR
Pimbalur,621117,PERAMBALUR
Puduammapalayam,621118,PERAMBALUR
Pudunaduvalur,621212,PERAMBALUR
Puduvettakudi,621716,PERAMBALUR
Ranjankudi,621115,PERAMBALUR
S.Aduthurai,621108,PERAMBALUR
Sathanur,621106,PERAMBALUR
Seedevimangalam,621109,PERAMBALUR
Sengonam,621220,PERAMBALUR
Senjeri,621107,PERAMBALUR
Siruganpur,621113,PERAMBALUR
Sirukudal,621115,PERAMBALUR
Sirumathur,621133,PERAMBALUR
Siruvachur,621113,PERAMBALUR
Siruvayalur,621118,PERAMBALUR
Sithali,621708,PERAMBALUR
T.Kalathur,621114,PERAMBALUR
Tenur,621114,PERAMBALUR
Thaluthalai,621103,PERAMBALUR
Therani,621109,PERAMBALUR
Thevaiyur,621115,PERAMBALUR
Thirumanthurai,621108,PERAMBALUR
Thiruvalandurai,621117,PERAMBALUR
Thondamandurai,621103,PERAMBALUR
Thondapadi,621116,PERAMBALUR
Thoramangalam,621220,PERAMBALUR
Tirupayar,621107,PERAMBALUR
Tungapuram,621716,PERAMBALUR
V.Kalathur,621117,PERAMBALUR
Vadakkalur,621108,PERAMBALUR
Vadakkumadevi,621219,PERAMBALUR
Vaithiyanathapuram,621717,PERAMBALUR
Valikondapuram,621115,PERAMBALUR
Varagupadi,621113,PERAMBALUR
Varagur,621708,PERAMBALUR
Vasistapuram,621716,PERAMBALUR
Vayalapadi,621716,PERAMBALUR
Vayalur,621716,PERAMBALUR
Vembavur,621116,PERAMBALUR
Vengalam,621103,PERAMBALUR
Venganur,621116,PERAMBALUR
Veppanthattai,621116,PERAMBALUR
Veppur,621717,PERAMBALUR
Viralipattipudur,621118,PERAMBALUR
Viswagudi,621102,PERAMBALUR
Yesanai,621219,PERAMBALUR
Aambukoil,622302,PUDUKKOTTAI
Adambur,614629,PUDUKKOTTAI
Adanakottai,622203,PUDUKKOTTAI
Aharapatti,622003,PUDUKKOTTAI
Akkachipatti,613301,PUDUKKOTTAI
Alangudi,622301,PUDUKKOTTAI
Alavayal,622401,PUDUKKOTTAI
Alinjiyendal,614618,PUDUKKOTTAI
Aliyanilai,614616,PUDUKKOTTAI
Amaradakki,614618,PUDUKKOTTAI
Amarasimhendrapuram,614805,PUDUKKOTTAI
Ambalpuram,622005,PUDUKKOTTAI
Ammachatram,622504,PUDUKKOTTAI
Ammapattinam,614617,PUDUKKOTTAI
Anavayal,622304,PUDUKKOTTAI
Andakulam,622203,PUDUKKOTTAI
Annavasal,622101,PUDUKKOTTAI
Arantangi,614616,PUDUKKOTTAI
Arantangi Fort,614616,PUDUKKOTTAI
Arasamalai,622402,PUDUKKOTTAI
Arasanagaripattinam,614621,PUDUKKOTTAI
Arasarkulam,614801,PUDUKKOTTAI
Arayapatti,614622,PUDUKKOTTAI
Arimalam,622201,PUDUKKOTTAI
Arputhapuram,622506,PUDUKKOTTAI
Athankaraipatti,614902,PUDUKKOTTAI
Athanur,622503,PUDUKKOTTAI
Attangudi,622003,PUDUKKOTTAI
Attani,614630,PUDUKKOTTAI
Avanathankottai,614624,PUDUKKOTTAI
Avur,622515,PUDUKKOTTAI
Ayingudi,614801,PUDUKKOTTAI
Bayamariyanendal,614619,PUDUKKOTTAI
Bhuvaneswarinagar,622001,PUDUKKOTTAI
Bramanavayal,614630,PUDUKKOTTAI
Cauvery Nagar,622501,PUDUKKOTTAI
Chidambaraviduthi,614622,PUDUKKOTTAI
Chittannavasal,622101,PUDUKKOTTAI
Chockanathapatti,622203,PUDUKKOTTAI
Edaiyathur,614616,PUDUKKOTTAI
Edayathimangalam,614620,PUDUKKOTTAI
Eganivayal,614616,PUDUKKOTTAI
Ennai,622102,PUDUKKOTTAI
Erasanayakkanpatti,621316,PUDUKKOTTAI
Erukkalakkottai,614624,PUDUKKOTTAI
Ganapathipuram,622203,PUDUKKOTTAI
Gandhinagar,622001,PUDUKKOTTAI
Ganesh Nagar,622001,PUDUKKOTTAI
Ghandarvakottai,613301,PUDUKKOTTAI
Gudalur,622412,PUDUKKOTTAI
Hirudayapuram,622505,PUDUKKOTTAI
Idaiyathur,622002,PUDUKKOTTAI
Idaiyur,614629,PUDUKKOTTAI
Illuppur,622102,PUDUKKOTTAI
Irumbanadu,622204,PUDUKKOTTAI
Irundirapatti,622102,PUDUKKOTTAI
Jegathapattinam,614619,PUDUKKOTTAI
K.Rasiamangalam,622301,PUDUKKOTTAI
Kadampatti,622302,PUDUKKOTTAI
Kadayakudi,622003,PUDUKKOTTAI
Kadukkakadu,622304,PUDUKKOTTAI
Kaikurichi,622303,PUDUKKOTTAI
Kalabam,614629,PUDUKKOTTAI
Kalabam,622301,PUDUKKOTTAI
Kalamavur,622502,PUDUKKOTTAI
Kallakottai,622302,PUDUKKOTTAI
Kallur-kilanilai,622209,PUDUKKOTTAI
Kammangadu,614616,PUDUKKOTTAI
Kanadu,614621,PUDUKKOTTAI
Kannangudi,622504,PUDUKKOTTAI
Kannanur,622409,PUDUKKOTTAI
Karaikottai,614630,PUDUKKOTTAI
Karaiyur,622002,PUDUKKOTTAI
Karakathikottai,614619,PUDUKKOTTAI
Karambakudi,622302,PUDUKKOTTAI
Karukkakurichi,622302,PUDUKKOTTAI
Karuvur,622204,PUDUKKOTTAI
Kasimpudupet,614624,PUDUKKOTTAI
Kattubawa Pallivasal,622503,PUDUKKOTTAI
Kattumavadi,614630,PUDUKKOTTAI
Keeramangalam,614624,PUDUKKOTTAI
Keeranur,622502,PUDUKKOTTAI
Keerathur,622302,PUDUKKOTTAI
Kesarapatti,622411,PUDUKKOTTAI
Kilaiyur,622502,PUDUKKOTTAI
Kilakurichi,622101,PUDUKKOTTAI
Kilanilai,622202,PUDUKKOTTAI
Kilanilai-rayavaram,622209,PUDUKKOTTAI
Kilanilaikottai,622209,PUDUKKOTTAI
Kilapanaiyur,622201,PUDUKKOTTAI
Kilathaniyam,622002,PUDUKKOTTAI
Kilikudi,622102,PUDUKKOTTAI
Killanur,622203,PUDUKKOTTAI
Killukkottai,622502,PUDUKKOTTAI
Kodivayal,614805,PUDUKKOTTAI
Kodumbalur,621316,PUDUKKOTTAI
Komapuram,613301,PUDUKKOTTAI
Konapet,622503,PUDUKKOTTAI
Kongudi,622202,PUDUKKOTTAI
Koppanapatti,622401,PUDUKKOTTAI
Kothakottai,622303,PUDUKKOTTAI
Kothamangalam,614624,PUDUKKOTTAI
Kothirapatti,622102,PUDUKKOTTAI
Kottaikadu,622304,PUDUKKOTTAI
Kottaipattinam,614619,PUDUKKOTTAI
Kottur,622404,PUDUKKOTTAI
Kovilur (Gandarvakottai),613301,PUDUKKOTTAI
Kovilur Alangudi,622301,PUDUKKOTTAI
Krishnajipattinam,614630,PUDUKKOTTAI
Kudimianmalai,622104,PUDUKKOTTAI
Kulamangalam,614624,PUDUKKOTTAI
Kulamangalam,622404,PUDUKKOTTAI
Kulandiranpattu,622302,PUDUKKOTTAI
Kulathupatti,622507,PUDUKKOTTAI
Kulathur (Pudukkottai),622504,PUDUKKOTTAI
Kulathur Kli,622202,PUDUKKOTTAI
Kulavaipatti,622201,PUDUKKOTTAI
Kulipirai,622402,PUDUKKOTTAI
Kummangudi,622202,PUDUKKOTTAI
Kummangulam,622301,PUDUKKOTTAI
Kundagavayal,614616,PUDUKKOTTAI
Kunnandarkoil,622502,PUDUKKOTTAI
Kunnathur,621316,PUDUKKOTTAI
Kuppakudi,622301,PUDUKKOTTAI
Kurumbur,614622,PUDUKKOTTAI
Kurungalur,622204,PUDUKKOTTAI
Kuruvikondanpatti,622409,PUDUKKOTTAI
L.N.Puram,614616,PUDUKKOTTAI
Lembalakudi,622412,PUDUKKOTTAI
Letchumanapatti,622502,PUDUKKOTTAI
Machuvadi,622001,PUDUKKOTTAI
Madianallur,622101,PUDUKKOTTAI
Malaikudipatti,622102,PUDUKKOTTAI
Malaiyur,622301,PUDUKKOTTAI
Manalur,614620,PUDUKKOTTAI
Manamelkudii,614620,PUDUKKOTTAI
Manaviduthi,622203,PUDUKKOTTAI
Mandaiyur,622515,PUDUKKOTTAI
Mangadu,622304,PUDUKKOTTAI
Mangalanadu,614805,PUDUKKOTTAI
Manganur,613301,PUDUKKOTTAI
Mangottai,622301,PUDUKKOTTAI
Mangudi,622101,PUDUKKOTTAI
Maramadakki,614622,PUDUKKOTTAI
Maravamadurai,622002,PUDUKKOTTAI
Marudakonviduthi,622302,PUDUKKOTTAI
Mathur,622515,PUDUKKOTTAI
Mathur Ind. Estate,622515,PUDUKKOTTAI
Mattangal,613301,PUDUKKOTTAI
Melamelanilai,622401,PUDUKKOTTAI
Melanilaivayal,622202,PUDUKKOTTAI
Melapanaiyur,622412,PUDUKKOTTAI
Melapattu,614616,PUDUKKOTTAI
Melasivapuri,622403,PUDUKKOTTAI
Melathaniyam,622002,PUDUKKOTTAI
Melur,622507,PUDUKKOTTAI
Memangalam,614616,PUDUKKOTTAI
Meppopdakudi,621316,PUDUKKOTTAI
Merpanaikadu,614624,PUDUKKOTTAI
Merpanaikadu West,614624,PUDUKKOTTAI
Mimisal,614621,PUDUKKOTTAI
Minaveli,621305,PUDUKKOTTAI
Minnathur,622203,PUDUKKOTTAI
Mirattunilai,622201,PUDUKKOTTAI
Mohanur,613301,PUDUKKOTTAI
Muckanamalaipatti,622103,PUDUKKOTTAI
Mudalipatti,622409,PUDUKKOTTAI
Mudalipatti,614902,PUDUKKOTTAI
Mullaiyur,621316,PUDUKKOTTAI
Mullankurichi,622304,PUDUKKOTTAI
Mullur,622004,PUDUKKOTTAI
Muslim Street,614616,PUDUKKOTTAI
Muthukuda,614621,PUDUKKOTTAI
N.Shanmuganathapuri,622503,PUDUKKOTTAI
Nachandupatti,622404,PUDUKKOTTAI
Nagaram,614624,PUDUKKOTTAI
Nagarapatti,622401,PUDUKKOTTAI
Nakkudi,614616,PUDUKKOTTAI
Nallur,622002,PUDUKKOTTAI
Namanasamudram,622422,PUDUKKOTTAI
Nanjur,622502,PUDUKKOTTAI
Narthamalai,622101,PUDUKKOTTAI
Nedungudi,622209,PUDUKKOTTAI
Neduvasal,622304,PUDUKKOTTAI
Neerpalani,622515,PUDUKKOTTAI
Odayalipatti,622502,PUDUKKOTTAI
Odugampatti,622502,PUDUKKOTTAI
Odukkur,622504,PUDUKKOTTAI
Okkur Perunthamarai,622204,PUDUKKOTTAI
Oliyamangalam,621308,PUDUKKOTTAI
Onangudi,622201,PUDUKKOTTAI
Oonaiyur,622505,PUDUKKOTTAI
P.Alagapuri,622503,PUDUKKOTTAI
Padirakudi,614629,PUDUKKOTTAI
Palayanerinjikudi,622002,PUDUKKOTTAI
Palayavanam,614622,PUDUKKOTTAI
Pallathividuthi,622301,PUDUKKOTTAI
Pallavarampatti,622302,PUDUKKOTTAI
Panangudi,622505,PUDUKKOTTAI
Panangulam,614624,PUDUKKOTTAI
Panayapatti,622402,PUDUKKOTTAI
Pandipathiram,614618,PUDUKKOTTAI
Panjatti,614616,PUDUKKOTTAI
Parambur,622104,PUDUKKOTTAI
Pathampatti,622301,PUDUKKOTTAI
Peraiyur,622422,PUDUKKOTTAI
Perambur,621316,PUDUKKOTTAI
Periyalur,614624,PUDUKKOTTAI
Perumanadu,622104,PUDUKKOTTAI
Perumarudur,614618,PUDUKKOTTAI
Perunavalur,614618,PUDUKKOTTAI
Perungalur,622203,PUDUKKOTTAI
Perungudi,622506,PUDUKKOTTAI
Perunjinai,622002,PUDUKKOTTAI
Pilaviduthi,622302,PUDUKKOTTAI
Pilivalam,622507,PUDUKKOTTAI
Pillaithannirpandal,622001,PUDUKKOTTAI
Ponbethi,614629,PUDUKKOTTAI
Ponnamaravathy,622407,PUDUKKOTTAI
Ponnanviduthi,622301,PUDUKKOTTAI
Poovaimanagar,614624,PUDUKKOTTAI
Poovalur,614618,PUDUKKOTTAI
Poovarasakudi,622303,PUDUKKOTTAI
Poovathakudi,614624,PUDUKKOTTAI
Poruvai,621316,PUDUKKOTTAI
Poyyadanallur,614621,PUDUKKOTTAI
Pudukkottai,622001,PUDUKKOTTAI
Pudukkottai Bus Stand,622001,PUDUKKOTTAI
Pudukkottai Collectrate,622005,PUDUKKOTTAI
Pudukkottai East,622001,PUDUKKOTTAI
Pudukkottai Ind. Estate,622004,PUDUKKOTTAI
Pudukkottai Pub Offices,622001,PUDUKKOTTAI
Pudukkottaividuthi,622301,PUDUKKOTTAI
Pudunagar,613301,PUDUKKOTTAI
Pudupatti (Pudukkottai),622408,PUDUKKOTTAI
Pudupatti (Pudukkottai),622407,PUDUKKOTTAI
Pudur-pdk,622103,PUDUKKOTTAI
Puduvakottai,614616,PUDUKKOTTAI
Puliyur,622504,PUDUKKOTTAI
Pullanviduthi,622304,PUDUKKOTTAI
Pulvayal,622104,PUDUKKOTTAI
Puthambur,622501,PUDUKKOTTAI
Rajagiri,621316,PUDUKKOTTAI
Rajagopalapuram,622003,PUDUKKOTTAI
Rajakulathur,622501,PUDUKKOTTAI
Rajapatti,622004,PUDUKKOTTAI
Ramachandrapuram (Pudukkottai),622505,PUDUKKOTTAI
Rangiem,622409,PUDUKKOTTAI
Rappusal,622102,PUDUKKOTTAI
Rarapuram,622404,PUDUKKOTTAI
Rasalipatti,621312,PUDUKKOTTAI
Ratnakottai,614616,PUDUKKOTTAI
Rayavaram (Pudukkottai),622506,PUDUKKOTTAI
Sadayampatti,622002,PUDUKKOTTAI
Sambattividuthi,622301,PUDUKKOTTAI
SanthaNatha puram,622005,PUDUKKOTTAI
Satyamangalam,622501,PUDUKKOTTAI
Selliampatti,622403,PUDUKKOTTAI
Semboodi,622401,PUDUKKOTTAI
Sengalur,622502,PUDUKKOTTAI
Sengirai,622506,PUDUKKOTTAI
Sevalur,622402,PUDUKKOTTAI
Silattur,614622,PUDUKKOTTAI
Singavanam,614630,PUDUKKOTTAI
Sipcot-pdk,622002,PUDUKKOTTAI
Sithakoor,622204,PUDUKKOTTAI
Sivapuram,622422,PUDUKKOTTAI
Sooranviduthi,622301,PUDUKKOTTAI
Srinivasanagar,622502,PUDUKKOTTAI
Subramaniapuram (Pudukkottai),614805,PUDUKKOTTAI
Sunayakadu,614622,PUDUKKOTTAI
Sundampatti,613301,PUDUKKOTTAI
Sundaram,622402,PUDUKKOTTAI
Talanur,614621,PUDUKKOTTAI
Thachankurichi,613301,PUDUKKOTTAI
Thanjur-tym,622201,PUDUKKOTTAI
Thanthani,614622,PUDUKKOTTAI
Thekkattur,622506,PUDUKKOTTAI
Themmavur,622203,PUDUKKOTTAI
Thengaithinnipatti,621316,PUDUKKOTTAI
Thenur,622401,PUDUKKOTTAI
Theravur,621316,PUDUKKOTTAI
Thiruppunavasal,614629,PUDUKKOTTAI
Thiyathur,614629,PUDUKKOTTAI
Thodaiyur,622501,PUDUKKOTTAI
Thondaimanendal,614616,PUDUKKOTTAI
Thondamanallur,622515,PUDUKKOTTAI
Thulayanur,622507,PUDUKKOTTAI
Tirugokarnam,622002,PUDUKKOTTAI
Tirukkalambur,622403,PUDUKKOTTAI
Tirukkattalai,622303,PUDUKKOTTAI
Tirumalairayapuram,622504,PUDUKKOTTAI
Tirumananjeri,622302,PUDUKKOTTAI
Tirumayam,622507,PUDUKKOTTAI
Tirunalur,614624,PUDUKKOTTAI
Tirupperunthurai,614618,PUDUKKOTTAI
Tiruppur,622502,PUDUKKOTTAI
Tiruvappur,622003,PUDUKKOTTAI
Tiruvarankulam,622303,PUDUKKOTTAI
Tuvar,622301,PUDUKKOTTAI
Unaiyur,622102,PUDUKKOTTAI
Uppiliyakudi,622504,PUDUKKOTTAI
Uthkuli,622102,PUDUKKOTTAI
V.Lakshmipuram,622412,PUDUKKOTTAI
Vadakadu,622304,PUDUKKOTTAI
Vadakattupatti,622202,PUDUKKOTTAI
Vadavalam,622004,PUDUKKOTTAI
Vaithur,622203,PUDUKKOTTAI
Valamangalam,622504,PUDUKKOTTAI
Valaramanickam,622202,PUDUKKOTTAI
Valavampatti,613301,PUDUKKOTTAI
Valayapatti (Pudukkottai),622411,PUDUKKOTTAI
Vallathirakottai,622303,PUDUKKOTTAI
Vallavari,614801,PUDUKKOTTAI
Vamban,622303,PUDUKKOTTAI
Vamban Colony,622303,PUDUKKOTTAI
Vambarampatti,622209,PUDUKKOTTAI
Vanakkankadu,622304,PUDUKKOTTAI
Vanniampatti,622003,PUDUKKOTTAI
Varappur,622203,PUDUKKOTTAI
Varpattu,622403,PUDUKKOTTAI
Vathanakottai,622203,PUDUKKOTTAI
Vayalogam,622104,PUDUKKOTTAI
Veeramangalam,614616,PUDUKKOTTAI
Veerapatti,622103,PUDUKKOTTAI
Vegupatti,622407,PUDUKKOTTAI
Veladipatti,613301,PUDUKKOTTAI
Vellalaviduthi,613301,PUDUKKOTTAI
Vellalaviduthi,622301,PUDUKKOTTAI
Vellanur,622501,PUDUKKOTTAI
Vellore,614620,PUDUKKOTTAI
Velur,621316,PUDUKKOTTAI
Vembanpatti,613301,PUDUKKOTTAI
Vembanur,622102,PUDUKKOTTAI
Vendan patti,622403,PUDUKKOTTAI
Venkatakulam,622303,PUDUKKOTTAI
Vennavalkudi,622201,PUDUKKOTTAI
Vettanur,614630,PUDUKKOTTAI
Vichchur,614617,PUDUKKOTTAI
Vilanur,614618,PUDUKKOTTAI
Vilapatti,622504,PUDUKKOTTAI
Vilathupatti,622101,PUDUKKOTTAI
Virachilai,622412,PUDUKKOTTAI
Viralimalai,621316,PUDUKKOTTAI
Viralur,621316,PUDUKKOTTAI
Yembal,622204,PUDUKKOTTAI
Abiramam,623601,RAMANATHAPURAM
Achangulam,623601,RAMANATHAPURAM
Achunthanvayal,623502,RAMANATHAPURAM
Akkamadam,623521,RAMANATHAPURAM
Akkiramesi,623705,RAMANATHAPURAM
Alagankulam,623512,RAMANATHAPURAM
Alanganoor,623712,RAMANATHAPURAM
Alimadurai,623701,RAMANATHAPURAM
Anaiyur,623601,RAMANATHAPURAM
Anandur,623401,RAMANATHAPURAM
Andavoorani,623308,RAMANATHAPURAM
Anjukottai,623407,RAMANATHAPURAM
Appanur,623703,RAMANATHAPURAM
Ariyakudi,623527,RAMANATHAPURAM
Ariyanendal,623701,RAMANATHAPURAM
Ariyangundu,623529,RAMANATHAPURAM
Ariyankottai,623525,RAMANATHAPURAM
Arunoothimangalam,623538,RAMANATHAPURAM
Athankarai,623512,RAMANATHAPURAM
Athiyuhtu,623513,RAMANATHAPURAM
Athiyur,623407,RAMANATHAPURAM
Attangudi,623525,RAMANATHAPURAM
Avarendal,623525,RAMANATHAPURAM
Ayinkudi,623401,RAMANATHAPURAM
Bharathinagar (PMK),623707,RAMANATHAPURAM
Bogalur,623527,RAMANATHAPURAM
Chathirakudi,623527,RAMANATHAPURAM
Chathurvethamangalam,623705,RAMANATHAPURAM
Chinnakeeramangalam,623402,RAMANATHAPURAM
Chitharkottai,623513,RAMANATHAPURAM
Chithoor,623502,RAMANATHAPURAM
Chithrankudi,623704,RAMANATHAPURAM
Devipattinam,623514,RAMANATHAPURAM
Devipattinam South,623514,RAMANATHAPURAM
Devipattinam West,623514,RAMANATHAPURAM
Ekkakudi,623533,RAMANATHAPURAM
Eluvanur,623605,RAMANATHAPURAM
Emaneswaram,623701,RAMANATHAPURAM
Ervadi,623515,RAMANATHAPURAM
Ervadi Dargha,623566,RAMANATHAPURAM
Ettivayal,623527,RAMANATHAPURAM
Gangaikondan,623705,RAMANATHAPURAM
Gopalapattinam,623705,RAMANATHAPURAM
Govindamangalam,623401,RAMANATHAPURAM
Gudalur,623538,RAMANATHAPURAM
Idambadal,623515,RAMANATHAPURAM
Idivilagi,623115,RAMANATHAPURAM
Ilanjembur,623704,RAMANATHAPURAM
Irudhayapuram,623525,RAMANATHAPURAM
Irumeni,623516,RAMANATHAPURAM
K.Veppankulam,623115,RAMANATHAPURAM
Kadaladi (Ramanathapuram),623703,RAMANATHAPURAM
Kadamangalam,623115,RAMANATHAPURAM
Kadugusandai,623703,RAMANATHAPURAM
Kadukkavalasai,623516,RAMANATHAPURAM
Kakkur,623711,RAMANATHAPURAM
Kalaiyur,623712,RAMANATHAPURAM
Kalari,623533,RAMANATHAPURAM
Kalimangundu,623523,RAMANATHAPURAM
Kalugoorani,623536,RAMANATHAPURAM
Kamankottai,623527,RAMANATHAPURAM
Kamudakudi,623608,RAMANATHAPURAM
Kamudi,623603,RAMANATHAPURAM
Kanjirangudi,623517,RAMANATHAPURAM
Kannirajapuram,623135,RAMANATHAPURAM
Karadarnthakudi,623705,RAMANATHAPURAM
Karankadu,623403,RAMANATHAPURAM
Karkathakudi,623538,RAMANATHAPURAM
Karumal,623711,RAMANATHAPURAM
Kattoorani,623504,RAMANATHAPURAM
Kavadipatti,623603,RAMANATHAPURAM
Kavalaivendran,623308,RAMANATHAPURAM
Kavanur,623525,RAMANATHAPURAM
Kavanur (TOR),623530,RAMANATHAPURAM
Keeranur,623704,RAMANATHAPURAM
Kidathirukkai,623704,RAMANATHAPURAM
Kilakarai,623517,RAMANATHAPURAM
Kilakidaram,623528,RAMANATHAPURAM
Kilakottai,623527,RAMANATHAPURAM
Kilamudimannarkottai,623603,RAMANATHAPURAM
Kilaperungarai,623608,RAMANATHAPURAM
Kilaramanithi,623603,RAMANATHAPURAM
Kilaselvanur,623703,RAMANATHAPURAM
Kilathooval,623706,RAMANATHAPURAM
Kiliyur,623530,RAMANATHAPURAM
Kokkarankottai,623115,RAMANATHAPURAM
Kokkurani,623538,RAMANATHAPURAM
Kombuthi,623517,RAMANATHAPURAM
Kombuthi (KMU),623603,RAMANATHAPURAM
Koodakulam,623605,RAMANATHAPURAM
Kookudi,623308,RAMANATHAPURAM
Kothiyarkottai,623531,RAMANATHAPURAM
Kottaimedu,623604,RAMANATHAPURAM
Kottakudi,623407,RAMANATHAPURAM
Kovilangulam,623603,RAMANATHAPURAM
Kulathur,623530,RAMANATHAPURAM
Kumbaram,623523,RAMANATHAPURAM
Kumbidumadurai,623517,RAMANATHAPURAM
Kunjankulam,623308,RAMANATHAPURAM
Kurumilangudi,623409,RAMANATHAPURAM
Kuruvadi,623120,RAMANATHAPURAM
Kuthakottai,623532,RAMANATHAPURAM
M M Pattinam,623706,RAMANATHAPURAM
Madavanur,623514,RAMANATHAPURAM
Malapanaiyur,623538,RAMANATHAPURAM
Mallal,623533,RAMANATHAPURAM
Mandalamanickam,623605,RAMANATHAPURAM
Mandapam,623518,RAMANATHAPURAM
Mandapam Camp,623519,RAMANATHAPURAM
Mangalakudi,623308,RAMANATHAPURAM
Mangundu,623534,RAMANATHAPURAM
Marandai,623703,RAMANATHAPURAM
Marine Fisheries,623520,RAMANATHAPURAM
Marttiyarendal,623533,RAMANATHAPURAM
Marungoor,623406,RAMANATHAPURAM
Mayakulam,623515,RAMANATHAPURAM
Melakanniseri,623601,RAMANATHAPURAM
Melakavanur,623706,RAMANATHAPURAM
Melakidaram,623528,RAMANATHAPURAM
Melakodumalur,623601,RAMANATHAPURAM
Nagaratharkurichi,623601,RAMANATHAPURAM
Nagarikathan,623404,RAMANATHAPURAM
Nainamaraickan,623523,RAMANATHAPURAM
Nainarkoil,623705,RAMANATHAPURAM
Nallirukkai,623533,RAMANATHAPURAM
Nallukurichi,623601,RAMANATHAPURAM
Nambuthalai,623403,RAMANATHAPURAM
Naranamangalam,623537,RAMANATHAPURAM
Narippaiyur,623135,RAMANATHAPURAM
Natham,623601,RAMANATHAPURAM
Nathamkulapatham,623517,RAMANATHAPURAM
Neeravikarisalkulam,623603,RAMANATHAPURAM
Neivayal,630312,RAMANATHAPURAM
Nelmadur,623608,RAMANATHAPURAM
Nerinchipatti,623603,RAMANATHAPURAM
Nilamalagiamangalam,623315,RAMANATHAPURAM
Olaikuda,623526,RAMANATHAPURAM
Ooranikottai,623308,RAMANATHAPURAM
Oppilan,623703,RAMANATHAPURAM
Orikottai,623402,RAMANATHAPURAM
Oriyur,623406,RAMANATHAPURAM
P.Kodikulam,623537,RAMANATHAPURAM
P.Sirahikottai,623705,RAMANATHAPURAM
Pakkuvetti,623604,RAMANATHAPURAM
Pamban,623521,RAMANATHAPURAM
Pambur,623706,RAMANATHAPURAM
Pammanendal,623115,RAMANATHAPURAM
Panaikulam,623522,RAMANATHAPURAM
Pananchayal,623315,RAMANATHAPURAM
Pandikanmoi,623527,RAMANATHAPURAM
Pandugudi,623404,RAMANATHAPURAM
Pannandai,623528,RAMANATHAPURAM
Paramakudi,623707,RAMANATHAPURAM
Paramakudi Bazaar,623707,RAMANATHAPURAM
Paramakudi ITI,623527,RAMANATHAPURAM
Parthibanur,623608,RAMANATHAPURAM
Pasipattinam,623409,RAMANATHAPURAM
Pasumpon,623604,RAMANATHAPURAM
Pattanamkathan,623503,RAMANATHAPURAM
Peraiyur (Ramanathapuram),623708,RAMANATHAPURAM
Peravoor,623504,RAMANATHAPURAM
Periyakulam,623703,RAMANATHAPURAM
Periyapattinam,623523,RAMANATHAPURAM
Perumalthevanpatti,623603,RAMANATHAPURAM
Perunali,623115,RAMANATHAPURAM
Perungulam (Ramanathapuram),623536,RAMANATHAPURAM
Peruvakottai,623308,RAMANATHAPURAM
Peruvayal,623513,RAMANATHAPURAM
Pidariseri,623608,RAMANATHAPURAM
Pillaiyarkulam,623120,RAMANATHAPURAM
Pirappanvalasai,623516,RAMANATHAPURAM
Pooseri,623711,RAMANATHAPURAM
Pothikulam,623704,RAMANATHAPURAM
Pottagavayal,623537,RAMANATHAPURAM
Pudukoil,623532,RAMANATHAPURAM
Pudukottai,623603,RAMANATHAPURAM
Pudukudi,623608,RAMANATHAPURAM
Pudumadam,623524,RAMANATHAPURAM
Pudupattinam,623403,RAMANATHAPURAM
Puduvalasai,623522,RAMANATHAPURAM
Pullangudi,623513,RAMANATHAPURAM
Punavasal,623601,RAMANATHAPURAM
Puthenthal,623502,RAMANATHAPURAM
Radhanur,623401,RAMANATHAPURAM
Rajasingamangalam,623525,RAMANATHAPURAM
Rajasooriyamadai,623504,RAMANATHAPURAM
Ramanathapuram,623501,RAMANATHAPURAM
Ramanathapuram Bazaar,623501,RAMANATHAPURAM
Ramanathapuram Collectorate,623503,RAMANATHAPURAM
Ramasamypatti,623603,RAMANATHAPURAM
Rameswaram,623526,RAMANATHAPURAM
Rameswaram Road,623526,RAMANATHAPURAM
Regunathamadai,623701,RAMANATHAPURAM
Regunathapuram,623523,RAMANATHAPURAM
Rettaiyurani,623534,RAMANATHAPURAM
S.Kavanur,623706,RAMANATHAPURAM
S.Kodikulam,623527,RAMANATHAPURAM
S.Mariyur,623703,RAMANATHAPURAM
S.Tharaikudi,623135,RAMANATHAPURAM
Sadayanendal,623601,RAMANATHAPURAM
Sadayaneri,623704,RAMANATHAPURAM
Sakkarakottai,623504,RAMANATHAPURAM
Sambai,623531,RAMANATHAPURAM
Sambakulam,623706,RAMANATHAPURAM
Sanaveli,623538,RAMANATHAPURAM
Sathaksalai,623806,RAMANATHAPURAM
Sathankulam,623536,RAMANATHAPURAM
Sathanur (PMK),623706,RAMANATHAPURAM
Saveriyarpattinam,623703,RAMANATHAPURAM
Saveriyarpattinam,623538,RAMANATHAPURAM
Sayalgudi,623120,RAMANATHAPURAM
Sellur,623712,RAMANATHAPURAM
Sembidaiyarkulam,623536,RAMANATHAPURAM
Sembongudi,623712,RAMANATHAPURAM
Sengudi,623525,RAMANATHAPURAM
Senkottaipatti,623708,RAMANATHAPURAM
Sevalpatti,623135,RAMANATHAPURAM
Sevvaipettai,623402,RAMANATHAPURAM
Seyyamangalam,623601,RAMANATHAPURAM
Sholandur,623537,RAMANATHAPURAM
Sikkal (Ramanathapuram),623528,RAMANATHAPURAM
Sirumalaikottai,623308,RAMANATHAPURAM
Siruvayal,623530,RAMANATHAPURAM
Sudiyur,623608,RAMANATHAPURAM
Sundaramudaiyan,623519,RAMANATHAPURAM
Sundarapandiapattinam,623406,RAMANATHAPURAM
Surankottai,623504,RAMANATHAPURAM
T. Karungulam,623527,RAMANATHAPURAM
T.Mariyur,623703,RAMANATHAPURAM
T.Nagani,630312,RAMANATHAPURAM
T.Pudukottai,623701,RAMANATHAPURAM
T.Veppankulam,623120,RAMANATHAPURAM
Teriruveli,623711,RAMANATHAPURAM
Thaduthalankottai,623608,RAMANATHAPURAM
Thangachimadam,623529,RAMANATHAPURAM
Thelichathanallur,623701,RAMANATHAPURAM
Therkutharavai,623504,RAMANATHAPURAM
Thinaikulam,623532,RAMANATHAPURAM
Thinaiyathur,623407,RAMANATHAPURAM
Thiruppullani,623532,RAMANATHAPURAM
Thonithurai,623518,RAMANATHAPURAM
Thuthinatham,623115,RAMANATHAPURAM
Tirumalkanthankottai,623115,RAMANATHAPURAM
Tirupalaikudi,623531,RAMANATHAPURAM
Tiruvadanai,623407,RAMANATHAPURAM
Tiruvarangam,623712,RAMANATHAPURAM
Tiruvetriyur,623407,RAMANATHAPURAM
Tondi,623409,RAMANATHAPURAM
Toruvalur,623530,RAMANATHAPURAM
Uchinatham,623115,RAMANATHAPURAM
Uchipuli,623534,RAMANATHAPURAM
Ulaiyur,623712,RAMANATHAPURAM
Uppoor,623525,RAMANATHAPURAM
Urapuli,623701,RAMANATHAPURAM
Uthayakudi,623705,RAMANATHAPURAM
Uthirakosamangai,623533,RAMANATHAPURAM
Vairavanendal,623502,RAMANATHAPURAM
Valanadu,623527,RAMANATHAPURAM
Valanai,623401,RAMANATHAPURAM
Valantharavai,623536,RAMANATHAPURAM
Valasai,623527,RAMANATHAPURAM
Valayapukulam,623605,RAMANATHAPURAM
Valinokkam,623528,RAMANATHAPURAM
Vallakulam,623711,RAMANATHAPURAM
Vallam,623705,RAMANATHAPURAM
Vani,623536,RAMANATHAPURAM
Vannangundu,623523,RAMANATHAPURAM
Vattanam,623409,RAMANATHAPURAM
Vedalai,623519,RAMANATHAPURAM
Veerambal,623704,RAMANATHAPURAM
Velipattanam,623504,RAMANATHAPURAM
Vellariodai,623524,RAMANATHAPURAM
Vellayapuram,623315,RAMANATHAPURAM
Vendhoni,623701,RAMANATHAPURAM
Vengalur,623608,RAMANATHAPURAM
Venkittankurichi,623712,RAMANATHAPURAM
Vennirvaikkal,623704,RAMANATHAPURAM
Vettukulam,623525,RAMANATHAPURAM
Vilangulathur,623704,RAMANATHAPURAM
Vilathur,623706,RAMANATHAPURAM
A.Komarapalayam,636117,SALEM
A.N.Mangalam,636106,SALEM
A.Thalaiyur,637103,SALEM
Achankuttapatti,636122,SALEM
Adaiyur,636501,SALEM
Adikarai,636204,SALEM
Akkarapalayam,636308,SALEM
Aladipatti,636104,SALEM
Alagapuram,636004,SALEM
Alathur,637303,SALEM
Allikuttai,636003,SALEM
Amaragundhi,636503,SALEM
Amaram,636451,SALEM
Ammampalayam,636141,SALEM
Ammapalayam,636906,SALEM
Ammapet Bazaar,636003,SALEM
Ammapettai Salem,636003,SALEM
Anaiyampatti,636105,SALEM
Andikarai,636404,SALEM
Andipatti,636307,SALEM
Annadanapatti,636002,SALEM
Anuppur,636139,SALEM
Appamasamudram,636108,SALEM
Aragalur,636101,SALEM
Aranganur,636451,SALEM
Aranoothumalai,636104,SALEM
Arasanatham,636107,SALEM
Arisipalayam,636009,SALEM
Ariyampalayam,636119,SALEM
Ariyanur,636308,SALEM
Arurpatti,636502,SALEM
Asambur,636602,SALEM
Athanurpatti,636115,SALEM
Attayampatti,637501,SALEM
Attukaranur,636304,SALEM
Atur,636102,SALEM
Aturbazaar,636102,SALEM
Ayodhiyapattinam,636103,SALEM
Ayodhiyapattinam East,636103,SALEM
Ayyamperumalpatti,636302,SALEM
Ayyanthirumaligai,636008,SALEM
Bairoji Agraharam,636308,SALEM
Banapuram,636451,SALEM
Belur (Salem),636104,SALEM
Bodinaickenpatti,636307,SALEM
Bommiampatti,636351,SALEM
Boominaickenpatti,636304,SALEM
Bukkampatti,636451,SALEM
C.N.Palayam,636104,SALEM
C.P.Valasu,636104,SALEM
Cauvery Peak,636602,SALEM
Chamrajpet (Salem),636451,SALEM
Chellapillaikuttai,636304,SALEM
Chendrayampalayam,636111,SALEM
Chennagiri,637501,SALEM
Chettichavadi,636012,SALEM
Chettimankurichi,637101,SALEM
Chettipatti,636455,SALEM
Chinnagoundanur,637303,SALEM
Chinnanur,636122,SALEM
Chinnaseeragapadi,636308,SALEM
Chinnasoragai,636502,SALEM
Chinnathanda,636303,SALEM
Chinnatirupathy,636008,SALEM
Chittoor,637101,SALEM
Chokkanathapuram,636108,SALEM
D.Perumapalayam,636122,SALEM
Dadagapatti,636006,SALEM
Dadapuram,637105,SALEM
Dadubaikuttai,636015,SALEM
Dalavaipatti,636109,SALEM
Dalavaipatti,636302,SALEM
Danishpet,636354,SALEM
Darapuram,636309,SALEM
Dasanaickenpatti,636201,SALEM
Dasavilakku,636306,SALEM
Deevattipatti,636351,SALEM
Devagoundanur,637301,SALEM
Devendrapuram,636001,SALEM
Deviyakurichi,636112,SALEM
Dinnapatti,636303,SALEM
Doramangalam,636501,SALEM
Duddampatti,636306,SALEM
E.Pethampatti,636203,SALEM
Edanganasalai,637502,SALEM
Edappadi,636105,SALEM
Egapuram,637502,SALEM
Elampillai,637502,SALEM
Erakondampatti,636451,SALEM
Erumaipatti,637102,SALEM
Erumapalayam,636015,SALEM
Fairlands,636016,SALEM
Gajjalnaickenpatti,636201,SALEM
Gandhinagar (Salem),636102,SALEM
Gangavalli,636105,SALEM
Gonur,636404,SALEM
Gopalapuram,636107,SALEM
Gorimedu,636008,SALEM
Govindampalayam,636101,SALEM
Govindapadi,636303,SALEM
Govt. College Of Engg,636011,SALEM
Gudalur,637103,SALEM
Gugai,636006,SALEM
Guttapatti,636453,SALEM
Hasthampatti,636007,SALEM
Idappadi,637101,SALEM
Idayapatti,636114,SALEM
Ilavampatti,636501,SALEM
Iluppanatham,636116,SALEM
Irugalur,637103,SALEM
Jagir Ammapalayam,636302,SALEM
Jalakantapuram,636501,SALEM
Jangammasamudram,636113,SALEM
Jawahar Mills,636005,SALEM
Jodukuli,636351,SALEM
K.Morur,636354,SALEM
Kachakaranur,636302,SALEM
Kachuppalli,637102,SALEM
Kadambur,636105,SALEM
Kadayampatti,636351,SALEM
Kakkapalayam,637504,SALEM
Kalarampatti,636107,SALEM
Kaligoundampalayam,637103,SALEM
Kalipatti,637501,SALEM
Kallanatham,636141,SALEM
Kalleripatti,636117,SALEM
Kalpaganur,636109,SALEM
Kalparapatti,637504,SALEM
Kamakkapalayam,636112,SALEM
Kamalapuram (Salem),636309,SALEM
Kamaraj Nagar Colony,636014,SALEM
Kamarajnagar,636202,SALEM
Kanakkampatti,636454,SALEM
Kanavaipudur,636354,SALEM
Kandampatti,636307,SALEM
Kandarkulamanickam,637504,SALEM
Kandashramam,636140,SALEM
Kanjanaickenpatti,636305,SALEM
Kannamoochi,636303,SALEM
Kannanderi,637102,SALEM
Kannankurichi,636008,SALEM
Kannapadi,636354,SALEM
Karadiyur,636602,SALEM
Karipatti,636106,SALEM
Kariyakoil,636138,SALEM
Karukkalvadi,636013,SALEM
Karumalaikudal,636403,SALEM
Karumanthurai,636138,SALEM
Karumapuram,636106,SALEM
Karumapuram,637302,SALEM
Karungallur,636303,SALEM
Karungalpatti,636006,SALEM
Karuppur,636012,SALEM
Karuppureddiyur,636404,SALEM
Karuvalli,636305,SALEM
Kattukottai,636121,SALEM
Kavarpanai,636116,SALEM
Kaveripatti,637104,SALEM
Kaveripuram,636303,SALEM
Keeraikadu,636601,SALEM
Keeripatti,636107,SALEM
Kethunaickenpattipudur,636354,SALEM
Kitchipalayam,636015,SALEM
Koil Puthur,636138,SALEM
Kolanaickenpatti,636452,SALEM
Kolathukombai,636139,SALEM
Kolathur (Salem),636303,SALEM
Kombuthooki,636601,SALEM
Konanchettiyur,636104,SALEM
Konasamudram,637102,SALEM
Kondalampatti,636010,SALEM
Kondappanaickenpatti,636008,SALEM
Kondayampalli,636110,SALEM
Koneripatti,637502,SALEM
Koneripatti,636113,SALEM
Kongupatti,636305,SALEM
Konreddiyur,636351,SALEM
Koonandiyur,636458,SALEM
Kootathupatti,636139,SALEM
Koppampudur,636453,SALEM
Kosavapatti,637502,SALEM
Kottagoundampatti,636011,SALEM
Kottaichedu,636601,SALEM
Kottavadi,636115,SALEM
Krishnapuram,636105,SALEM
Kudamalai,636105,SALEM
Kullampatti,636103,SALEM
Kullamudayanur,636453,SALEM
Kunnur,636138,SALEM
Kuppampatti,636501,SALEM
Kuppanur,636122,SALEM
Kuralnatham,636204,SALEM
Kurichi,636104,SALEM
Kurumbapatti,637105,SALEM
Kurumbarur,636303,SALEM
Laddivadi,636116,SALEM
Leigh Bazaar,636009,SALEM
Madayankuttai,636452,SALEM
Magnesite Mines,636302,SALEM
Malliakarai,636107,SALEM
Mallikundam,636458,SALEM
Mallikuttai,636503,SALEM
Mamangam,636302,SALEM
Manathal,636503,SALEM
Manathal Nallagoundampatti,636503,SALEM
Mangalam,637501,SALEM
Manivilundan,636121,SALEM
Manivilundan Colony,636112,SALEM
Maniyanur,636010,SALEM
Maniyaragundam,636138,SALEM
Manjakkalpatti,637301,SALEM
Manjakuttai,636602,SALEM
Manjini,636141,SALEM
Manmalai,636110,SALEM
Mannarpalayam Valapady,636115,SALEM
Mannur,636114,SALEM
Marakkadai,636004,SALEM
Marakottai,636451,SALEM
Maramangalam,636601,SALEM
Maramangalam,636503,SALEM
Maramangalathupatti,636030,SALEM
Marapparai,637410,SALEM
Maravaneri,636007,SALEM
Masilapalayam,636452,SALEM
Masinaickenpatti,636103,SALEM
Mattukaranpudur,636305,SALEM
Mattukaranur,636011,SALEM
Mayambadi,636105,SALEM
Mecheri,636453,SALEM
Melthombai,636107,SALEM
Mettu Street,636001,SALEM
Mettupatti,636455,SALEM
Mettupatti Karipatti,636111,SALEM
Mettupatti Tadanur,636103,SALEM
Mettur Thermal Project,636406,SALEM
Metturdam,636401,SALEM
Metturdam RS,636402,SALEM
Metturdam South,636401,SALEM
Meyyanur,636005,SALEM
Minnampalli,636106,SALEM
Mohan Nagar (Salem),636030,SALEM
Mookuthipalayam,636203,SALEM
Moolakurichi,636142,SALEM
Moongilerichettipatti,636455,SALEM
Moongilpadi,636012,SALEM
Morur,637304,SALEM
Mukkanur,636351,SALEM
Mulakadu,636452,SALEM
Mullur,636203,SALEM
Mulluvadi,636141,SALEM
Muluvi,636602,SALEM
Murungapatti,636307,SALEM
Muthampatti,636111,SALEM
Muthampatti,636503,SALEM
Muthunaickenpatti,636304,SALEM
Nadupatti,636351,SALEM
Naduvalur,636105,SALEM
Naduvaneri,637504,SALEM
Nagalur,636602,SALEM
Nagiampatti,636113,SALEM
Naickenpatti,636307,SALEM
Nalikalpatti,636201,SALEM
Nallagoundampatti,636304,SALEM
Nangavalli,636454,SALEM
Narasingapuram (Salem),636108,SALEM
Narasothipatti,636004,SALEM
Narayananagar,636015,SALEM
Naripadi,636105,SALEM
Nariyanur,636458,SALEM
Nattamangalam,636010,SALEM
Navakurichi,636112,SALEM
Navalur,636116,SALEM
Navapatti,636452,SALEM
Nedunchalai Nagar,636402,SALEM
Nedunkulam,637107,SALEM
Neikkarapatti,636010,SALEM
Nethimedu,636002,SALEM
Neyyamalai,636114,SALEM
Nilavarapatti,636201,SALEM
Nirmullikuttai,636139,SALEM
Odayapatti,636140,SALEM
Odiyathur,636105,SALEM
Olaipatti,636455,SALEM
Olakkachinnanur,637102,SALEM
Olapadi,636109,SALEM
Omalur,636455,SALEM
Omalur Cutcherry,636455,SALEM
Ondikadai,636602,SALEM
P.Mettur,636203,SALEM
Pachanampatti,636455,SALEM
Pagadupattu,636138,SALEM
Paithur,636141,SALEM
Pakalpatti,636304,SALEM
Pakkanadu,636501,SALEM
Palakadu,636601,SALEM
Palakadu,636110,SALEM
Palamalai Hills,636303,SALEM
Palaniyapuri,636108,SALEM
Pallipatti,636122,SALEM
Panaimadal,636117,SALEM
Panamarathupatti,636204,SALEM
Panankattur,636455,SALEM
Pannapatti,636305,SALEM
Pannavadi,636303,SALEM
Pappampadi,636306,SALEM
Pappanaickenpatti,636114,SALEM
Papparapatti,637501,SALEM
Parapatti,636203,SALEM
Parapatti Mannarpalayam,636008,SALEM
Pattipadi,636601,SALEM
Pattuthurai,636112,SALEM
Pavalathanur,636502,SALEM
Peramanur,636007,SALEM
Perappancholai,636113,SALEM
Periakadampatti,636502,SALEM
Periakrishnapuram,636115,SALEM
Periapatti,636309,SALEM
Periasathapadi,636451,SALEM
Periaseeragapadi,636308,SALEM
Periasoragai,636502,SALEM
Periavadugampatti,636354,SALEM
Periavanavasi,636457,SALEM
Periyagoundapuram,636106,SALEM
Periyakuttimaduvu,636104,SALEM
Periyeri,636101,SALEM
Periyeripatti,636503,SALEM
Perumagoudampatti,637502,SALEM
Perumampatti,636307,SALEM
Pethanaickenpalayam,636109,SALEM
Piliyur,636602,SALEM
Ponnammapet,636001,SALEM
Ponnarampatti,636115,SALEM
Poolavari Agraharam,636010,SALEM
Poosaripatti,636305,SALEM
Poovanur,636122,SALEM
Pottaneri,636453,SALEM
Pottipuram,636309,SALEM
Pudupalayam,636306,SALEM
Pudupatti (Salem),637407,SALEM
Pudupet (Salem),636141,SALEM
Pudusampalli,636403,SALEM
Puliyankurichi,636101,SALEM
Puluthikuttai,636104,SALEM
Punavasal,636116,SALEM
Pungavadi,636141,SALEM
Puthiragoundampalayam,636119,SALEM
Puthumariamman Koil,636003,SALEM
Puthur,636601,SALEM
Puthur,636010,SALEM
Puthur,636112,SALEM
R.Komarapalayam,636203,SALEM
Rajapalayam,637501,SALEM
Rajapalayam East,636116,SALEM
Rakkipatti,637504,SALEM
Ramalingapuram,636106,SALEM
Ramamurthinagar,636354,SALEM
Raman Nagar,636403,SALEM
Ramanaickenpalayam,636108,SALEM
Ramanathapuram,636104,SALEM
Ramireddipatti,636501,SALEM
S.Attayampatti,636203,SALEM
S.N.Mangalam,636106,SALEM
Sadasivapuram,636121,SALEM
Salem,636001,SALEM
Salem Bazaar,636001,SALEM
Salem Camp,636456,SALEM
Salem Collectorate,636001,SALEM
Salem Dt. Court Buildings,636007,SALEM
Salem Dt.Board Buildings,636001,SALEM
Salem East,636001,SALEM
Salem Extension,636007,SALEM
Salem Fort,636001,SALEM
Salem North,636007,SALEM
Salem Pension Lines,636006,SALEM
Salem Second Agraharam,636001,SALEM
Salem South,636006,SALEM
Salem Steel Plant,636013,SALEM
Saminaickenpatti,636011,SALEM
Samudram,636306,SALEM
Sanarapatti,636457,SALEM
Sandaipettai,636010,SALEM
Sanjeevarayanpettai,636006,SALEM
Sankaridrug,637301,SALEM
Sanniyasigundu,636015,SALEM
Sanyasipatti Agraharam,637303,SALEM
Sarkar Kollapatti,636030,SALEM
Sarkaraichettipatti,636305,SALEM
Sarkkapillaiyur,636305,SALEM
Sarvoy,636121,SALEM
Sathapadi,636121,SALEM
Savariyarpalayam,636303,SALEM
Savariyur,636501,SALEM
Seelanaickenpatti,636201,SALEM
Seeliampatti,636107,SALEM
Sekkadipatti,636104,SALEM
Selavadai,636501,SALEM
Semmanatham,636602,SALEM
Semmandapatti,636309,SALEM
Semmankudal,636304,SALEM
Sendarapatti,636110,SALEM
Sengadu,636601,SALEM
Seshanchavadi,636111,SALEM
Settiyur,636303,SALEM
Sheepfarm,636112,SALEM
Shenbagamadevi,637501,SALEM
Shevapet,636002,SALEM
Shevapet Bazaar,636002,SALEM
Shevaroy Mines,636203,SALEM
Sikkanampatti,636309,SALEM
Singipuram,636115,SALEM
Singiripatti,636303,SALEM
Sinnappampatti,636306,SALEM
Siruvachur,636112,SALEM
Sitheri,636101,SALEM
Sittampatti,636138,SALEM
Sivadapuram,636307,SALEM
Soolankurichi,636138,SALEM
Sukkampatti,636122,SALEM
Suramangalam,636005,SALEM
Suramangalam Railway Colony,636005,SALEM
Surapalli,636501,SALEM
Swaminathapuram,636009,SALEM
T.Konagapadi,636502,SALEM
Tadampatti,636014,SALEM
Tagarapudur,636110,SALEM
Talaivasal,636112,SALEM
Teppakuttai,637502,SALEM
Thalaisolai,636601,SALEM
Thamaiyanur,636115,SALEM
Thammampatti,636113,SALEM
Thammanaickenpatti,636010,SALEM
Thandanur,636117,SALEM
Thandavarayapuram,636108,SALEM
Thangamapuripattinam,636005,SALEM
Thangayur,637102,SALEM
Tharamangalam,636502,SALEM
Tharkadusundarapuram,636303,SALEM
Thathiengarpatti,636012,SALEM
Thedavur,636116,SALEM
Thekkampattu,636138,SALEM
Thenkumarai,636121,SALEM
Thettigiripatti,636451,SALEM
Thillainagar,636001,SALEM
Thinnapatti,636305,SALEM
Thirumalagiri,636307,SALEM
Thiyaganur,636101,SALEM
Tholasampatti,636503,SALEM
Thukkiampalayam,636115,SALEM
Thumbal,636114,SALEM
Thumbalpatti,636204,SALEM
Thumbipadi,636305,SALEM
Tippampatti,636204,SALEM
Tirumangalam,637302,SALEM
Udayarpalayam,636113,SALEM
Udayarpalayam (Salem),636102,SALEM
Ulipuram,636118,SALEM
Umayapuram,636119,SALEM
Umbilickampatti,636351,SALEM
Unathur,636112,SALEM
Uthamasolapuram,636010,SALEM
V.Kongarapatti,636351,SALEM
Vadachennimalai,636121,SALEM
Vadugapatti,637301,SALEM
Vaidhyagoundampudur,636115,SALEM
Vaikuntham,637103,SALEM
Valapady,636115,SALEM
Valasaiyur,636122,SALEM
Valayamadevi,636121,SALEM
Vanavasi,636457,SALEM
Varagur,636112,SALEM
Vattakadu,636012,SALEM
Vazhakombai,636113,SALEM
Vazhavandhi,636601,SALEM
Veerachipalayam,637303,SALEM
Veeragoundanur,636119,SALEM
Veerakkal,636454,SALEM
Veeranam,636122,SALEM
Veerapandi Salem,636308,SALEM
Velampatti,636139,SALEM
Vellaiyur,636116,SALEM
Vellakadai,636602,SALEM
Vellalagundam,636111,SALEM
Vellalapatti,636114,SALEM
Vellalapatti,636012,SALEM
Vellar,636451,SALEM
Vellarivalli,637101,SALEM
Velur,636601,SALEM
Vembadithalam,637504,SALEM
Vembaneri,637105,SALEM
Veppadi,621110,SALEM
Veppampoondi,636101,SALEM
Vilaripalayam,636115,SALEM
Vinayagapuram,636102,SALEM
Viraganur,636116,SALEM
Virudasampatti,636453,SALEM
West Rajapalayam,636115,SALEM
Yercaud,636601,SALEM
Yethapur,636117,SALEM
A.Karungulam,630321,SIVAGANGA
A.Mukkulam,630611,SIVAGANGA
A.Siruvayal,630305,SIVAGANGA
A.Thekkur,630201,SIVAGANGA
Ac.School,630107,SIVAGANGA
Ae.College,630004,SIVAGANGA
Ae.College,630003,SIVAGANGA
Akkavayal,630713,SIVAGANGA
Alagamanagiri,630553,SIVAGANGA
Alagappapuram,630003,SIVAGANGA
Alagapuri,630556,SIVAGANGA
Alampatti,630211,SIVAGANGA
Alangudi,630307,SIVAGANGA
Alavakottai,630553,SIVAGANGA
Alavidangan,630713,SIVAGANGA
Allinagaram,630611,SIVAGANGA
Amaravathipudur,630301,SIVAGANGA
Ambalathadi,630612,SIVAGANGA
Andichoorani,630551,SIVAGANGA
Arakottai,630303,SIVAGANGA
Aralikottai,630566,SIVAGANGA
Ariyakudi,630202,SIVAGANGA
Ariyandipuram,630702,SIVAGANGA
Arumuganagar,630211,SIVAGANGA
Athapadakki,630562,SIVAGANGA
Athikaram,630207,SIVAGANGA
Attangudi,630101,SIVAGANGA
Avanipatti,630205,SIVAGANGA
Ayyapatti,630211,SIVAGANGA
Bhramanampatti,630210,SIVAGANGA
Bosenagar (Sivaganga),630561,SIVAGANGA
Cecri Campus,630003,SIVAGANGA
Cecri Campus,630006,SIVAGANGA
Chettinad,630102,SIVAGANGA
Chinnakannanur,630609,SIVAGANGA
Chockalingampudur,630101,SIVAGANGA
Chockanathapuram,630313,SIVAGANGA
CVmangalam,630501,SIVAGANGA
Devakottai,630302,SIVAGANGA
Devakottai Extension,630303,SIVAGANGA
Devakottai Palace,630302,SIVAGANGA
Devakottai Road,630005,SIVAGANGA
Devakottai South,630302,SIVAGANGA
Devakottai West,630302,SIVAGANGA
Dharmapatti,630309,SIVAGANGA
Eluvankottai,630303,SIVAGANGA
Enathi,630562,SIVAGANGA
Eriyur,630566,SIVAGANGA
Hanumanthagudi,630303,SIVAGANGA
Idaikattur,630602,SIVAGANGA
Idayamelur,630562,SIVAGANGA
Ilayangudi,630702,SIVAGANGA
Ilayangudi West,630702,SIVAGANGA
Ilayathakudi,630205,SIVAGANGA
Illuppakudi,630202,SIVAGANGA
Indankulam,630709,SIVAGANGA
Iraniyur,630212,SIVAGANGA
Jawahar Bazaar,630561,SIVAGANGA
Jayankondan,630108,SIVAGANGA
K.Alagapuri,630106,SIVAGANGA
K.Sukkanurani,630551,SIVAGANGA
Kalagathankottai,630710,SIVAGANGA
Kalakanmoi,630555,SIVAGANGA
Kalapur,630501,SIVAGANGA
Kalayarkoil,630551,SIVAGANGA
Kalayarmangalam,630557,SIVAGANGA
Kalladithidal,623401,SIVAGANGA
Kallal,630305,SIVAGANGA
Kallampatti,630501,SIVAGANGA
Kallukatti,630001,SIVAGANGA
Kallupatti (Sivaganga),630306,SIVAGANGA
Kallurani,630559,SIVAGANGA
Kalugarkadai,630611,SIVAGANGA
Kambanur,630207,SIVAGANGA
Kanadukathan,630103,SIVAGANGA
Kanakkangudi,630562,SIVAGANGA
Kandadevi,630314,SIVAGANGA
Kandangipatti,630562,SIVAGANGA
Kandani,630562,SIVAGANGA
Kandanur,630104,SIVAGANGA
Kandanurperumalkoil,630104,SIVAGANGA
Kandavarayanpatti,630203,SIVAGANGA
Kandramanickam,630204,SIVAGANGA
Kanjirangal,630562,SIVAGANGA
Kannamangalam,630709,SIVAGANGA
Kannamangalapatti,630502,SIVAGANGA
Kannangudi,630303,SIVAGANGA
Kannar Street,630606,SIVAGANGA
Kanur,630610,SIVAGANGA
Karaikudi,630001,SIVAGANGA
Karaikudi Angadi,630001,SIVAGANGA
Karaikudi Southstreet,630002,SIVAGANGA
Karaiyur,630211,SIVAGANGA
Karisalpatti,630309,SIVAGANGA
Karkalathur,623402,SIVAGANGA
Karunchutti,630702,SIVAGANGA
Karuthavoorani,630302,SIVAGANGA
Kattambur,630210,SIVAGANGA
Kattanipatti,630553,SIVAGANGA
Kattanur,630610,SIVAGANGA
Kattikulam,630609,SIVAGANGA
Kattukudipatti,630410,SIVAGANGA
Kavathugudi,630408,SIVAGANGA
Keeladi,630612,SIVAGANGA
Keelakottai,630313,SIVAGANGA
Keelauchani,630408,SIVAGANGA
Keelayur,630702,SIVAGANGA
Kilamelgudi,630609,SIVAGANGA
Kilapasalai,630609,SIVAGANGA
Kilapungudi,630552,SIVAGANGA
Kilapungudi,630305,SIVAGANGA
Kilasevalpatti,630205,SIVAGANGA
Kilavayal,630410,SIVAGANGA
Kiliyur,630312,SIVAGANGA
Kirungakottai,630502,SIVAGANGA
Konnapanendal,623701,SIVAGANGA
Konnathanpatti,630405,SIVAGANGA
Konthagai North,630612,SIVAGANGA
Koothandam,630562,SIVAGANGA
Koratti,630206,SIVAGANGA
Kothamangalam (Sivaganga),630105,SIVAGANGA
Kothangulam,630610,SIVAGANGA
Kottaiyiruppu,630211,SIVAGANGA
Kottaiyur,630106,SIVAGANGA
Kottaiyur,630702,SIVAGANGA
Kovilur,630307,SIVAGANGA
Kulathupatti,621308,SIVAGANGA
Kumarakurichi,623701,SIVAGANGA
Kumaravelur,630411,SIVAGANGA
Kunnakudi,630206,SIVAGANGA
Kurunthampattu,630305,SIVAGANGA
Kuthalur,630307,SIVAGANGA
Ladanendal,630611,SIVAGANGA
Lakshmipuram,630105,SIVAGANGA
M.Pudur,630210,SIVAGANGA
Madagupatti,630553,SIVAGANGA
Mahibalanpatti,630203,SIVAGANGA
Malampatti,630562,SIVAGANGA
Mallakottai,630566,SIVAGANGA
Managiri,630307,SIVAGANGA
Manalur,630611,SIVAGANGA
Manamadurai,630606,SIVAGANGA
Manamadurai RS,630606,SIVAGANGA
Manamadurai Town,630606,SIVAGANGA
Mandakudipatti,630410,SIVAGANGA
Mangalam (Sivaganga),630554,SIVAGANGA
Marakathur,630551,SIVAGANGA
Maranadu,630610,SIVAGANGA
Marathur,630551,SIVAGANGA
Maviduthikottai,630303,SIVAGANGA
Melamarungur,630554,SIVAGANGA
Melapasalai,630609,SIVAGANGA
Melapatti,630502,SIVAGANGA
Melapidavur,630609,SIVAGANGA
Melarangiam,630611,SIVAGANGA
Melaseithur,630709,SIVAGANGA
Melayur,630702,SIVAGANGA
Milaganoor,630609,SIVAGANGA
Mitravayal,630108,SIVAGANGA
Mudikandam,630562,SIVAGANGA
Mudikarai,630551,SIVAGANGA
Munaivendri,623701,SIVAGANGA
Muppaiyur,623402,SIVAGANGA
Muraiyur,630501,SIVAGANGA
Musundapatti,630309,SIVAGANGA
Muthanendhal,630602,SIVAGANGA
Mutharasan,630559,SIVAGANGA
Muthupatnam,630001,SIVAGANGA
Muthupatti,630562,SIVAGANGA
Muthur,630710,SIVAGANGA
Muthur,630556,SIVAGANGA
Nachiapuram,630207,SIVAGANGA
Naduvikottai,630204,SIVAGANGA
Nagamuguthangudi,630709,SIVAGANGA
Nagarampatti,630558,SIVAGANGA
Nalukottai,630557,SIVAGANGA
Namanur,630553,SIVAGANGA
Natarajapuram (Sivaganga),630555,SIVAGANGA
Nattarasankottai,630556,SIVAGANGA
Nedumaram,630211,SIVAGANGA
Neduvayal,630410,SIVAGANGA
Nemathanpatti,630103,SIVAGANGA
Nerkuppai,630405,SIVAGANGA
Nettur,630702,SIVAGANGA
North Andakudi,630702,SIVAGANGA
O.Siruvayal,630208,SIVAGANGA
Okkur,630557,SIVAGANGA
P.Karungulam,630204,SIVAGANGA
Padamathur,630562,SIVAGANGA
Padathanpatti,630305,SIVAGANGA
Paganeri,630558,SIVAGANGA
Pahaianchan,630554,SIVAGANGA
Palavangudi,630208,SIVAGANGA
Palayanur,630610,SIVAGANGA
Pallattur,630107,SIVAGANGA
Pallithammam,630551,SIVAGANGA
Panangudi,630556,SIVAGANGA
Pannangudi,630556,SIVAGANGA
Paruthikanmoi,630551,SIVAGANGA
Patharakudi,630307,SIVAGANGA
Pattamangalam,630204,SIVAGANGA
Pavanakottai,630311,SIVAGANGA
Peerkalaikadu,630108,SIVAGANGA
Periakottai,630108,SIVAGANGA
Periakottai,630559,SIVAGANGA
Periyakannanur,630562,SIVAGANGA
Periyakarai,630311,SIVAGANGA
Pilar,630305,SIVAGANGA
Pillayarpatti,630207,SIVAGANGA
Pillur,630562,SIVAGANGA
Piramanur,630611,SIVAGANGA
Piranmalai,630502,SIVAGANGA
Piranpatti,630309,SIVAGANGA
Poovanthi,630611,SIVAGANGA
Pottapalayam,630612,SIVAGANGA
Pudur Ilayangudi,630709,SIVAGANGA
Puduvayal,630108,SIVAGANGA
Pulankurichi,630405,SIVAGANGA
Pulidipatti,630309,SIVAGANGA
Pulikanmoi,630551,SIVAGANGA
Puliyadithamam,630411,SIVAGANGA
Puliyal,630312,SIVAGANGA
Pulvoikarai,630611,SIVAGANGA
Rajagambiram,630609,SIVAGANGA
Rajani,630713,SIVAGANGA
Ranasingapuram,630211,SIVAGANGA
S.Karaikudi,630609,SIVAGANGA
S.N Pattinam,630411,SIVAGANGA
S.S.Kottai,630211,SIVAGANGA
Sakkandhi,630562,SIVAGANGA
Sakkavayal,630108,SIVAGANGA
Sakkottai,630108,SIVAGANGA
Sakkur,630713,SIVAGANGA
Salaigramam,630710,SIVAGANGA
Salur,630562,SIVAGANGA
Samudram,630710,SIVAGANGA
Sarakeni,630411,SIVAGANGA
Sathani,630709,SIVAGANGA
Sathanur,630710,SIVAGANGA
Satharasankottai,630562,SIVAGANGA
Satharasanpatti,630555,SIVAGANGA
Saveriarpattinam,630609,SIVAGANGA
Seikalathur,630609,SIVAGANGA
Sekkakudi,630408,SIVAGANGA
Sekkalai,630002,SIVAGANGA
Sembanur,630313,SIVAGANGA
Sengulipatti,630555,SIVAGANGA
Senjai,630001,SIVAGANGA
Sevalpatti,630211,SIVAGANGA
Sevarakottai,630305,SIVAGANGA
Sevvur,630405,SIVAGANGA
Shanmuganathapuram,630314,SIVAGANGA
Sholapuram,630557,SIVAGANGA
Silambani,630302,SIVAGANGA
Silukkapatti,630554,SIVAGANGA
Singampunari,630502,SIVAGANGA
Siramam,630554,SIVAGANGA
Siravayal,630207,SIVAGANGA
Sirukudalpatti,630212,SIVAGANGA
Sithivayal,630108,SIVAGANGA
Sivaganga,630561,SIVAGANGA
Sivaganga Collectorate,630562,SIVAGANGA
Sivaganga Courts,630561,SIVAGANGA
Sivaganga North,630561,SIVAGANGA
Sm Hospital,630211,SIVAGANGA
Sokkananthapuram,630411,SIVAGANGA
Sothugudi,630709,SIVAGANGA
Surakudi,630501,SIVAGANGA
Surakulam Pudukottai,630562,SIVAGANGA
Suranam,630713,SIVAGANGA
T.Pudupatti,630211,SIVAGANGA
Tamarakki,630562,SIVAGANGA
Teralapur,630303,SIVAGANGA
Thanjakur,630610,SIVAGANGA
Thayamangalam,630709,SIVAGANGA
Thidakottai,630312,SIVAGANGA
Thirani,630411,SIVAGANGA
Thogavur,630710,SIVAGANGA
Thoonugudi,623402,SIVAGANGA
Thuvaralankanmoi,630551,SIVAGANGA
Tirukalapatti,630211,SIVAGANGA
Tirukolakudi,630405,SIVAGANGA
Tirukoshtiyur,630210,SIVAGANGA
Tirumalaikoneripatti,630552,SIVAGANGA
Tirumanjolai,630562,SIVAGANGA
Tirupattur,630211,SIVAGANGA
Tirupattur Bus Stand,630211,SIVAGANGA
Tiruppachetti,630610,SIVAGANGA
Tiruppakottai,630303,SIVAGANGA
Tiruppuvanam,630611,SIVAGANGA
Tiruppuvanam Pudur,630611,SIVAGANGA
Tiruvalandur,630410,SIVAGANGA
Tiruvegampet,630408,SIVAGANGA
Tuvar,630405,SIVAGANGA
Ulagampatti,630410,SIVAGANGA
Uluthimadai,630610,SIVAGANGA
Unjanai,630202,SIVAGANGA
Uruvati,630411,SIVAGANGA
Usilangulam,630554,SIVAGANGA
Uthamanoor,630702,SIVAGANGA
V.Pudur,630410,SIVAGANGA
Vadagudi,630107,SIVAGANGA
Vaiyakalathur,630203,SIVAGANGA
Vaiyapuripatti,630501,SIVAGANGA
Valacheri,630611,SIVAGANGA
Vandal,630710,SIVAGANGA
Vanjinipatti,630201,SIVAGANGA
Varapur,630410,SIVAGANGA
Velangudi,630203,SIVAGANGA
Velarendal,630554,SIVAGANGA
Velayuthapattinam,630311,SIVAGANGA
Vellikurichi,630610,SIVAGANGA
Vembattur,630559,SIVAGANGA
Vengaipatti,630502,SIVAGANGA
Vengalore,630303,SIVAGANGA
Veppangulam,630305,SIVAGANGA
Vethiyur,630321,SIVAGANGA
Vilangattur,630408,SIVAGANGA
Viramathi,630212,SIVAGANGA
Visalayankottai,630306,SIVAGANGA
Viswanoor,630713,SIVAGANGA
Vittaneri,630556,SIVAGANGA
Achampatti,613402,THANJAVUR
Adambai,614602,THANJAVUR
Adanur,612301,THANJAVUR
Adirampattinam,614701,THANJAVUR
Adirampattinam R.S,614701,THANJAVUR
Aduthurai,612101,THANJAVUR
Aduthurai Bazar,612101,THANJAVUR
Agaramangudi,614303,THANJAVUR
Aimbadumelnagaram,613101,THANJAVUR
Aiyanapuram,613602,THANJAVUR
Akkaraivattam,614614,THANJAVUR
Aladikkumulai,614615,THANJAVUR
Alagiyanayakipuram,614723,THANJAVUR
Alakkudi,613601,THANJAVUR
Alampallam,614901,THANJAVUR
Alathur,614901,THANJAVUR
Alivalam,614602,THANJAVUR
Allur,613101,THANJAVUR
Ambalapattu,614626,THANJAVUR
Ambalapattu North,614626,THANJAVUR
Ammachathiram,612103,THANJAVUR
Ammaiyandi,614623,THANJAVUR
Ammangudi,612202,THANJAVUR
Ammanichatram,614612,THANJAVUR
Ammapet,614401,THANJAVUR
Anaikadu,614602,THANJAVUR
Anaikudi,612105,THANJAVUR
Anaikudi,613204,THANJAVUR
Andalampettai,612104,THANJAVUR
Andami,614903,THANJAVUR
Andikadu,614723,THANJAVUR
Annalagraharam,612401,THANJAVUR
Annappanpettai,613003,THANJAVUR
Aralur,612106,THANJAVUR
Arasapattu,614019,THANJAVUR
Arisikara Street,613001,THANJAVUR
Arkadu,613205,THANJAVUR
Arsuthipattu,613504,THANJAVUR
Arundavapuram,614402,THANJAVUR
Asoor,612501,THANJAVUR
Athikottai,614906,THANJAVUR
Atthiyur,612503,THANJAVUR
Attivetti,614613,THANJAVUR
Avanam,614623,THANJAVUR
Avaniapuram,612101,THANJAVUR
Avarampatti,613602,THANJAVUR
Ayyampet,614201,THANJAVUR
Ayyampet R.S,614211,THANJAVUR
Ayyavadi,612204,THANJAVUR
Azhiavaikal,614904,THANJAVUR
Baburajapuram,612302,THANJAVUR
Budalur,613602,THANJAVUR
Chakrapalli,614211,THANJAVUR
Chennampatti,613403,THANJAVUR
Chinnakadaitheru,614401,THANJAVUR
Chitrakudi,613602,THANJAVUR
Chokkanathapuram,614803,THANJAVUR
Cholagankarai,614626,THANJAVUR
Cholanmaligai,612703,THANJAVUR
Cholapuram,614902,THANJAVUR
Co-operative Buildings,613009,THANJAVUR
Darasuram,612702,THANJAVUR
Devanancheri,612501,THANJAVUR
Devarayanpettai,614204,THANJAVUR
Eachankottai,614902,THANJAVUR
Elangadu-TPL,613104,THANJAVUR
Enadi,614615,THANJAVUR
Enathikarambai,614623,THANJAVUR
Engan,612603,THANJAVUR
Eraharam,612303,THANJAVUR
Eripurakarai,614701,THANJAVUR
Ganapathi Agraharam,614202,THANJAVUR
Ganapathi Nagar,613007,THANJAVUR
Gangadarapuram,612302,THANJAVUR
Govindapuram,612101,THANJAVUR
Gudalur,613003,THANJAVUR
Ichangudi,613204,THANJAVUR
Idaiyiruppu,614302,THANJAVUR
Idayathi,614628,THANJAVUR
Ilangadu,614903,THANJAVUR
Ilangarkudi,614203,THANJAVUR
Iluppakorai,614202,THANJAVUR
Inayathukkanpatti,613005,THANJAVUR
Indalur,613102,THANJAVUR
Injikollai,612605,THANJAVUR
Innambur,612303,THANJAVUR
Irudayapuram,613001,THANJAVUR
Irumbuthalai,613504,THANJAVUR
Jambugambalpuram,613502,THANJAVUR
Kabistalam,614203,THANJAVUR
Kachamangalam,613102,THANJAVUR
Kadakadappai,613003,THANJAVUR
Kadanthankudi,614903,THANJAVUR
Kadichambadi,612501,THANJAVUR
Kadiramangalam,612106,THANJAVUR
Kaduvettividuthi,614614,THANJAVUR
Kakkarai,614625,THANJAVUR
Kakkaraikottai,614902,THANJAVUR
Kalagam,614804,THANJAVUR
Kalancheri,613504,THANJAVUR
Kalanivasal,614804,THANJAVUR
Kalathur,614804,THANJAVUR
Kalathur,612802,THANJAVUR
Kalimedu,613002,THANJAVUR
Kallaperambur,613601,THANJAVUR
Kallapuliyur,612501,THANJAVUR
Kallur,612503,THANJAVUR
Kallurnikadu,614628,THANJAVUR
Kalumangalam,613602,THANJAVUR
Kalvirayanpettai,613601,THANJAVUR
Kalyanaodai,614903,THANJAVUR
Kalyanapuram,613201,THANJAVUR
Kamakshipuram,609807,THANJAVUR
Kamatchinayakkanpalayam,614602,THANJAVUR
Kambayarnatham,613504,THANJAVUR
Kandamangalam,613104,THANJAVUR
Kandithampattu,614904,THANJAVUR
Kandiyur,613202,THANJAVUR
Kangeyampatti,613602,THANJAVUR
Kaniyakurichi,614017,THANJAVUR
Kanjanur,609804,THANJAVUR
Kannandangudi,614625,THANJAVUR
Kannanthangudi Melaiyur,614625,THANJAVUR
Kannugudi,614901,THANJAVUR
Kannugudi Kilpathi,614901,THANJAVUR
Karambakadu,614802,THANJAVUR
Karambayam,614626,THANJAVUR
Karukadipatti,614902,THANJAVUR
Karuntattankudi,613002,THANJAVUR
Karuppamanai,614804,THANJAVUR
Karuppur,609807,THANJAVUR
Karuppur,614903,THANJAVUR
Karuppur-KBS,614203,THANJAVUR
Kasanadupudur,614904,THANJAVUR
Kasangadu,614613,THANJAVUR
Kattayankadu,614803,THANJAVUR
Kattur,614019,THANJAVUR
Kavalur,614303,THANJAVUR
Kavarapattu,614625,THANJAVUR
Kilakadu,614704,THANJAVUR
Kilakattur,609807,THANJAVUR
Kilakurichi,614015,THANJAVUR
Kilamangalam,614615,THANJAVUR
Kilathiruppanthuruthi,613103,THANJAVUR
Kilauluvur,614904,THANJAVUR
Kilavastachavadi,614904,THANJAVUR
Kiliyur,614208,THANJAVUR
Koildevarayanpettai,614204,THANJAVUR
Kokkeri,614402,THANJAVUR
Kollaikadu,614628,THANJAVUR
Konerirajapuram,613101,THANJAVUR
Konulampallam,609807,THANJAVUR
Koohur,612602,THANJAVUR
Koorchi,612504,THANJAVUR
Koranattukkaruppur,612501,THANJAVUR
Korukkai Thottam,612401,THANJAVUR
Kothangudi,612602,THANJAVUR
Kottaitheru,614902,THANJAVUR
Kottaiyur,612302,THANJAVUR
Kovathagudi,614301,THANJAVUR
Kovilacherri,612503,THANJAVUR
Koviladi-TPL,613105,THANJAVUR
Kovilur (Pundi-Tj),613502,THANJAVUR
Krishnapuram,612401,THANJAVUR
Krishnarayar Agraharam,612001,THANJAVUR
Kulamangalam,614019,THANJAVUR
Kulichapattu,613501,THANJAVUR
Kumaramangalam,612602,THANJAVUR
Kumbakonam,612001,THANJAVUR
Kumbakonam Bazar,612001,THANJAVUR
Kumbakonam City,612001,THANJAVUR
Kumbakonam Cutchery,612001,THANJAVUR
Kumbakonam East,612001,THANJAVUR
Kumbakonam Market,612001,THANJAVUR
Kumbakonam R.S.,612001,THANJAVUR
Kumbakonam West,612001,THANJAVUR
Kumilakudi,613502,THANJAVUR
Kuruchi,614602,THANJAVUR
Kurungulam,613303,THANJAVUR
Kurungulam Melpathi,613303,THANJAVUR
Kuruvikarambai,614802,THANJAVUR
Kuthur,613104,THANJAVUR
Lower Anicut,612502,THANJAVUR
Madalampettai,612001,THANJAVUR
Madukkur,614903,THANJAVUR
Madukkur North,614903,THANJAVUR
Magilankottai,614701,THANJAVUR
Mahadana Street,612104,THANJAVUR
Maharajapuram,613104,THANJAVUR
Maharajapuram,612503,THANJAVUR
Mahimalai,614401,THANJAVUR
Maliyakadu,614602,THANJAVUR
Mallipattinam,614723,THANJAVUR
Manakadu,614612,THANJAVUR
Manalur,609804,THANJAVUR
Manalur,614202,THANJAVUR
Manambadi,612503,THANJAVUR
Manambuchavadi,613001,THANJAVUR
Manangorai,614206,THANJAVUR
Manayeripatti,613402,THANJAVUR
Manikudi,612504,THANJAVUR
Manjavayal,614613,THANJAVUR
Mannangadu,614613,THANJAVUR
Manojipatti,613004,THANJAVUR
Maravakadu,614704,THANJAVUR
Mariammancoil,613501,THANJAVUR
Marudakudi,613602,THANJAVUR
Marudanallur,612402,THANJAVUR
Marungapallam,614802,THANJAVUR
Marungulam,613006,THANJAVUR
Maruthuvakudi,612101,THANJAVUR
Maruvur,613203,THANJAVUR
Mathur,612602,THANJAVUR
Mathur-AYP,614206,THANJAVUR
Mattayanthidal,614302,THANJAVUR
Mattiyur,612504,THANJAVUR
Mavadukurichi,614804,THANJAVUR
Mekalathur,613102,THANJAVUR
Melaiyur,612101,THANJAVUR
Melakalakudi,613501,THANJAVUR
Melakaveri,612002,THANJAVUR
Melattur (Thanjavur),614301,THANJAVUR
Melauluvur,614904,THANJAVUR
Melavasthachavadi,613005,THANJAVUR
MGM Sanatorium,613402,THANJAVUR
Michaelpatti,613104,THANJAVUR
Mohamed Bunder,613201,THANJAVUR
Moothakurichi,614906,THANJAVUR
Mudachikadu,614804,THANJAVUR
Mudalseri,614602,THANJAVUR
Mudukadu,614612,THANJAVUR
Mukasa Nanjikottai,613006,THANJAVUR
Mukasakaduveli,613203,THANJAVUR
Mullakudi,613104,THANJAVUR
Mullangudi,612502,THANJAVUR
Mullurpattikadu,614901,THANJAVUR
Murthiambalpuram,614019,THANJAVUR
Murukkangudi,612202,THANJAVUR
Muthandipatti,613402,THANJAVUR
Nadimuthunagar,614602,THANJAVUR
Nadiyam,614802,THANJAVUR
Nadukaveri,613101,THANJAVUR
Nadur,614904,THANJAVUR
Naduvikottai,614602,THANJAVUR
Nagarasampettai,612605,THANJAVUR
Nagathi,613205,THANJAVUR
Nainankulam,614602,THANJAVUR
Nallavanniyankudikadu,613502,THANJAVUR
Nambivayal,614615,THANJAVUR
Nariyanur,614301,THANJAVUR
Natchar Koil,612602,THANJAVUR
Nattuchalai,614906,THANJAVUR
Neduntheru,614210,THANJAVUR
Neduvakottai,614625,THANJAVUR
Neivasal,614019,THANJAVUR
Nemam,613104,THANJAVUR
Neyvelivadapathi,614628,THANJAVUR
Nirathanallur,612501,THANJAVUR
Odayalur,612804,THANJAVUR
Odayarkoil,614402,THANJAVUR
Okkanad Kilaiyur,614625,THANJAVUR
Okkanadumelaiyur,614625,THANJAVUR
Ombathuveli,614302,THANJAVUR
Oppiliappankoil,612204,THANJAVUR
Orantharayankudikadu,614625,THANJAVUR
Orathur,613602,THANJAVUR
Orattanad,614625,THANJAVUR
Ottangadu,614803,THANJAVUR
Pachiyur,614902,THANJAVUR
Padirankottai,614614,THANJAVUR
Paingal,614623,THANJAVUR
Palakudi,612102,THANJAVUR
Palamaneri,613104,THANJAVUR
Palanjore,614701,THANJAVUR
Palavathankattalai,612401,THANJAVUR
Palaya Peravurni,614804,THANJAVUR
Palayapatti South,613402,THANJAVUR
Pallathur,614803,THANJAVUR
Palliagraharam,613003,THANJAVUR
Pallikondan,614602,THANJAVUR
Palliyur,613504,THANJAVUR
Pampappadaiyur,612703,THANJAVUR
Panchanathikottai,614904,THANJAVUR
Pandaravadai,614204,THANJAVUR
Pannavayal,614602,THANJAVUR
Papanasam,614205,THANJAVUR
Papanasam Bazaar,614205,THANJAVUR
Papanasam Public Office,614205,THANJAVUR
Papanasam West,614205,THANJAVUR
Pappanad,614626,THANJAVUR
Parakkalakottai,614613,THANJAVUR
Parangivettikadu,614626,THANJAVUR
Paruthicherri,612605,THANJAVUR
Paruthikottai,614904,THANJAVUR
Paruthikudi,612102,THANJAVUR
Pasupathikoil,614206,THANJAVUR
Patteeswaram,612703,THANJAVUR
Pattukottai,614601,THANJAVUR
Pattukottai R.S.,614602,THANJAVUR
Peikarambankottai,614626,THANJAVUR
Peramur,613204,THANJAVUR
Peravurni,614804,THANJAVUR
Periyakottai,614903,THANJAVUR
Perumagalur,614612,THANJAVUR
Pillaiyarpatti,613403,THANJAVUR
Pinnaiyur,614902,THANJAVUR
Pinnavasal,614804,THANJAVUR
Ponavasal,613204,THANJAVUR
Ponnapur,614904,THANJAVUR
Ponnavarayankottai,614602,THANJAVUR
Pookkara Street,613001,THANJAVUR
Poondi-TPL,613105,THANJAVUR
Poundarigapuram,612202,THANJAVUR
Poyyundarkottai,614902,THANJAVUR
Puduchatram,613105,THANJAVUR
Pudukottai Ullur,614701,THANJAVUR
Pudukudi,613402,THANJAVUR
Pulavanji,614903,THANJAVUR
Pulavankadu,614625,THANJAVUR
Pulavarnatham,613501,THANJAVUR
Puliyakudi,614402,THANJAVUR
Pullabudangudi,612301,THANJAVUR
Punaikuthikadu,614804,THANJAVUR
Punavasal,614803,THANJAVUR
Pundi-TJ,613502,THANJAVUR
Puthur-AME,614402,THANJAVUR
Puthur-PSM,614202,THANJAVUR
Puvathur,614625,THANJAVUR
Ragavambalpuram,614019,THANJAVUR
Raja Serfoji Govt College,613005,THANJAVUR
Rajaghiri,614207,THANJAVUR
Rajamadam,614701,THANJAVUR
Rajappa Nagar,613007,THANJAVUR
Ramanathapuram,613004,THANJAVUR
Ramapuram,613003,THANJAVUR
Raramuthirakottai,613501,THANJAVUR
Ravusapatti,613403,THANJAVUR
Rayamundanpatti,613402,THANJAVUR
Rendampulikadu,614723,THANJAVUR
Rendankattalai,612202,THANJAVUR
Renganathapuram,613104,THANJAVUR
Royampettai,613204,THANJAVUR
Royandur,613602,THANJAVUR
Rudrachinthamani,614612,THANJAVUR
Sakkarasamandam,613002,THANJAVUR
Sakkottai,612401,THANJAVUR
Saliamangalam,613504,THANJAVUR
Saliamangalam Bazaar,613504,THANJAVUR
Sandangadu,614615,THANJAVUR
Sannapuram,612204,THANJAVUR
Sarabendrarajanpattinam,614723,THANJAVUR
Sarukkai,614203,THANJAVUR
Sathanur,613203,THANJAVUR
Sathanur,609802,THANJAVUR
Sathyamangalam,614203,THANJAVUR
Sembalur,614901,THANJAVUR
Semmangudi,612605,THANJAVUR
Sendalai,613101,THANJAVUR
Sendankadu,614901,THANJAVUR
Sengamangalam,614804,THANJAVUR
Senganur,612504,THANJAVUR
Sengapaduthankadu,614613,THANJAVUR
Sengarangudi Pudur,612201,THANJAVUR
Sengipatti,613402,THANJAVUR
Sethubavachatram,614802,THANJAVUR
Sethurayankudikadu,614902,THANJAVUR
Seyyamangalam,613102,THANJAVUR
Sholagampatti,613102,THANJAVUR
Sholapuram,612503,THANJAVUR
Sickinaickanpettai,612504,THANJAVUR
Sillathur Ktu,614902,THANJAVUR
Siramelkudi,614903,THANJAVUR
Siruvalakadu,614803,THANJAVUR
Siruvaviduthi,614628,THANJAVUR
Sivapuram,612401,THANJAVUR
Someswarapuram,613204,THANJAVUR
Soolamangalam,614206,THANJAVUR
Soorapallam,614602,THANJAVUR
Sornakadu,614804,THANJAVUR
Sri Pushpam College,613503,THANJAVUR
Srinivasapuram,613009,THANJAVUR
Srinivasapuram (Thanjavur),614602,THANJAVUR
State Bank Colony,613004,THANJAVUR
Suliyakottai,613504,THANJAVUR
Sundaraperumalkoil,614208,THANJAVUR
Suriyanarkoil,612102,THANJAVUR
Swamimalai,612302,THANJAVUR
Swamimalai East,612302,THANJAVUR
Sydambalpuram,614904,THANJAVUR
Talayamangalam(VDR),614019,THANJAVUR
Tamarankottai,614613,THANJAVUR
Tamil University,613010,THANJAVUR
Tandankorai,614206,THANJAVUR
Tennangudi,613601,THANJAVUR
Tepperumanallur,612204,THANJAVUR
Teynampadugai,612703,THANJAVUR
Thaligaividuthy,614614,THANJAVUR
Thambikottai,614704,THANJAVUR
Thambikottai Melakadu,614704,THANJAVUR
Thandanthottam,612202,THANJAVUR
Thanjavur,613001,THANJAVUR
Thanjavur Bazaar,613001,THANJAVUR
Thanjavur City,613001,THANJAVUR
Thanjavur Collectorate,613001,THANJAVUR
Thanjavur East,613001,THANJAVUR
Thanjavur East Gate,613001,THANJAVUR
Thanjavur Housing Unit,613007,THANJAVUR
Thanjavur Medical College,613004,THANJAVUR
Thanjavur North Gate,613008,THANJAVUR
Thanjavur P&t Colony,613006,THANJAVUR
Thanjavur South,613001,THANJAVUR
Thanjavur West,613009,THANJAVUR
Thathuvancheri,612502,THANJAVUR
Thennamanad,614625,THANJAVUR
Thethuvasalpatti,613303,THANJAVUR
Thillaisthanam,613203,THANJAVUR
Thillaiyambur,612804,THANJAVUR
Thiruppanthuruthi,613103,THANJAVUR
Thiruvaiyaru,613204,THANJAVUR
Thiruvaiyaru Thiyagaraja Colony,613204,THANJAVUR
Thiruvalampozhil,613103,THANJAVUR
Thogur,613102,THANJAVUR
Thukkachi,612602,THANJAVUR
Thuvarankurichi,614613,THANJAVUR
Thuvarankurichi,612001,THANJAVUR
Tippirajapuram,612402,THANJAVUR
Tiruchinampoondi,613105,THANJAVUR
Tiruchitrambalam,614628,THANJAVUR
Tiruchottuthurai,613202,THANJAVUR
Tirukanurpatti,613303,THANJAVUR
Tirukattupalli,613104,THANJAVUR
Tirukattupalli East,613104,THANJAVUR
Tirukkarugavur,614302,THANJAVUR
Tirukodikaval,609802,THANJAVUR
Tirukoilpathu,614402,THANJAVUR
Tiruloki,609804,THANJAVUR
Tirumalaisamudram,613401,THANJAVUR
Tirumalaisamudram East,613401,THANJAVUR
Tirumandangudi,612301,THANJAVUR
Tirumangaicherry,609807,THANJAVUR
Tirumangalakottai,614905,THANJAVUR
Tirumangalakottai Kilayur,614905,THANJAVUR
Tirumangalakottai West,614905,THANJAVUR
Tirunageswaram,612204,THANJAVUR
Tirunallur Ond,614626,THANJAVUR
Tirunaraiyur,612602,THANJAVUR
Tirunilakudi,612101,THANJAVUR
Tirupanandal,612504,THANJAVUR
Tirupirambiyam,612303,THANJAVUR
Tiruppayanam,613204,THANJAVUR
Tirupuvanam,612103,THANJAVUR
Tiruvaikavur,612301,THANJAVUR
Tiruvalanjuli,612302,THANJAVUR
Tiruvattevan,614612,THANJAVUR
Tiruvidaimarudur R.S.,612104,THANJAVUR
Tiruvidaimarudur West,612104,THANJAVUR
Tiruvidamarudur,612104,THANJAVUR
Tiruvisalur,612105,THANJAVUR
Tiruvonam,614614,THANJAVUR
Tittai,613003,THANJAVUR
Tiyagarajapuram,609802,THANJAVUR
TJ Busstand,613001,THANJAVUR
TJ Co-operative Housing Colony,613007,THANJAVUR
Tyagasamudram,612301,THANJAVUR
Ukkadai,614401,THANJAVUR
Ullikadai,614202,THANJAVUR
Ullur,612001,THANJAVUR
Umamaheswarapuram,612103,THANJAVUR
Umattanad,614802,THANJAVUR
Umayalpuram,614203,THANJAVUR
Umbalapadi,614203,THANJAVUR
Unjividuthi,614614,THANJAVUR
Uranipuram,614614,THANJAVUR
Uthamadhanapuram,614205,THANJAVUR
Uthamanallur,613201,THANJAVUR
Vadakkumangudi,614303,THANJAVUR
Vadakkur,614902,THANJAVUR
Vadaseri,614905,THANJAVUR
Vaidyanathanpettai,613203,THANJAVUR
Vaiyacheri,614206,THANJAVUR
Valamarkottai,614019,THANJAVUR
Valappakudi,613104,THANJAVUR
Valayapettai,612702,THANJAVUR
Vallam East,613403,THANJAVUR
Vallam Pudur,613401,THANJAVUR
Vallam-TJ,613403,THANJAVUR
Valoothoor,614210,THANJAVUR
Vandayariruppu,614019,THANJAVUR
Vannarapettai,613601,THANJAVUR
Varagur,613101,THANJAVUR
Vattakudi,614613,THANJAVUR
Vediapuram,613205,THANJAVUR
Veeramangudi,613204,THANJAVUR
Vellamperambur,613101,THANJAVUR
Vellur-ond,614626,THANJAVUR
Vembakudi,614303,THANJAVUR
Vendakottai,614906,THANJAVUR
Vendayampatti,613402,THANJAVUR
Vengarai,614628,THANJAVUR
Vengarai East,614628,THANJAVUR
Vennamangalam,613602,THANJAVUR
Vennar Bank,613003,THANJAVUR
Veppankulam,614906,THANJAVUR
Veppathur,612105,THANJAVUR
Vettikadu,614902,THANJAVUR
Vettuvakottai,614614,THANJAVUR
Vikramam,614903,THANJAVUR
Vilangudi,613204,THANJAVUR
Vilankulam,614612,THANJAVUR
Vilar,613006,THANJAVUR
Virakkan,612504,THANJAVUR
Virayankottai,614802,THANJAVUR
Visalur,612402,THANJAVUR
Vishnampettai,613105,THANJAVUR
Voc Nagar,613007,THANJAVUR
A.Vadipatti,625602,THENI
Agamalai,625605,THENI
Alagapuri,625523,THENI
Allinagaram,625531,THENI
Ammapatti,625512,THENI
Ammatchiapuram,625531,THENI
Anaikaraipatti,625582,THENI
Anamalayanpatti,625526,THENI
Angoorpal,625518,THENI
Annanji,625531,THENI
Appipatti,625515,THENI
Athankaraipatti,625517,THENI
Aundipatti,625512,THENI
B.Ammapatti,625528,THENI
B.Meenakshipuram,625582,THENI
Bangalamedu,625531,THENI
Bodidasanpatti,625536,THENI
Bodimettu,625582,THENI
Bodinayakanur,625513,THENI
Bodinayakanur R.S.,625582,THENI
Bomminayakanpatti,625602,THENI
Buthipuram,625531,THENI
C.Pudupatti,625556,THENI
Central Station,625582,THENI
Chinnakattalai,625527,THENI
Chinnamanur,625515,THENI
Chinnaovalapuram,625515,THENI
Cumbum (Theni),625516,THENI
Devadanapatti,625602,THENI
Dharmapuri,625520,THENI
Dombcherry,625582,THENI
Endapuli,625604,THENI
Erasakkanayakanur,625515,THENI
Erumalainayakanpatti,625602,THENI
Ethakovil,625536,THENI
G.Kallupatti,625203,THENI
G.Usilampatti,625517,THENI
Gandamanayakanur,625517,THENI
Gandhinagar (Cumbum),625516,THENI
Genguvarpatti,625203,THENI
Gokilapuram,625526,THENI
Gopalapuram,625534,THENI
Govindagaram,625517,THENI
Gudalur,625518,THENI
Gullapuram,625562,THENI
Hanumanthanpatti,625533,THENI
Highwavys,625519,THENI
Jangalpatti,625520,THENI
Jeyamangalam,625603,THENI
Kadamalaikundu,625579,THENI
Kamarajapuram,625582,THENI
Kamatchipuram,625520,THENI
Kamayakoundanpatti,625521,THENI
Kanniappapillaipatti,625512,THENI
Kanniservaipatti,625515,THENI
Karunagamuthanpatti,625516,THENI
Keelagudalur,625518,THENI
Kodangipatti,625531,THENI
Koduvilarpatti,625534,THENI
Koilpatti,625562,THENI
Kombai,625522,THENI
Kombaitholu,625579,THENI
Koolayanur,625515,THENI
Kothaloothu,625512,THENI
Kothapatti,625512,THENI
Kottagudi,625582,THENI
Kottur,625534,THENI
Kovilparai,625579,THENI
Krishnampatti,625530,THENI
Kujjanur,625515,THENI
Kullappagoundanpatti,625516,THENI
Kumizhantholu,625579,THENI
Kunnur,625531,THENI
Kuppinayakanpatti,625520,THENI
Kurangani,625582,THENI
Lakshminayakanpatti,625530,THENI
Lakshmipuram (Theni),625523,THENI
Manalar,625519,THENI
Manjalar Dam,625602,THENI
Marikundu,625517,THENI
Markeyankottai,625515,THENI
Mayiladumparai,625579,THENI
Megamalai,625515,THENI
Melachokkanathapuram,625582,THENI
Melasindalachery,625524,THENI
Melmangalam,625603,THENI
Moolakadai,625579,THENI
Mottanuthu,625512,THENI
Murugamalainagar,625605,THENI
Muthulapuram,625515,THENI
Nagalapuram,625528,THENI
Nallakaruppanpatti,625604,THENI
Narayanathevanpatti,625521,THENI
Odaipatti,625540,THENI
Okkaraipatti,625517,THENI
P.Dharmathupatti,625536,THENI
Palacombai,625512,THENI
Palanichettipatti,625531,THENI
Pallavarayanpatti,625524,THENI
Pannaipuram,625524,THENI
Periyakulam,625601,THENI
Periyakulam Bazaar,625601,THENI
Periyakulam East,625604,THENI
Periyar Project,625525,THENI
Poomalaikundu,625520,THENI
Poosanuthu,625579,THENI
Pottipuram,625528,THENI
Pulikuthi,625524,THENI
Pullimankombai,625536,THENI
Rajadhani,625512,THENI
Rajagopalanpatti,625536,THENI
Rasingapuram,625528,THENI
Rengasamudram,625562,THENI
Rosanampatti,625512,THENI
Royappanpatti,625526,THENI
Sankarapuram,625530,THENI
Saruthupatti,625523,THENI
Sathakoilpatti,625602,THENI
Seelayampatti,625515,THENI
Seepalakottai,625540,THENI
Shunmugasundarapuram,625512,THENI
Silamalai,625528,THENI
Sillamarathupatti,625528,THENI
Silvarpatti,625602,THENI
Sindalacherry,625530,THENI
Siraparai,625579,THENI
Srirengapuram,625534,THENI
Subburajnagar,625582,THENI
Sukkangalpatti,625540,THENI
Surulipatti,625516,THENI
Suruliyar Lower Camp,625525,THENI
T.Kallipatti,625605,THENI
T.Meenatchipuram,625530,THENI
T.Nagar (Theni),625531,THENI
T.Subbulapuram,625536,THENI
T.V.Renganathapuram,625536,THENI
Tadichery,625534,THENI
Tamarakulam,625605,THENI
Thamminayakanpatti,625530,THENI
Thangammalpuram,625579,THENI
Thekkampatti,625517,THENI
Theni,625531,THENI
Theppampatti,625512,THENI
Thevaram,625530,THENI
Thimmarasanayakanur,625536,THENI
Thullukuttinayakanur,625705,THENI
Thummagundu,625579,THENI
U.Ammapatti,625533,THENI
Upparpatti,625534,THENI
Uppukottai,625534,THENI
Uthamapalayam,625533,THENI
Uthamapalayam Bazar,625533,THENI
Uthamapalayam West,625533,THENI
Vadagarai,625601,THENI
Vadugapatti,625603,THENI
Vaigaidamsite,625562,THENI
Vaigaiproject,625562,THENI
Varadharajnagar,625562,THENI
Varushanadu,625579,THENI
Veerapandi (Theni),625534,THENI
Vellaiyammalpuram,625540,THENI
Venkatachalapuram,625534,THENI
Venniar Estate,625538,THENI
Venniar Estate,625519,THENI
A.A. College,621211,TIRUCHIRAPPALLI
A.Pudupatti,621308,TIRUCHIRAPPALLI
Abinimangalam,621007,TIRUCHIRAPPALLI
Adavathur,620102,TIRUCHIRAPPALLI
Adhanur,621014,TIRUCHIRAPPALLI
Adhigaram,621314,TIRUCHIRAPPALLI
Administrative Office(BHEL),620014,TIRUCHIRAPPALLI
Agalanganallur,621712,TIRUCHIRAPPALLI
Alagagoundanpatti,621310,TIRUCHIRAPPALLI
Alagapuri,621210,TIRUCHIRAPPALLI
Alagarai,621209,TIRUCHIRAPPALLI
Alagiamanavalam,621005,TIRUCHIRAPPALLI
Alambadi,621722,TIRUCHIRAPPALLI
Alambakkam,621711,TIRUCHIRAPPALLI
Alangudi Mahajanam,621702,TIRUCHIRAPPALLI
Alathudayanpatti,621003,TIRUCHIRAPPALLI
Alathur,620011,TIRUCHIRAPPALLI
Alipatti,621306,TIRUCHIRAPPALLI
Allur,620101,TIRUCHIRAPPALLI
Alundalaipur,621651,TIRUCHIRAPPALLI
Amayapuram,621307,TIRUCHIRAPPALLI
Ambikapuram (Tiruchirappalli),620004,TIRUCHIRAPPALLI
Ambil,621702,TIRUCHIRAPPALLI
Ammamandapam,620006,TIRUCHIRAPPALLI
Ammangudi,621208,TIRUCHIRAPPALLI
Ammapatti,621014,TIRUCHIRAPPALLI
Amur,621204,TIRUCHIRAPPALLI
Anampatti,621312,TIRUCHIRAPPALLI
Andanallur,639101,TIRUCHIRAPPALLI
Angarai,621703,TIRUCHIRAPPALLI
Angiyam,621210,TIRUCHIRAPPALLI
Aniyapur,621307,TIRUCHIRAPPALLI
Annanagar,620026,TIRUCHIRAPPALLI
Appanallur,621208,TIRUCHIRAPPALLI
Arachi,621214,TIRUCHIRAPPALLI
Arangoor,621215,TIRUCHIRAPPALLI
Arasalur,621203,TIRUCHIRAPPALLI
Arasangudi,620013,TIRUCHIRAPPALLI
Ariyamangalam,620010,TIRUCHIRAPPALLI
Ariyavur,620009,TIRUCHIRAPPALLI
Ariyur,621702,TIRUCHIRAPPALLI
Asoor,620015,TIRUCHIRAPPALLI
Athigudi,621702,TIRUCHIRAPPALLI
Avarampatti,621307,TIRUCHIRAPPALLI
Ayanporuvai,621308,TIRUCHIRAPPALLI
Ayyampalayam,621202,TIRUCHIRAPPALLI
Ayyampatti,620015,TIRUCHIRAPPALLI
B.Mettur,621003,TIRUCHIRAPPALLI
Baderpettai,621001,TIRUCHIRAPPALLI
Balakrishnampatti,621003,TIRUCHIRAPPALLI
Balasamudram (Tiruchirappalli),621203,TIRUCHIRAPPALLI
Bharathidasan University,620024,TIRUCHIRAPPALLI
Bheemanagar,620001,TIRUCHIRAPPALLI
Bikshandarkoil,621216,TIRUCHIRAPPALLI
Boiler Project - TR,620014,TIRUCHIRAPPALLI
C Sector (BHEL) - TR,620014,TIRUCHIRAPPALLI
C.Ayyampalayam,621005,TIRUCHIRAPPALLI
Chettiapatti,621307,TIRUCHIRAPPALLI
Chinnakodunthurai,621202,TIRUCHIRAPPALLI
Chinnapallipalayam,621207,TIRUCHIRAPPALLI
Chithanatham,621312,TIRUCHIRAPPALLI
Cholanganallur,621213,TIRUCHIRAPPALLI
Clock Tower (Tiruchirappalli),620008,TIRUCHIRAPPALLI
Craw Ford Colony,620012,TIRUCHIRAPPALLI
Devanur,621214,TIRUCHIRAPPALLI
Devarappampatti,621206,TIRUCHIRAPPALLI
Devimangalam,621112,TIRUCHIRAPPALLI
Edamalaipatti Pudur,620012,TIRUCHIRAPPALLI
Edangimangalam,621712,TIRUCHIRAPPALLI
Edumalai,621007,TIRUCHIRAPPALLI
Elamanam,621302,TIRUCHIRAPPALLI
Elangakurichi,621302,TIRUCHIRAPPALLI
Endapuli,621310,TIRUCHIRAPPALLI
Erakudi,621001,TIRUCHIRAPPALLI
Esanakorai,621218,TIRUCHIRAPPALLI
Ettarai,639103,TIRUCHIRAPPALLI
EVR Nagar,620005,TIRUCHIRAPPALLI
Evur,621202,TIRUCHIRAPPALLI
Fathimanagar,620012,TIRUCHIRAPPALLI
Firka Kilaiyur,621312,TIRUCHIRAPPALLI
Golden Rock,620004,TIRUCHIRAPPALLI
Golden Rock Market,620004,TIRUCHIRAPPALLI
Golden Rock North,620004,TIRUCHIRAPPALLI
Govindapuram,621008,TIRUCHIRAPPALLI
Gunasilam,621204,TIRUCHIRAPPALLI
Gundur,620007,TIRUCHIRAPPALLI
Hapf Township,620025,TIRUCHIRAPPALLI
Ikkaraikosikurichi,621314,TIRUCHIRAPPALLI
Inamkulathur,620009,TIRUCHIRAPPALLI
Inamponnambalapatti,621315,TIRUCHIRAPPALLI
Inampuliyur,639103,TIRUCHIRAPPALLI
Industrial Colony,620010,TIRUCHIRAPPALLI
Irungalur,621105,TIRUCHIRAPPALLI
Iyyampalayam,621206,TIRUCHIRAPPALLI
Jadamangalam,621214,TIRUCHIRAPPALLI
Jainagar (Tiruchirappalli),620013,TIRUCHIRAPPALLI
Jamal Mohamed College,620020,TIRUCHIRAPPALLI
Jambumadai,621214,TIRUCHIRAPPALLI
Jambunathapuram,621205,TIRUCHIRAPPALLI
Jayankondam,621205,TIRUCHIRAPPALLI
Jiyapuram,639101,TIRUCHIRAPPALLI
K.K.Nagar (Tiruchirappalli),620021,TIRUCHIRAPPALLI
K.Palayam,621206,TIRUCHIRAPPALLI
K.Periyapatti,621306,TIRUCHIRAPPALLI
K.Sathanur,620021,TIRUCHIRAPPALLI
Kaduvetti,621207,TIRUCHIRAPPALLI
Kalingamudayanpatti,621008,TIRUCHIRAPPALLI
Kalingapatti,621308,TIRUCHIRAPPALLI
Kaliyampatti,621014,TIRUCHIRAPPALLI
Kalladipatti,621014,TIRUCHIRAPPALLI
Kallagam,621653,TIRUCHIRAPPALLI
Kallakudi North,621652,TIRUCHIRAPPALLI
Kallakudi TR,621651,TIRUCHIRAPPALLI
Kallupatti,621305,TIRUCHIRAPPALLI
Kalpalayam,621005,TIRUCHIRAPPALLI
Kalpatti,621315,TIRUCHIRAPPALLI
Kamalapuram,621215,TIRUCHIRAPPALLI
Kamarajanagar,620010,TIRUCHIRAPPALLI
Kamarajapuram (BHEL),620014,TIRUCHIRAPPALLI
Kambarasampettai,620101,TIRUCHIRAPPALLI
Kanakiliyanallur,621651,TIRUCHIRAPPALLI
Kanjanaickenpatti,621314,TIRUCHIRAPPALLI
Kannakudi,621711,TIRUCHIRAPPALLI
Kannanur,621206,TIRUCHIRAPPALLI
Kannivadugapatti,621310,TIRUCHIRAPPALLI
Kannudayanpatti,621312,TIRUCHIRAPPALLI
Kannuthu,621315,TIRUCHIRAPPALLI
Karaipatti,621314,TIRUCHIRAPPALLI
Karattampatti,621014,TIRUCHIRAPPALLI
Kargudi,621210,TIRUCHIRAPPALLI
Karikali,621210,TIRUCHIRAPPALLI
Kariyamanickam,621005,TIRUCHIRAPPALLI
Karumakavundanpatti,621307,TIRUCHIRAPPALLI
Karumalai,621310,TIRUCHIRAPPALLI
Karungulam,621315,TIRUCHIRAPPALLI
Karuppur (Manaparai),621310,TIRUCHIRAPPALLI
Kattanampatti,621206,TIRUCHIRAPPALLI
Kattukulam,621009,TIRUCHIRAPPALLI
Kattuputhur,621207,TIRUCHIRAPPALLI
Kattur Puvalur,621706,TIRUCHIRAPPALLI
Keelarasur,621653,TIRUCHIRAPPALLI
Khajamalai Colony,620020,TIRUCHIRAPPALLI
Khajanagar,620023,TIRUCHIRAPPALLI
Kidaram,621207,TIRUCHIRAPPALLI
Kilakalkandarkottai,620011,TIRUCHIRAPPALLI
Kilakunnupatti,621004,TIRUCHIRAPPALLI
Kilakurichi,620011,TIRUCHIRAPPALLI
Kilianallur,621213,TIRUCHIRAPPALLI
Kinathur,621002,TIRUCHIRAPPALLI
Kirambur,621002,TIRUCHIRAPPALLI
Kodiyalam,639115,TIRUCHIRAPPALLI
Kodumbapatti,621308,TIRUCHIRAPPALLI
Kokkudi,621653,TIRUCHIRAPPALLI
Kolakkudi,621208,TIRUCHIRAPPALLI
Konalai,621105,TIRUCHIRAPPALLI
Konappampatti,621208,TIRUCHIRAPPALLI
Kondayampettai,620005,TIRUCHIRAPPALLI
Konnagudi,621702,TIRUCHIRAPPALLI
Koothappar,620013,TIRUCHIRAPPALLI
Koppampatti,621012,TIRUCHIRAPPALLI
Koppu,639103,TIRUCHIRAPPALLI
Kothampatti,621206,TIRUCHIRAPPALLI
Kottaiyur,621001,TIRUCHIRAPPALLI
Kottapalayam,621003,TIRUCHIRAPPALLI
Kottathur,621004,TIRUCHIRAPPALLI
Kovandakurichi,621711,TIRUCHIRAPPALLI
Kovathakudi,621005,TIRUCHIRAPPALLI
Kovilpatti,621305,TIRUCHIRAPPALLI
Kovilur,621715,TIRUCHIRAPPALLI
Kuhur,621703,TIRUCHIRAPPALLI
Kulamanickam,621722,TIRUCHIRAPPALLI
Kulumani,639103,TIRUCHIRAPPALLI
Kumaravadi,621302,TIRUCHIRAPPALLI
Kumaravayalur,620102,TIRUCHIRAPPALLI
Kumulur,621712,TIRUCHIRAPPALLI
Kunjaram,607201,TIRUCHIRAPPALLI
Kurichi,621002,TIRUCHIRAPPALLI
Kuthur,621216,TIRUCHIRAPPALLI
Lalgudi,621601,TIRUCHIRAPPALLI
M.Pudupatti,621211,TIRUCHIRAPPALLI
M.Puthur,621203,TIRUCHIRAPPALLI
Mahadevi,621214,TIRUCHIRAPPALLI
Malaiadivaram,620013,TIRUCHIRAPPALLI
Malayadipatti,621307,TIRUCHIRAPPALLI
Malliampattu,620102,TIRUCHIRAPPALLI
Malvoy,621652,TIRUCHIRAPPALLI
Malvoy Kannanur,621652,TIRUCHIRAPPALLI
Mambarai,621006,TIRUCHIRAPPALLI
Manachanalloor,621005,TIRUCHIRAPPALLI
Manakkal,621703,TIRUCHIRAPPALLI
Manalodai,621002,TIRUCHIRAPPALLI
Manamedu,621209,TIRUCHIRAPPALLI
Manaparai,621306,TIRUCHIRAPPALLI
Manaparai R.S,621306,TIRUCHIRAPPALLI
Mangalam,621205,TIRUCHIRAPPALLI
Manikandam,620012,TIRUCHIRAPPALLI
Maniyankurichi,621310,TIRUCHIRAPPALLI
Manjampatti,621307,TIRUCHIRAPPALLI
Mannarpuram,620020,TIRUCHIRAPPALLI
Manthurai,621703,TIRUCHIRAPPALLI
Maradi,621003,TIRUCHIRAPPALLI
Marudur,621112,TIRUCHIRAPPALLI
Marungapuri,621305,TIRUCHIRAPPALLI
Maruthandakurichi,620102,TIRUCHIRAPPALLI
Maruvathur,621002,TIRUCHIRAPPALLI
Mavilipatti,621205,TIRUCHIRAPPALLI
Mekkudi,639101,TIRUCHIRAPPALLI
Melakalkandarkottai,620011,TIRUCHIRAPPALLI
Melaperungavur,621218,TIRUCHIRAPPALLI
Melarasur,621652,TIRUCHIRAPPALLI
Melavalady,621218,TIRUCHIRAPPALLI
Melur,620006,TIRUCHIRAPPALLI
Methal,621653,TIRUCHIRAPPALLI
Mettupalayam,621210,TIRUCHIRAPPALLI
Mettupatti,621706,TIRUCHIRAPPALLI
Mettupatti,621211,TIRUCHIRAPPALLI
Minnathampatti,621215,TIRUCHIRAPPALLI
Mohavanur,621302,TIRUCHIRAPPALLI
Moovanur,621006,TIRUCHIRAPPALLI
Mullal,621706,TIRUCHIRAPPALLI
Murukkur,621008,TIRUCHIRAPPALLI
Murungai,621207,TIRUCHIRAPPALLI
Murungai Kalathur,621207,TIRUCHIRAPPALLI
Musiri,621211,TIRUCHIRAPPALLI
Mutalvarapatti,621305,TIRUCHIRAPPALLI
Muthapudayanpatti,621306,TIRUCHIRAPPALLI
Mutharasanallur,620101,TIRUCHIRAPPALLI
Muthiyampalayam,621004,TIRUCHIRAPPALLI
N.Poolampatti,621302,TIRUCHIRAPPALLI
Nachilipatti,621011,TIRUCHIRAPPALLI
Nadupatti,621315,TIRUCHIRAPPALLI
Naduvalur,621004,TIRUCHIRAPPALLI
Nagaiyanallur,621207,TIRUCHIRAPPALLI
Nagalapuram,621002,TIRUCHIRAPPALLI
Nagamanaickenpatti,621001,TIRUCHIRAPPALLI
Nagamangalam,620012,TIRUCHIRAPPALLI
Naganallur,621012,TIRUCHIRAPPALLI
Nagar,621703,TIRUCHIRAPPALLI
Nallampillai,621307,TIRUCHIRAPPALLI
Natarajapuram,620013,TIRUCHIRAPPALLI
Natham Balasamudram,621008,TIRUCHIRAPPALLI
Nathamangudi,621711,TIRUCHIRAPPALLI
National Institute of Technology,620015,TIRUCHIRAPPALLI
Navalpattu,620016,TIRUCHIRAPPALLI
Navalurkottapattu,620009,TIRUCHIRAPPALLI
Nedungur,621105,TIRUCHIRAPPALLI
Neeliampatti,621208,TIRUCHIRAPPALLI
Neikuppai,621111,TIRUCHIRAPPALLI
Neiveli,621217,TIRUCHIRAPPALLI
Nettavelampatti,621003,TIRUCHIRAPPALLI
Nochiam,621216,TIRUCHIRAPPALLI
Odayalampudur,621215,TIRUCHIRAPPALLI
Oddampatti,621008,TIRUCHIRAPPALLI
Okkarai,621008,TIRUCHIRAPPALLI
Omandur,621006,TIRUCHIRAPPALLI
Ordnance Estate - TR,620016,TIRUCHIRAPPALLI
P & T Colony (Tiruchirappalli),620020,TIRUCHIRAPPALLI
Pachaperumalpatti,621003,TIRUCHIRAPPALLI
Pagalavadi,621014,TIRUCHIRAPPALLI
Paganur,620009,TIRUCHIRAPPALLI
Paithamparai,621205,TIRUCHIRAPPALLI
Palakkarai,620008,TIRUCHIRAPPALLI
Palakurichi,621308,TIRUCHIRAPPALLI
Palanganangudi,620025,TIRUCHIRAPPALLI
Palayakottai,621302,TIRUCHIRAPPALLI
Palayapalayam,621314,TIRUCHIRAPPALLI
Pallakadu,620102,TIRUCHIRAPPALLI
Pallapuram,621712,TIRUCHIRAPPALLI
Pallividai,621112,TIRUCHIRAPPALLI
Paluvanji,621305,TIRUCHIRAPPALLI
Pannankombu,621306,TIRUCHIRAPPALLI
Pannipatti,621302,TIRUCHIRAPPALLI
Pappakurichi Kattur,620019,TIRUCHIRAPPALLI
Parvathipuram,621211,TIRUCHIRAPPALLI
Pathalapettai,620013,TIRUCHIRAPPALLI
Perahambi,621104,TIRUCHIRAPPALLI
Peramangalam,621006,TIRUCHIRAPPALLI
Periavarsili,621218,TIRUCHIRAPPALLI
Periya Anaikaraipatti,621315,TIRUCHIRAPPALLI
Periyakurukkai,621105,TIRUCHIRAPPALLI
Periyamangalam,621011,TIRUCHIRAPPALLI
Perugamani,639115,TIRUCHIRAPPALLI
Perur,621205,TIRUCHIRAPPALLI
Peruvalanallur,621712,TIRUCHIRAPPALLI
Peruvalappur,621651,TIRUCHIRAPPALLI
Pettavaithalai,639112,TIRUCHIRAPPALLI
Pidaramangalam,621207,TIRUCHIRAPPALLI
Pillapalayam,621210,TIRUCHIRAPPALLI
Pillupatti,621314,TIRUCHIRAPPALLI
Piranpatti (Manaparai),621305,TIRUCHIRAPPALLI
Pirattiyur,620009,TIRUCHIRAPPALLI
Poigaipatti,621306,TIRUCHIRAPPALLI
Ponnagar,620001,TIRUCHIRAPPALLI
Ponnaiar Dam,621315,TIRUCHIRAPPALLI
Ponniah School Buildings,620001,TIRUCHIRAPPALLI
Ponnusangampatti,621206,TIRUCHIRAPPALLI
Poolambadi,621110,TIRUCHIRAPPALLI
Poolancheri,621208,TIRUCHIRAPPALLI
Poonampalayam,621009,TIRUCHIRAPPALLI
Poosaripatti,621307,TIRUCHIRAPPALLI
Porathakudi,621302,TIRUCHIRAPPALLI
Pothamettupatti,621306,TIRUCHIRAPPALLI
Puduattur,621101,TIRUCHIRAPPALLI
Pudukkottai (Vaiyampatti),621315,TIRUCHIRAPPALLI
Pudukottai,639112,TIRUCHIRAPPALLI
Pudur,621002,TIRUCHIRAPPALLI
Pudur Uthamanur,621712,TIRUCHIRAPPALLI
Pudurpalayam,621711,TIRUCHIRAPPALLI
Pukkathurai,621213,TIRUCHIRAPPALLI
Pulangulathupatti,620009,TIRUCHIRAPPALLI
Pulivalam (Tiruchirappalli),621006,TIRUCHIRAPPALLI
Pullambadi,621711,TIRUCHIRAPPALLI
Punjai Sangentai,621711,TIRUCHIRAPPALLI
Purathakudi,621111,TIRUCHIRAPPALLI
Pushpanagar,620001,TIRUCHIRAPPALLI
Puthanampatti,621007,TIRUCHIRAPPALLI
Puthanatham,621310,TIRUCHIRAPPALLI
Puthur,620017,TIRUCHIRAPPALLI
Puthur,621011,TIRUCHIRAPPALLI
Puvalur,621712,TIRUCHIRAPPALLI
R.Valavanur,621111,TIRUCHIRAPPALLI
Rajampalayam,621005,TIRUCHIRAPPALLI
Ramalinganagar South,620017,TIRUCHIRAPPALLI
Ramjeenagar,620009,TIRUCHIRAPPALLI
Ranjithapuram,620020,TIRUCHIRAPPALLI
Reddiapatti,621001,TIRUCHIRAPPALLI
Reddimangudi,621105,TIRUCHIRAPPALLI
Renganagar,620006,TIRUCHIRAPPALLI
Rock Fort,620002,TIRUCHIRAPPALLI
Salainagar,620003,TIRUCHIRAPPALLI
Samayapuram,621112,TIRUCHIRAPPALLI
Samudram,621312,TIRUCHIRAPPALLI
Sangampatti,621001,TIRUCHIRAPPALLI
Sannavur,621651,TIRUCHIRAPPALLI
Sathamangalam,621703,TIRUCHIRAPPALLI
Sellipalayam,621002,TIRUCHIRAPPALLI
Sembulichampatti,621002,TIRUCHIRAPPALLI
Senappanallur,621001,TIRUCHIRAPPALLI
Sengaraiyur,621702,TIRUCHIRAPPALLI
Sengattupatti,621002,TIRUCHIRAPPALLI
Sennakarai,621213,TIRUCHIRAPPALLI
Senthanneerpuram,620004,TIRUCHIRAPPALLI
Sergudi,621208,TIRUCHIRAPPALLI
Servaikaranpatti,621215,TIRUCHIRAPPALLI
Sevalpatti,621314,TIRUCHIRAPPALLI
Sevalur,621306,TIRUCHIRAPPALLI
Shanamangalam,621104,TIRUCHIRAPPALLI
Sikkathambur,621008,TIRUCHIRAPPALLI
Silaipillaiyarputhur,621207,TIRUCHIRAPPALLI
Sillakudi,621653,TIRUCHIRAPPALLI
Singalandapuram,621014,TIRUCHIRAPPALLI
Sirathope,620102,TIRUCHIRAPPALLI
Sircarpalayam,620010,TIRUCHIRAPPALLI
Sirugamani,639115,TIRUCHIRAPPALLI
Sirugambur,621213,TIRUCHIRAPPALLI
Siruganur,621105,TIRUCHIRAPPALLI
Sirukalappur,621651,TIRUCHIRAPPALLI
Sirumayankudi,621706,TIRUCHIRAPPALLI
Sirunavalur,621001,TIRUCHIRAPPALLI
Sirupathur,621009,TIRUCHIRAPPALLI
Sithambur,621204,TIRUCHIRAPPALLI
Sittalarai,621211,TIRUCHIRAPPALLI
Sivankoil,621703,TIRUCHIRAPPALLI
Somarasampettai,620102,TIRUCHIRAPPALLI
Sorathur,621002,TIRUCHIRAPPALLI
Srinivasanagar (Tiruchirappalli),620005,TIRUCHIRAPPALLI
Srinivasanallur,621209,TIRUCHIRAPPALLI
Sriramasamudram,621207,TIRUCHIRAPPALLI
Srirangam,620006,TIRUCHIRAPPALLI
Srirangam North,620006,TIRUCHIRAPPALLI
Srirangam West,620006,TIRUCHIRAPPALLI
Subramaniapuram (Tiruchirappalli),620020,TIRUCHIRAPPALLI
Sundaikkai,621202,TIRUCHIRAPPALLI
Sundararajanagar,620020,TIRUCHIRAPPALLI
Surampatti,621208,TIRUCHIRAPPALLI
Suriyur,620025,TIRUCHIRAPPALLI
"T,pudupatti",621217,TIRUCHIRAPPALLI
T.Baderpettai,621012,TIRUCHIRAPPALLI
T.Idayapatti,621308,TIRUCHIRAPPALLI
T.Murungaipatti,621012,TIRUCHIRAPPALLI
T.Narasingapuram,621008,TIRUCHIRAPPALLI
T.Renganathapuram,621002,TIRUCHIRAPPALLI
T.Sathanur,621004,TIRUCHIRAPPALLI
T.Valaiyur,621104,TIRUCHIRAPPALLI
Tadakkavundanpatti,621305,TIRUCHIRAPPALLI
Tappay,621651,TIRUCHIRAPPALLI
Tattamangalam,621005,TIRUCHIRAPPALLI
Tennur,620017,TIRUCHIRAPPALLI
Teppakulam,620002,TIRUCHIRAPPALLI
Thachankurichi,621712,TIRUCHIRAPPALLI
Thalakudi,621216,TIRUCHIRAPPALLI
Thalamalaipatti,621215,TIRUCHIRAPPALLI
Thalugaimangapattipudur,621012,TIRUCHIRAPPALLI
Thandalai,621217,TIRUCHIRAPPALLI
Thandalaiputhur,621217,TIRUCHIRAPPALLI
Thanneerpallam,621011,TIRUCHIRAPPALLI
Thathiengarpet,621214,TIRUCHIRAPPALLI
Thavalaveeranpatti,621311,TIRUCHIRAPPALLI
Thayanur,620102,TIRUCHIRAPPALLI
Thenur (Manaparai),621308,TIRUCHIRAPPALLI
Thethur,621314,TIRUCHIRAPPALLI
Thiagesaralai,621312,TIRUCHIRAPPALLI
Thillai Nagar,620018,TIRUCHIRAPPALLI
Thinnakonam,621202,TIRUCHIRAPPALLI
Thinnanur,621006,TIRUCHIRAPPALLI
Thinniam,621706,TIRUCHIRAPPALLI
Thirumangalam,621703,TIRUCHIRAPPALLI
Thirunarayanapuram,621203,TIRUCHIRAPPALLI
Thiruthalaiyur,621217,TIRUCHIRAPPALLI
Thiruvasi,621216,TIRUCHIRAPPALLI
Thiruvengimalai,621209,TIRUCHIRAPPALLI
Thiruverumbur,620013,TIRUCHIRAPPALLI
Tholurpatti,621215,TIRUCHIRAPPALLI
Thoppanaickenpatti,621315,TIRUCHIRAPPALLI
Thottiam,621215,TIRUCHIRAPPALLI
Thottiapatti,621305,TIRUCHIRAPPALLI
Thulayanatham,621205,TIRUCHIRAPPALLI
Thumbalam,621211,TIRUCHIRAPPALLI
Thuvakudi,620015,TIRUCHIRAPPALLI
Thuvakudimalai,620022,TIRUCHIRAPPALLI
Thuvarankurichi,621314,TIRUCHIRAPPALLI
Tiruchirappalli,620001,TIRUCHIRAPPALLI
Tiruchirappalli Airport,620007,TIRUCHIRAPPALLI
Tiruchirappalli Cantonment,620001,TIRUCHIRAPPALLI
Tiruchirappalli Collectorate,620001,TIRUCHIRAPPALLI
Tiruchirappalli Fort,620008,TIRUCHIRAPPALLI
Tiruchirappalli R.S.,620001,TIRUCHIRAPPALLI
Tiruchirappalli Townhall,620002,TIRUCHIRAPPALLI
Tirumanamedu,621218,TIRUCHIRAPPALLI
Tirunedungulam,620015,TIRUCHIRAPPALLI
Tirunellipatti,621310,TIRUCHIRAPPALLI
Tirupanjili,621005,TIRUCHIRAPPALLI
Tirupattur,621105,TIRUCHIRAPPALLI
Tirupparaithurai,639115,TIRUCHIRAPPALLI
Tiruthiamalai,621006,TIRUCHIRAPPALLI
Tiruvalarsolai,620005,TIRUCHIRAPPALLI
Tiruvanaikoil,620005,TIRUCHIRAPPALLI
Tiruvellerai,621009,TIRUCHIRAPPALLI
Todaiyur,621213,TIRUCHIRAPPALLI
Top Sengattupatti,621011,TIRUCHIRAPPALLI
Turaiyur,621010,TIRUCHIRAPPALLI
Turaiyur Bus Stand,621010,TIRUCHIRAPPALLI
Turaiyur Extension,621010,TIRUCHIRAPPALLI
Unniyur,621207,TIRUCHIRAPPALLI
Uppliapuram,621011,TIRUCHIRAPPALLI
Urakkarai,621214,TIRUCHIRAPPALLI
Uthamaseri,620005,TIRUCHIRAPPALLI
Uyyakondanthirumalai,620102,TIRUCHIRAPPALLI
V.Periyapatti,621302,TIRUCHIRAPPALLI
Vadamalaipatti,621214,TIRUCHIRAPPALLI
Vadugarpet,621651,TIRUCHIRAPPALLI
Vaiyampatti,621315,TIRUCHIRAPPALLI
Valady,621218,TIRUCHIRAPPALLI
Valaiyeduppu,621205,TIRUCHIRAPPALLI
Valaiyur,621005,TIRUCHIRAPPALLI
Valanadu,621308,TIRUCHIRAPPALLI
Valasiramani,621214,TIRUCHIRAPPALLI
Valavandankottai,620015,TIRUCHIRAPPALLI
Valavandhi,621211,TIRUCHIRAPPALLI
Valayapatti (Manaparai),621302,TIRUCHIRAPPALLI
Vandalaigudalur,621711,TIRUCHIRAPPALLI
Varadarajapuram,621215,TIRUCHIRAPPALLI
Varakuppai,621651,TIRUCHIRAPPALLI
Vathalai Gudalur,621204,TIRUCHIRAPPALLI
Veeramachampatti,621206,TIRUCHIRAPPALLI
Veeramanipatti,621202,TIRUCHIRAPPALLI
Velakkanatham,621217,TIRUCHIRAPPALLI
Vellalapatti,621307,TIRUCHIRAPPALLI
Vellalapatti,621211,TIRUCHIRAPPALLI
Velur,621104,TIRUCHIRAPPALLI
Velur-ayyampalayam,621202,TIRUCHIRAPPALLI
Vengadathanur,621002,TIRUCHIRAPPALLI
Vengaikurichi,621307,TIRUCHIRAPPALLI
Vengur,620013,TIRUCHIRAPPALLI
Venkatachalapuram,621711,TIRUCHIRAPPALLI
Venkatachalapuram,621011,TIRUCHIRAPPALLI
Venkatesapuram,621008,TIRUCHIRAPPALLI
Viragalur,621722,TIRUCHIRAPPALLI
Vishalakshi Ammal Samudram,621001,TIRUCHIRAPPALLI
Viswambalsamudram,621003,TIRUCHIRAPPALLI
Vyrichettipalayam,621012,TIRUCHIRAPPALLI
Woriur,620003,TIRUCHIRAPPALLI
Woriur Bazaar,620003,TIRUCHIRAPPALLI
Yagapuram,621305,TIRUCHIRAPPALLI
Yelurpatti,621215,TIRUCHIRAPPALLI
A Thirumalapuram,627113,TIRUNELVELI
A. Sathankulam,627151,TIRUNELVELI
Achampadu,627117,TIRUNELVELI
Achankuttam,627861,TIRUNELVELI
Achanpudur,627803,TIRUNELVELI
Adaichani,627413,TIRUNELVELI
Adaikalapattinam,627808,TIRUNELVELI
Agarakattu,627852,TIRUNELVELI
Agasthiarpatti,627416,TIRUNELVELI
Agasthiyarpatti,627428,TIRUNELVELI
Aladiyur,627421,TIRUNELVELI
Alagappapuram,627652,TIRUNELVELI
Alagapuri,627719,TIRUNELVELI
Alagiapandiapuram,627201,TIRUNELVELI
Alagunatchiapuram,627754,TIRUNELVELI
Alangulam,627851,TIRUNELVELI
Alkondarkulam,627862,TIRUNELVELI
Alwaneri,627354,TIRUNELVELI
Alwarkurichi,627412,TIRUNELVELI
Ambalam,627354,TIRUNELVELI
Ambalavanapuram,627425,TIRUNELVELI
Ambasamudram,627401,TIRUNELVELI
Ambasamudram Angadi,627401,TIRUNELVELI
Ambasamudram East,627401,TIRUNELVELI
Ambasamudram Pothugudi,627413,TIRUNELVELI
Anaigudi,627651,TIRUNELVELI
Anaikarai,627654,TIRUNELVELI
Anaikulam,627117,TIRUNELVELI
Anaikulam,627859,TIRUNELVELI
Anaintha Perumal Nadanur,627423,TIRUNELVELI
Andipatti,627851,TIRUNELVELI
Anjankattalai,627851,TIRUNELVELI
Anuvijay Township,627120,TIRUNELVELI
Ariyanayagipuram,627862,TIRUNELVELI
Ariyur,627758,TIRUNELVELI
Arugankulam,627757,TIRUNELVELI
Athuvazhi,627760,TIRUNELVELI
Attalanallur,627426,TIRUNELVELI
Avaraikulam,627105,TIRUNELVELI
Avudaiyanur,627808,TIRUNELVELI
Ayanthiruvaleeswaram,627418,TIRUNELVELI
Ayikudi,627852,TIRUNELVELI
Ayiraperi,627814,TIRUNELVELI
Ayyanarkulam,627853,TIRUNELVELI
Ayyaneri,628502,TIRUNELVELI
Ayyapuram,627855,TIRUNELVELI
Ayyapuram,627805,TIRUNELVELI
Azhaganeri,627358,TIRUNELVELI
Azhaganeri,627754,TIRUNELVELI
Balapadraramapuram,627953,TIRUNELVELI
Battarpuram,627108,TIRUNELVELI
Boganallur,627751,TIRUNELVELI
Brahmadesam (Tirunelveli),627413,TIRUNELVELI
Bungalowsurandai,627859,TIRUNELVELI
Burkitmanagaram,627351,TIRUNELVELI
Chatrapatti,627719,TIRUNELVELI
Cheranmahadevi,627414,TIRUNELVELI
Cheranmahadevi R.S,627414,TIRUNELVELI
Chiambarapuram,627754,TIRUNELVELI
Chidamabarapuram,627111,TIRUNELVELI
Chidamabarapuram,627501,TIRUNELVELI
Chinthamani,627355,TIRUNELVELI
Chinthamani,627855,TIRUNELVELI
Chitrampatti,628502,TIRUNELVELI
Chockammpatti,627751,TIRUNELVELI
Chocknatchiapuram,627951,TIRUNELVELI
Courtallam,627802,TIRUNELVELI
Dalapathisamudram,627101,TIRUNELVELI
Danakkarkulam,627116,TIRUNELVELI
Deivanayagaperi,627354,TIRUNELVELI
Devanallur,627502,TIRUNELVELI
Devarkulam,627951,TIRUNELVELI
Devipattinam,627757,TIRUNELVELI
Dohnavur,627102,TIRUNELVELI
Duraikudiyiruppu,627112,TIRUNELVELI
Duraisamypuram,627764,TIRUNELVELI
E.Meenakshipuram,627859,TIRUNELVELI
Elankulam,627110,TIRUNELVELI
Elathur (Tirunelveli),627803,TIRUNELVELI
Emankulam,627108,TIRUNELVELI
Erukkanthurai,627106,TIRUNELVELI
Eruvadi,627103,TIRUNELVELI
Ettankulam,627201,TIRUNELVELI
G.V.N.Kalluri,628502,TIRUNELVELI
Gandhinagar (Tirunelveli),627008,TIRUNELVELI
Gangaikondan,627352,TIRUNELVELI
Gomathimuthupuram,627761,TIRUNELVELI
Gopalasamudram,627451,TIRUNELVELI
Govindaperi,627424,TIRUNELVELI
Gudalur,627760,TIRUNELVELI
Gunaramanallur,627814,TIRUNELVELI
Harikesavanallur,627426,TIRUNELVELI
Ichanda,627857,TIRUNELVELI
Idaikal,627602,TIRUNELVELI
Idaikal(TKS),627804,TIRUNELVELI
Idaiyankulam,627502,TIRUNELVELI
Idayangudi,627651,TIRUNELVELI
Idindakarai,627104,TIRUNELVELI
Ilanji,627805,TIRUNELVELI
Ilyarasanendal,627713,TIRUNELVELI
Inamkovilpatti,627757,TIRUNELVELI
Industrial Colony Pettai,627010,TIRUNELVELI
Ittamozhi,627652,TIRUNELVELI
Jacobpuram,627114,TIRUNELVELI
Jawahar Nagar (Tirunelveli),627007,TIRUNELVELI
K Kailasapuram,627352,TIRUNELVELI
K T C Nagar,627011,TIRUNELVELI
K. Alankulam,627754,TIRUNELVELI
K.Karisalkulam,628552,TIRUNELVELI
Kabaliparai,627602,TIRUNELVELI
Kadabokathi,627814,TIRUNELVELI
Kadamboduvalvu,627108,TIRUNELVELI
Kadana Anaithittam,627412,TIRUNELVELI
Kadayalurutti,627859,TIRUNELVELI
Kadayam,627415,TIRUNELVELI
Kadayanallur,627751,TIRUNELVELI
Kadayanallur Bazar,627751,TIRUNELVELI
Kadayanallur Pettai,627751,TIRUNELVELI
Kaduvetti,627202,TIRUNELVELI
Kailasapuram (Tirunelveli),627001,TIRUNELVELI
Kakkarai,627111,TIRUNELVELI
Kalakad,627501,TIRUNELVELI
Kalakudi,627201,TIRUNELVELI
Kalandapanai,627109,TIRUNELVELI
Kalappakulam,627754,TIRUNELVELI
Kalathimadam,627851,TIRUNELVELI
Kalikumarapuram,627657,TIRUNELVELI
Kalingapatti,627719,TIRUNELVELI
Kalladichidambarapuram,627502,TIRUNELVELI
Kallidaikurichi,627416,TIRUNELVELI
Kallikulam,627502,TIRUNELVELI
Kallur,627010,TIRUNELVELI
Kaluneerkulam,627861,TIRUNELVELI
Kambapacheri,627751,TIRUNELVELI
Kanakkupillaivalasai,627803,TIRUNELVELI
Kanarpatti,627201,TIRUNELVELI
Kannanallur,627108,TIRUNELVELI
Kannankulam,627127,TIRUNELVELI
Karaichithupudur,627657,TIRUNELVELI
Karaichuthupudur,627659,TIRUNELVELI
Karaikurichi (Tirunelveli),627417,TIRUNELVELI
Karaiyiruppu,627357,TIRUNELVELI
Karandaneri,627152,TIRUNELVELI
Karankadu,627108,TIRUNELVELI
Karisalkudiyiruppu,627807,TIRUNELVELI
Karisalkulam,627719,TIRUNELVELI
Karisalpatti,627414,TIRUNELVELI
Karisathan,627753,TIRUNELVELI
Karisulthamangalam,627453,TIRUNELVELI
Karivalamvandanallur,627753,TIRUNELVELI
Karkudi,627813,TIRUNELVELI
Karungulam,627356,TIRUNELVELI
Karuppukatti,627151,TIRUNELVELI
Karuthapillaiyur,627418,TIRUNELVELI
Karuvanda,627860,TIRUNELVELI
Kasidharmam,627751,TIRUNELVELI
Kasimajorpuram,627802,TIRUNELVELI
Kasthurirengapuram,627112,TIRUNELVELI
Kattalaikudiyiruppu,627813,TIRUNELVELI
Kattarankulam,627201,TIRUNELVELI
Kavalakurichi,627854,TIRUNELVELI
Kavalkinaru,627105,TIRUNELVELI
Keela Kaduvetty,627152,TIRUNELVELI
Keelakaruvelankulam,627501,TIRUNELVELI
Keelapattam,627351,TIRUNELVELI
Kidanganeri,627854,TIRUNELVELI
Kidarakulam,627854,TIRUNELVELI
Kila Ambur,627418,TIRUNELVELI
Kila Omanallur,627356,TIRUNELVELI
Kila Uvari,627651,TIRUNELVELI
Kilakalangal,627860,TIRUNELVELI
Kilakku Kalakad,627501,TIRUNELVELI
Kilakulam,627426,TIRUNELVELI
Kilanilithanallur,627953,TIRUNELVELI
Kilankadu,627852,TIRUNELVELI
Kilapavur,627806,TIRUNELVELI
Kilavirasigamani,627862,TIRUNELVELI
Kiramangalam,627010,TIRUNELVELI
Kizhanatham,627353,TIRUNELVELI
Kizhapuliyur,627814,TIRUNELVELI
Kizhavaneri,627117,TIRUNELVELI
Kodaganallur,627010,TIRUNELVELI
Kodaiseri,627103,TIRUNELVELI
Kodarankulam,627416,TIRUNELVELI
Kodikurichi,627804,TIRUNELVELI
Kodiyankulam,627352,TIRUNELVELI
Koliyankulam,627116,TIRUNELVELI
Komarudappapuram,627953,TIRUNELVELI
Konganthanparai,627007,TIRUNELVELI
Kooduthalai,627651,TIRUNELVELI
Koottapanai,627651,TIRUNELVELI
Kothayarmel Thangal,627427,TIRUNELVELI
Kottai Karungulam,627112,TIRUNELVELI
Kottaitheru,627416,TIRUNELVELI
Kottakulam,627805,TIRUNELVELI
Kovaikulam,627151,TIRUNELVELI
Kovilammalpuram,627107,TIRUNELVELI
Koviloothu,627415,TIRUNELVELI
Krishnapuram,627011,TIRUNELVELI
Krishnapuram (TVL),627759,TIRUNELVELI
Kudankulam,627106,TIRUNELVELI
Kulakkattakurichi,627713,TIRUNELVELI
Kulasekaramangalam,627862,TIRUNELVELI
Kulasekarapatti,627806,TIRUNELVELI
Kulasekaraperi,627753,TIRUNELVELI
Kulavanickerpuram,627002,TIRUNELVELI
Kulayaneri,627859,TIRUNELVELI
Kumanthapuram,627751,TIRUNELVELI
Kumarapuram,627657,TIRUNELVELI
Kundakulam,627355,TIRUNELVELI
Kuniyur,627417,TIRUNELVELI
Kunnathur,627006,TIRUNELVELI
Kurichanpatti,627860,TIRUNELVELI
Kurinjakulam,627719,TIRUNELVELI
Kurugapuram,627657,TIRUNELVELI
Kurukkalpatti,627953,TIRUNELVELI
Kuruvankottai,627853,TIRUNELVELI
Kuruvikulam,627754,TIRUNELVELI
Kuthapanjan,627851,TIRUNELVELI
Kuthenkuli,627104,TIRUNELVELI
Kuthukalvalasai,627803,TIRUNELVELI
Kuttam,627651,TIRUNELVELI
Kuttapuli,627127,TIRUNELVELI
Kuvalaikanni,627753,TIRUNELVELI
Leninjipuram,627114,TIRUNELVELI
Madavakurichi,627201,TIRUNELVELI
Mahadevankulam,627657,TIRUNELVELI
Maharajangar,627011,TIRUNELVELI
Mahendragiri,627133,TIRUNELVELI
Maipparai,627713,TIRUNELVELI
Malayadikurichi,627755,TIRUNELVELI
Manalur,627753,TIRUNELVELI
Manappadaiveedu,627353,TIRUNELVELI
Mangalapuram,627751,TIRUNELVELI
Manimuthar Project,627421,TIRUNELVELI
Manjolai,627420,TIRUNELVELI
Mannarkoil,627413,TIRUNELVELI
Mannarpuram,627657,TIRUNELVELI
Manonmaniam Sundaranar Univers,627012,TIRUNELVELI
Manthiyoor,627424,TIRUNELVELI
Manur,627201,TIRUNELVELI
Marandai,627851,TIRUNELVELI
Marudur,627351,TIRUNELVELI
Marukkalankulam,627953,TIRUNELVELI
Maruthakulam,627151,TIRUNELVELI
Maruthamputhur,627851,TIRUNELVELI
Maruthankinar,627953,TIRUNELVELI
Mathalamparai,627814,TIRUNELVELI
Mathapuram,627415,TIRUNELVELI
Mavadi,627201,TIRUNELVELI
Mavadi,627107,TIRUNELVELI
Mayamankurichi,627853,TIRUNELVELI
Melagaram,627818,TIRUNELVELI
Melailanthaikulam,627951,TIRUNELVELI
Melakalangal,627860,TIRUNELVELI
Melakulam,627351,TIRUNELVELI
Melamarudappapuram,627860,TIRUNELVELI
Melanarikudi,627953,TIRUNELVELI
Melanilithanallur,627953,TIRUNELVELI
Melapalayam (Tirunelveli),627005,TIRUNELVELI
Melapalayam Bazaar(Tirunelveli),627005,TIRUNELVELI
Melapattam,627351,TIRUNELVELI
Melapavur,627806,TIRUNELVELI
Melaputhaneri,627351,TIRUNELVELI
Melasadayamankulam,627152,TIRUNELVELI
Melaseval,627452,TIRUNELVELI
Melathiru Vengadanathapuram,627006,TIRUNELVELI
Melur,627809,TIRUNELVELI
Merku Alwarkurichi,627412,TIRUNELVELI
Mettur,627808,TIRUNELVELI
Minatchipuram,627001,TIRUNELVELI
Moolaikadu,627113,TIRUNELVELI
Mudaliarpatti,627423,TIRUNELVELI
Mukkudal,627601,TIRUNELVELI
Mukkudal Vadakku,627601,TIRUNELVELI
Mulaikaraipatti,627354,TIRUNELVELI
Mullikulam,627755,TIRUNELVELI
Munanjipatti,627355,TIRUNELVELI
Mundradaippu,627152,TIRUNELVELI
Munnirpallam,627356,TIRUNELVELI
Muthammalpuram,627951,TIRUNELVELI
Muthukrishnapuram,627657,TIRUNELVELI
Muthumathanmonmozhi,627651,TIRUNELVELI
Muvirunthali,627951,TIRUNELVELI
Naduchalaiputhur,627107,TIRUNELVELI
Naduvakrichi,627351,TIRUNELVELI
Naduvakurichi,627862,TIRUNELVELI
Nagaram,627755,TIRUNELVELI
Nainaragaram,627804,TIRUNELVELI
Nakkaneri,627111,TIRUNELVELI
Nallankulam,627101,TIRUNELVELI
Nallur (Tirunelveli),627853,TIRUNELVELI
Nalumukku,627427,TIRUNELVELI
Nambinagar,627108,TIRUNELVELI
Nambithalaivanpattaiyam,627115,TIRUNELVELI
Nanajankulam,627357,TIRUNELVELI
Nanguneri,627108,TIRUNELVELI
Naranammalpuram,627357,TIRUNELVELI
Naranapuram,627760,TIRUNELVELI
Narasinganallur,627604,TIRUNELVELI
Navaladi,627657,TIRUNELVELI
Nelkattumseval,627758,TIRUNELVELI
Nettur (Tirunelveli),627854,TIRUNELVELI
Nochikulam,627755,TIRUNELVELI
Northachampatti,627951,TIRUNELVELI
Odaimarichan,627602,TIRUNELVELI
Oothu,627427,TIRUNELVELI
Padalaiyarkulam,627501,TIRUNELVELI
Padmaneri,627502,TIRUNELVELI
Palamadai,627359,TIRUNELVELI
Palavoor,627114,TIRUNELVELI
Palayankottai,627002,TIRUNELVELI
Palayankottai Courts,627002,TIRUNELVELI
Palayankottai High Grounds,627011,TIRUNELVELI
Palayapettai,627008,TIRUNELVELI
Pallaikottai,627357,TIRUNELVELI
Pambukoilshandy,627862,TIRUNELVELI
Panagudi,627109,TIRUNELVELI
Panaiyur,627761,TIRUNELVELI
Panankulam,627152,TIRUNELVELI
Panavadalichatram,627953,TIRUNELVELI
Pandapuli,627753,TIRUNELVELI
Panpuli,627807,TIRUNELVELI
Panrimalai,627110,TIRUNELVELI
Papanasam Mills,627422,TIRUNELVELI
Papanasam Project,627425,TIRUNELVELI
Papanasam Upper Dam,627425,TIRUNELVELI
Pappagudi,627602,TIRUNELVELI
Pappankulam,627423,TIRUNELVELI
Pappankulam,627110,TIRUNELVELI
Pappiahpuram,627359,TIRUNELVELI
Parameswarapuram,627111,TIRUNELVELI
Parankundrapuram,627859,TIRUNELVELI
Parappadi,627110,TIRUNELVELI
Paruthipadu,627354,TIRUNELVELI
Paruvakkudi,627753,TIRUNELVELI
Pathai,627501,TIRUNELVELI
Pattakurichi,627814,TIRUNELVELI
Pattamadai,627453,TIRUNELVELI
Pattapathu,627006,TIRUNELVELI
Pavoorchatram,627808,TIRUNELVELI
Pazhankottai,628552,TIRUNELVELI
Periyakoilankulam,627953,TIRUNELVELI
Periyapillaivalasi,627809,TIRUNELVELI
Periyur,627761,TIRUNELVELI
Perumalpatti,627753,TIRUNELVELI
Perumalpuram,627007,TIRUNELVELI
Perumanal,627106,TIRUNELVELI
Perumpattur,627753,TIRUNELVELI
Perungottur,627754,TIRUNELVELI
Perungudi,627105,TIRUNELVELI
Pethanadarpatti,627808,TIRUNELVELI
Pettaikulam,627654,TIRUNELVELI
Pillaiyarkulam,627201,TIRUNELVELI
Piranjeri,627352,TIRUNELVELI
Piranur,627809,TIRUNELVELI
Pogai,627862,TIRUNELVELI
Poigai,627856,TIRUNELVELI
Ponnakudi,627151,TIRUNELVELI
Poolankudiyiruppu,627813,TIRUNELVELI
Poolankulam,627415,TIRUNELVELI
Pottal,627416,TIRUNELVELI
Pottalpudur,627423,TIRUNELVELI
Pudupatti,627851,TIRUNELVELI
Pudur,627851,TIRUNELVELI
Puliyangudi,627855,TIRUNELVELI
Puliyara,627813,TIRUNELVELI
Puliyurkurichi,627102,TIRUNELVELI
Pungampatti,627415,TIRUNELVELI
Pushpavanam,627109,TIRUNELVELI
Radhapuram,627111,TIRUNELVELI
Rajagopalaperi,627861,TIRUNELVELI
Rajakkamangalam,627101,TIRUNELVELI
Rajakrishnapuram,627114,TIRUNELVELI
Rajapandi,627806,TIRUNELVELI
Rajaputhukudi,627352,TIRUNELVELI
Rajavallipuram,627359,TIRUNELVELI
Ramakrishnapuram,627355,TIRUNELVELI
Ramanathapuram(SNL),627953,TIRUNELVELI
Ramanathapuram(VSD),627760,TIRUNELVELI
Ramasamipuram,627755,TIRUNELVELI
Ramayanpatti,627358,TIRUNELVELI
Ravanasamudram,627424,TIRUNELVELI
Rayagiri,627764,TIRUNELVELI
Reddiapatti,627753,TIRUNELVELI
Reddiarpatti,627007,TIRUNELVELI
Rengasamudram,627413,TIRUNELVELI
Rukmaniammalpuram,627860,TIRUNELVELI
Sadayappapuram,627601,TIRUNELVELI
Salainainarpallivasal,627107,TIRUNELVELI
Samadanapuram,627002,TIRUNELVELI
Samaria,627657,TIRUNELVELI
Sambavarvadakarai,627856,TIRUNELVELI
Samugarengapuram,627112,TIRUNELVELI
Sangupuram,627761,TIRUNELVELI
Sankanaperi,627758,TIRUNELVELI
Sankanapuram,627114,TIRUNELVELI
Sankankulam,627118,TIRUNELVELI
Sankarankovil,627756,TIRUNELVELI
Sankarankovil Bazaar,627756,TIRUNELVELI
Sankarnagar,627357,TIRUNELVELI
Santhinagar,627002,TIRUNELVELI
Sathirakondan,627754,TIRUNELVELI
Sattupathu,627416,TIRUNELVELI
Sayamalai,628552,TIRUNELVELI
Seelathikulam,627112,TIRUNELVELI
Seethaparpanallur,627012,TIRUNELVELI
Seliyanallur,627352,TIRUNELVELI
Sembankulam,627412,TIRUNELVELI
Sembikulam,627116,TIRUNELVELI
Sengalakurichi,627102,TIRUNELVELI
Sengottai,627809,TIRUNELVELI
Sengottai RS,627809,TIRUNELVELI
Sengulam,627152,TIRUNELVELI
Sennikulam,627753,TIRUNELVELI
Senthattiapuram,627753,TIRUNELVELI
Senthimanagalam,627358,TIRUNELVELI
Serndamangalam,627857,TIRUNELVELI
Servaikaranpatti,627415,TIRUNELVELI
Servalar Camp,627425,TIRUNELVELI
Sethurayanputhur,627358,TIRUNELVELI
Settikulam,627120,TIRUNELVELI
Sevalkulam,627754,TIRUNELVELI
Shenbagaramanallur,627108,TIRUNELVELI
Singamparai,627601,TIRUNELVELI
Singampathu,627501,TIRUNELVELI
Singampatti,627416,TIRUNELVELI
Singaneri,627108,TIRUNELVELI
Singikulam,627152,TIRUNELVELI
Sippiparai,627713,TIRUNELVELI
Sivagiri (Tirunelveli),627757,TIRUNELVELI
Sivalaperi,627351,TIRUNELVELI
Sivalarkulam,627853,TIRUNELVELI
Sivanadanur,627808,TIRUNELVELI
Sivanthipatti,627011,TIRUNELVELI
Sivanthipuram,627425,TIRUNELVELI
Sivasailam,627412,TIRUNELVELI
Soundarapandiapuram,627113,TIRUNELVELI
Srigomathipuram,627753,TIRUNELVELI
Sriregunathapuram,627109,TIRUNELVELI
Subbulapuram,627753,TIRUNELVELI
Sundapandiapuram,627858,TIRUNELVELI
Sundaresapuram,627751,TIRUNELVELI
Surandai,627859,TIRUNELVELI
Surangudi,627108,TIRUNELVELI
Suttamally,627604,TIRUNELVELI
Suviseshapuram,627652,TIRUNELVELI
T.Vijayanarayanam,627118,TIRUNELVELI
Tachanallur,627358,TIRUNELVELI
Tana,627425,TIRUNELVELI
Taruvai,627356,TIRUNELVELI
Tenkasi,627811,TIRUNELVELI
Tenkasi RS,627811,TIRUNELVELI
Tenkulam,627357,TIRUNELVELI
Tenmalai,627757,TIRUNELVELI
Terku Vallioor,627117,TIRUNELVELI
Terkukallikulam,627113,TIRUNELVELI
Terkukarungulam,627114,TIRUNELVELI
Thalaivankottai,627755,TIRUNELVELI
Thannuthu,627857,TIRUNELVELI
Theertharappapuram,627423,TIRUNELVELI
Thenpothai,627809,TIRUNELVELI
Therku Madathur,627423,TIRUNELVELI
Therkupappankulam,627416,TIRUNELVELI
Therkupatti,627201,TIRUNELVELI
Thidiyur,627152,TIRUNELVELI
Thirumalapuram,627857,TIRUNELVELI
Thiruppudaimarudur,627426,TIRUNELVELI
Thiruvembalapuram,627111,TIRUNELVELI
Thiruvettanallur,627855,TIRUNELVELI
Thiruviruthanpulli,627414,TIRUNELVELI
Thottakudi,627151,TIRUNELVELI
Thulukkarpatti,627101,TIRUNELVELI
Thuppakudi,627423,TIRUNELVELI
Timmarajapuram,627353,TIRUNELVELI
Tippanampatti,627808,TIRUNELVELI
Tirukurungudi,627115,TIRUNELVELI
Tirumalapuram,627355,TIRUNELVELI
Tirunelveli,627001,TIRUNELVELI
Tirunelveli Collectorate,627009,TIRUNELVELI
Tirunelveli East,627006,TIRUNELVELI
Tirunelveli Merku,627006,TIRUNELVELI
Tirunelveli Nagarmandram,627001,TIRUNELVELI
Tirunelveli Pettai,627004,TIRUNELVELI
Tirunelveli Pettai East,627004,TIRUNELVELI
Tirunelveli R.S,627001,TIRUNELVELI
Tirunelveli Terku,627006,TIRUNELVELI
Tirunelveli Town,627006,TIRUNELVELI
Tiruppanikarisalkulam,627010,TIRUNELVELI
Tiruvengadam,627719,TIRUNELVELI
Tiruvengadanathapuram,627103,TIRUNELVELI
Tisayanvillai,627657,TIRUNELVELI
Tondar Bazar,627006,TIRUNELVELI
Tulukkapatti,627602,TIRUNELVELI
Uchankulam,627425,TIRUNELVELI
Ukkirankottai,627202,TIRUNELVELI
Umaithalaivanpatti,627719,TIRUNELVELI
Unnankulam,627108,TIRUNELVELI
Uralvaimozhi,627116,TIRUNELVELI
Urkad,627416,TIRUNELVELI
Urmelalagian,627852,TIRUNELVELI
Urumankulam,627654,TIRUNELVELI
Uthankulam,627857,TIRUNELVELI
Uthayathur,627111,TIRUNELVELI
Uthumalai,627860,TIRUNELVELI
Uvari,627651,TIRUNELVELI
V.M.Chatram,627011,TIRUNELVELI
Vadakangulam,627116,TIRUNELVELI
Vadakarai (Tirunelveli),627812,TIRUNELVELI
Vadakaraikilpidagai,627812,TIRUNELVELI
Vadakku Ariyanayagipuram Petta,627603,TIRUNELVELI
Vadakku Veppilangulam,627131,TIRUNELVELI
Vadakkupudur,627755,TIRUNELVELI
Vadakkuveppilankulam,627109,TIRUNELVELI
Vadalivilai,627117,TIRUNELVELI
Vadamalapuram,627755,TIRUNELVELI
Vadanathampatti,627862,TIRUNELVELI
Vadi,627861,TIRUNELVELI
Vaduganpatti,627010,TIRUNELVELI
Vadugapatti,627757,TIRUNELVELI
Vagaikulam,627754,TIRUNELVELI
Vagaikulam,627202,TIRUNELVELI
Vairavikulam,627416,TIRUNELVELI
Valasai,627857,TIRUNELVELI
Vallam,627809,TIRUNELVELI
Valliammalpuram,627117,TIRUNELVELI
Vallioor,627117,TIRUNELVELI
Vallioor Perundunilayam,627117,TIRUNELVELI
Vannarpettai,627003,TIRUNELVELI
Vannikonendal,627951,TIRUNELVELI
Vasudevanallur,627758,TIRUNELVELI
Vavanagaram,627812,TIRUNELVELI
Veeranam,627861,TIRUNELVELI
Veeriruppu,627755,TIRUNELVELI
Vellakal,627806,TIRUNELVELI
Vellakulam,627719,TIRUNELVELI
Vellalankulam,627012,TIRUNELVELI
Vellalankulam,627857,TIRUNELVELI
Vellankuli,627426,TIRUNELVELI
Vellapaneri,628552,TIRUNELVELI
Vengadampatti,627415,TIRUNELVELI
Venkatarayapuram,627118,TIRUNELVELI
Venkateswarapuram,627854,TIRUNELVELI
Veppankulam,627352,TIRUNELVELI
Vickramasingapuram,627425,TIRUNELVELI
Vijaya Achampadu,627652,TIRUNELVELI
Vijayanarayanam,627118,TIRUNELVELI
Vijayanarayanam Naval Base,627119,TIRUNELVELI
Vijayapathi,627104,TIRUNELVELI
Virakeralmpudur,627861,TIRUNELVELI
Viraraghavapuram,627001,TIRUNELVELI
Virasigamani,627862,TIRUNELVELI
Viravanallur,627426,TIRUNELVELI
Viswanathaperi,627757,TIRUNELVELI
Adivaragapuram,631303,TIRUVALLUR
Agooru,631209,TIRUVALLUR
Aladu,601204,TIRUVALLUR
Alamathi,600052,TIRUVALLUR
Alamelumangapuram,631213,TIRUVALLUR
Alinjivakkam,600067,TIRUVALLUR
Allikuzhi,602023,TIRUVALLUR
Alwarthirunagar,600087,TIRUVALLUR
Ambattur,600053,TIRUVALLUR
Ambattur Indl Estate,600058,TIRUVALLUR
Ammaneri,631303,TIRUVALLUR
Ammavarikuppam,631301,TIRUVALLUR
Amoor,601204,TIRUVALLUR
Andarkuppam,600103,TIRUVALLUR
Anuppampattu,601203,TIRUVALLUR
Arambakkam,601201,TIRUVALLUR
Aranvoyal,602025,TIRUVALLUR
Arasur,601204,TIRUVALLUR
Arcot,631204,TIRUVALLUR
Arignar Anna Nagar,600072,TIRUVALLUR
Arni CPT,601101,TIRUVALLUR
Arungolam,631201,TIRUVALLUR
Athimanjeri,631202,TIRUVALLUR
Athimanjeripeta,631202,TIRUVALLUR
Athipattu,600058,TIRUVALLUR
Athipattu,631210,TIRUVALLUR
Avadi,600054,TIRUVALLUR
Avadi Camp,600054,TIRUVALLUR
Avadi IAF,600055,TIRUVALLUR
Ayanambakkam,600095,TIRUVALLUR
Ayapakkam,600077,TIRUVALLUR
Balakrishnapuram,631202,TIRUVALLUR
Balapuram,631301,TIRUVALLUR
Beerakuppam,631205,TIRUVALLUR
Bommarajupeta,631208,TIRUVALLUR
Boochiathipattu,600052,TIRUVALLUR
Buchireddipalli,631206,TIRUVALLUR
Budur,600067,TIRUVALLUR
C.N.Kandigai,631208,TIRUVALLUR
Chandravilasapuram,631301,TIRUVALLUR
Chanurmallavaram,631302,TIRUVALLUR
Cherukkanur,631205,TIRUVALLUR
Chinnambedu,601206,TIRUVALLUR
Chinnammapet,631210,TIRUVALLUR
Chivada,631201,TIRUVALLUR
CRP camp (Tiruvallur),600065,TIRUVALLUR
Cvrde,600054,TIRUVALLUR
Damaraipakkam,601103,TIRUVALLUR
Devadanam,601203,TIRUVALLUR
Devampattu,601201,TIRUVALLUR
Devandavakkam,602023,TIRUVALLUR
Echambadi,631207,TIRUVALLUR
Edapalayam,600052,TIRUVALLUR
Edoor,601201,TIRUVALLUR
Egattur,631203,TIRUVALLUR
Elavur,601201,TIRUVALLUR
Emrkandigai,631304,TIRUVALLUR
Enambakkam,601103,TIRUVALLUR
Ennore RS,600057,TIRUVALLUR
Ennore Thermal Station,600057,TIRUVALLUR
Ernavur,600057,TIRUVALLUR
Erumaivettipalayam,600067,TIRUVALLUR
Erumbi,631302,TIRUVALLUR
Gandhinagar,600054,TIRUVALLUR
Goonipalayam,602026,TIRUVALLUR
Gummidipundi,601201,TIRUVALLUR
Guruvoyal,600052,TIRUVALLUR
Harichandrapuram,631210,TIRUVALLUR
Iguvarpalayam,601201,TIRUVALLUR
Ikkadu,602021,TIRUVALLUR
Illuppur,631204,TIRUVALLUR
Illupur,602002,TIRUVALLUR
Jagadambigainagar,600050,TIRUVALLUR
Jagannathapuram,600067,TIRUVALLUR
Jangalapalli,631208,TIRUVALLUR
Jothi Nagar,601203,TIRUVALLUR
Kadambathur,631203,TIRUVALLUR
Kadananagaram,631301,TIRUVALLUR
Kadirvedu,600066,TIRUVALLUR
Kaivandur,631203,TIRUVALLUR
Kakalur,631208,TIRUVALLUR
Kakalur Ind Estate,602003,TIRUVALLUR
Kaladipet,600019,TIRUVALLUR
Kalambakkam,602025,TIRUVALLUR
Kallur,601201,TIRUVALLUR
Kalpattu,601103,TIRUVALLUR
Kamarajnagar,600057,TIRUVALLUR
Kamarajnagar,600071,TIRUVALLUR
Kanakammachatram,631204,TIRUVALLUR
Kanchipadi,631204,TIRUVALLUR
Kannankottai,601202,TIRUVALLUR
Kannigaipair,601102,TIRUVALLUR
Karikalavakkam,602021,TIRUVALLUR
Karimbedu,631207,TIRUVALLUR
Karlambakkam,631202,TIRUVALLUR
Karlapakkam,602024,TIRUVALLUR
Karthikeyapuram,631211,TIRUVALLUR
Kasavarajpetta,631211,TIRUVALLUR
Kattupakkam,600056,TIRUVALLUR
Kattur,601203,TIRUVALLUR
Kavarapettai,601206,TIRUVALLUR
Kaverirajapuram,631210,TIRUVALLUR
Keechalam,631208,TIRUVALLUR
Kg Kandigai,631205,TIRUVALLUR
Kilanur,602021,TIRUVALLUR
Kilikodi,601206,TIRUVALLUR
Kilmudalambedu,601206,TIRUVALLUR
Kilnallathur,602002,TIRUVALLUR
Kodivalasa,631202,TIRUVALLUR
Koduvalli,600055,TIRUVALLUR
Kolappancheri,600072,TIRUVALLUR
Kolathur,631207,TIRUVALLUR
Kolathur,600099,TIRUVALLUR
Kolur,601205,TIRUVALLUR
Komakkambedu,602024,TIRUVALLUR
Konasamudram,631202,TIRUVALLUR
Kondancheri,631402,TIRUVALLUR
Konetampet,631207,TIRUVALLUR
Koppur,602025,TIRUVALLUR
Koramangalam,631205,TIRUVALLUR
Korattur,600050,TIRUVALLUR
Korattur RS,600076,TIRUVALLUR
Kottamedu,602024,TIRUVALLUR
Kovilpadagai,600062,TIRUVALLUR
Kovur,600128,TIRUVALLUR
Krishnapuram,601204,TIRUVALLUR
Krishnasamudram,631206,TIRUVALLUR
Kumararajupeta,631207,TIRUVALLUR
Kunnavalam,631210,TIRUVALLUR
Kurmavilasapuram,631210,TIRUVALLUR
Kuttambakkam,600124,TIRUVALLUR
Lakshipuram,602024,TIRUVALLUR
Lakshmipuram,600099,TIRUVALLUR
Madarpakkam,601202,TIRUVALLUR
Madduru,631206,TIRUVALLUR
Madhavaram (Tiruvallur),600060,TIRUVALLUR
Madhavaram Milk Colony,600051,TIRUVALLUR
Maduravoyal,600095,TIRUVALLUR
Mahankalikapuram,631301,TIRUVALLUR
Majankaranai,601102,TIRUVALLUR
Malayambakkam,600123,TIRUVALLUR
Mambakkam,602026,TIRUVALLUR
Mambakkam,631205,TIRUVALLUR
Manali (Tiruvallur),600068,TIRUVALLUR
Manali New Town,600103,TIRUVALLUR
Manavalanagar,602002,TIRUVALLUR
Manellore,601202,TIRUVALLUR
Mangavaram,601201,TIRUVALLUR
Mannur,631210,TIRUVALLUR
Medur,601204,TIRUVALLUR
Melapudi,631208,TIRUVALLUR
Melnallathur,602002,TIRUVALLUR
Menambedu,600053,TIRUVALLUR
Meyyur,601103,TIRUVALLUR
Minjur,601203,TIRUVALLUR
Mittanamalli,600055,TIRUVALLUR
Mogappair,600037,TIRUVALLUR
Mogappair West,600037,TIRUVALLUR
Monnavedu,602021,TIRUVALLUR
Moolakadai,600060,TIRUVALLUR
Morai,600055,TIRUVALLUR
Mukkarambakkam,601102,TIRUVALLUR
Murukkambattu,631209,TIRUVALLUR
Muthukondapuram,631204,TIRUVALLUR
Myladumparai,631302,TIRUVALLUR
Nabalur,631204,TIRUVALLUR
Nallathur,631212,TIRUVALLUR
Nallur,601203,TIRUVALLUR
Nambakkam,602023,TIRUVALLUR
Nandiambakkam,600120,TIRUVALLUR
Nayar,600067,TIRUVALLUR
Nazarethpettai,600123,TIRUVALLUR
Nedambaram,631204,TIRUVALLUR
Nedigallu,631208,TIRUVALLUR
Nediyam,631207,TIRUVALLUR
Neidavoyal,601203,TIRUVALLUR
Neiveli,602023,TIRUVALLUR
Nelvoy,602023,TIRUVALLUR
Nelvoy,601102,TIRUVALLUR
Nemam,600124,TIRUVALLUR
Nemili,631201,TIRUVALLUR
Nemilichery,602024,TIRUVALLUR
Nerkundram,600107,TIRUVALLUR
Netterikandigai,631209,TIRUVALLUR
New Gummidipundi,601201,TIRUVALLUR
Nggo Colony Tiruvallur,602001,TIRUVALLUR
Nochili,631202,TIRUVALLUR
North Chennai Thermal PP,600120,TIRUVALLUR
Numbal,600077,TIRUVALLUR
Nungambakkam,602002,TIRUVALLUR
Odappai,602023,TIRUVALLUR
Odikkadu,602021,TIRUVALLUR
Oragadam,600053,TIRUVALLUR
Orakadu,600067,TIRUVALLUR
Padi,600050,TIRUVALLUR
Padianallur,600052,TIRUVALLUR
Paivalasa,631302,TIRUVALLUR
Pakasala,631210,TIRUVALLUR
Pakkam,602024,TIRUVALLUR
Palavakkam (Tiruvallur),602026,TIRUVALLUR
Palavedu,600055,TIRUVALLUR
Palayanur,631210,TIRUVALLUR
Pallavada,601202,TIRUVALLUR
Pallipat,631207,TIRUVALLUR
Pammadukulam,600052,TIRUVALLUR
Panayancheri,601101,TIRUVALLUR
Pandeeswaram,600055,TIRUVALLUR
Pandravedu,631208,TIRUVALLUR
Pandur,631203,TIRUVALLUR
Panjetti,601204,TIRUVALLUR
Papparambakkam,602025,TIRUVALLUR
Paruthipattu,600071,TIRUVALLUR
Pattabiram,600072,TIRUVALLUR
Pattabiramapuram,631209,TIRUVALLUR
Pattaraiperumbudur,631203,TIRUVALLUR
Peddakalakattur,631210,TIRUVALLUR
Peddanagapudi,631302,TIRUVALLUR
Peddaramapuram,631302,TIRUVALLUR
Pennaluripeta,602026,TIRUVALLUR
Perambakkam,631402,TIRUVALLUR
Perandur,602026,TIRUVALLUR
Perattur,602021,TIRUVALLUR
Periaobulapuam,601201,TIRUVALLUR
Periapalayam,601102,TIRUVALLUR
Perumalpattu,602024,TIRUVALLUR
Perumanallur,631208,TIRUVALLUR
Perumbedu,601204,TIRUVALLUR
Pettaikandigai,631208,TIRUVALLUR
Placepalayam,602023,TIRUVALLUR
Podaturpeta,631208,TIRUVALLUR
Podiyarankulam,601201,TIRUVALLUR
Polivakkam,602002,TIRUVALLUR
Pondavakkam,601101,TIRUVALLUR
Pondavakkam,602026,TIRUVALLUR
Ponneri,601204,TIRUVALLUR
Ponneri Public Office,601204,TIRUVALLUR
Ponniammanmedu,600110,TIRUVALLUR
Ponpadi,631213,TIRUVALLUR
Ponpadi Rs,631213,TIRUVALLUR
Poonamallee,600056,TIRUVALLUR
Poonamallee East,600056,TIRUVALLUR
Poondi,602023,TIRUVALLUR
Poonimangadu,631212,TIRUVALLUR
Poorivakkam,601103,TIRUVALLUR
Pozhal,600066,TIRUVALLUR
Prithivipakkam,600053,TIRUVALLUR
Puduchatram,600124,TIRUVALLUR
Pudumavilangai,631203,TIRUVALLUR
Puduvoyal,601206,TIRUVALLUR
Pulicat,601205,TIRUVALLUR
Pullarambakkam,602023,TIRUVALLUR
Punyam,631207,TIRUVALLUR
Putlur,602025,TIRUVALLUR
Puvalambedu,601206,TIRUVALLUR
Railway Carshed Complex,600062,TIRUVALLUR
Rajajinagar,600049,TIRUVALLUR
Rajanagaram,631304,TIRUVALLUR
Rallapadi,601101,TIRUVALLUR
Ramakrishnarajupeta,631303,TIRUVALLUR
Ramanjeri,631204,TIRUVALLUR
Ramapuram,631204,TIRUVALLUR
Ramasamudram,631206,TIRUVALLUR
Rangapuram,631302,TIRUVALLUR
Reddipalayam,601204,TIRUVALLUR
Redhills,600052,TIRUVALLUR
Roshanagaram,601202,TIRUVALLUR
S.Agraharam,631205,TIRUVALLUR
Samanthavada,631207,TIRUVALLUR
Sanakuppam,631207,TIRUVALLUR
Sandarayanpalayam,602023,TIRUVALLUR
Saraswathinagar,631211,TIRUVALLUR
Savattur,631208,TIRUVALLUR
Seemapuram South,601203,TIRUVALLUR
Seethanjeri,602026,TIRUVALLUR
Selai,631203,TIRUVALLUR
Sembarambakkam,600123,TIRUVALLUR
Sembedu,601103,TIRUVALLUR
Sengadu,602002,TIRUVALLUR
Senji,631203,TIRUVALLUR
Senneerkuppam,600056,TIRUVALLUR
Senthilnagar,600062,TIRUVALLUR
Sgbkandigai,631304,TIRUVALLUR
Shanmugapuram,600019,TIRUVALLUR
Sholavaram,600067,TIRUVALLUR
Sidco Estate,600098,TIRUVALLUR
Siddharajakandigai,601201,TIRUVALLUR
Sirugumi,631205,TIRUVALLUR
Sirupulalpettai,601201,TIRUVALLUR
Sivanvoyal,602024,TIRUVALLUR
Sorakayapeta,631208,TIRUVALLUR
Soranjeri,600072,TIRUVALLUR
Spicto Industrial Estate,601201,TIRUVALLUR
Srikalikapuram,631302,TIRUVALLUR
Srinivasanagar,600049,TIRUVALLUR
Srinivasapuram,631209,TIRUVALLUR
Subbareddypalayam,600120,TIRUVALLUR
Sulaimeni,602026,TIRUVALLUR
Sunnambukulam,601201,TIRUVALLUR
Suryanagaram,631209,TIRUVALLUR
T.C.Kandigai,631205,TIRUVALLUR
T.T.Kandigai,631208,TIRUVALLUR
Tank Factory Avadi,600054,TIRUVALLUR
Tervali,601201,TIRUVALLUR
Thadur,631205,TIRUVALLUR
Thalakancheri,602021,TIRUVALLUR
Thalavedu,631212,TIRUVALLUR
Thamaraikulam,631302,TIRUVALLUR
Thandalam,601102,TIRUVALLUR
Thandarai,600072,TIRUVALLUR
Thanipoondi,601202,TIRUVALLUR
Tharakshi,602026,TIRUVALLUR
Thervoy,601202,TIRUVALLUR
Thirumushi,600124,TIRUVALLUR
Thirupalavanam,601205,TIRUVALLUR
Thiruvengadnagar,600053,TIRUVALLUR
Thiruverkadu,600077,TIRUVALLUR
Thodukadu,602105,TIRUVALLUR
Thozhur,602025,TIRUVALLUR
Thriuvellavoyal,601203,TIRUVALLUR
Thyagapuram,631301,TIRUVALLUR
Timmaboopalapuram,602023,TIRUVALLUR
Tirukandalam,601103,TIRUVALLUR
Tirumangalam Road,600049,TIRUVALLUR
Tirumullaivoyal,600062,TIRUVALLUR
Tiruninravur,602024,TIRUVALLUR
Tiruninravur Rs,602024,TIRUVALLUR
Tirupasur,631203,TIRUVALLUR
Tirur Cpt,602025,TIRUVALLUR
Tirutani Hills,631209,TIRUVALLUR
Tiruttani,631209,TIRUVALLUR
Tiruttanieast,631209,TIRUVALLUR
Tiruttanisouth,631209,TIRUVALLUR
Tiruttaniwest,631209,TIRUVALLUR
Tiruvallur,602001,TIRUVALLUR
Tiruvallur Nethaji Road,602001,TIRUVALLUR
Tiruvelangadu,631210,TIRUVALLUR
Tiruvottiyur,600019,TIRUVALLUR
Tiruvottiyur West,600019,TIRUVALLUR
Tondiarpet Rly Colony,600019,TIRUVALLUR
Udayarkoil,600124,TIRUVALLUR
Ulundai,602105,TIRUVALLUR
Upper Tirutani,631209,TIRUVALLUR
Uttukottai,602026,TIRUVALLUR
V.K.N.Kandigai,631205,TIRUVALLUR
V.P.R.Puram,631302,TIRUVALLUR
Vadakarai,600052,TIRUVALLUR
Vadamadurai,601102,TIRUVALLUR
Vadaperumbakkam,600060,TIRUVALLUR
Vadattur,602024,TIRUVALLUR
Valasaravakkam,600087,TIRUVALLUR
Vallur,600120,TIRUVALLUR
Vanagaram,600095,TIRUVALLUR
Vanganur,631304,TIRUVALLUR
Vediyangadu,631302,TIRUVALLUR
Veerakaverirajapuram,631205,TIRUVALLUR
Veeramangalam,631302,TIRUVALLUR
Veeranathur,631303,TIRUVALLUR
Veeraraghavapuram,600077,TIRUVALLUR
Veeraraghavapuram,631210,TIRUVALLUR
Velanjeri,631209,TIRUVALLUR
Veliagaram,631207,TIRUVALLUR
Vellanur,600062,TIRUVALLUR
Vellathukottai,602023,TIRUVALLUR
Vellavedu,600124,TIRUVALLUR
Vellivoyalchavadi,600103,TIRUVALLUR
Velliyur,601103,TIRUVALLUR
Velnagar Vellanur,600062,TIRUVALLUR
Velur,601203,TIRUVALLUR
Vengal,601103,TIRUVALLUR
Venkatarajakuppam,631207,TIRUVALLUR
Veppambattu,602024,TIRUVALLUR
Vichoor,600103,TIRUVALLUR
Vidaiyur,631203,TIRUVALLUR
Vijayalakshmipuram,600053,TIRUVALLUR
Vilangadupakkam,600052,TIRUVALLUR
Villivakkam,600049,TIRUVALLUR
Voyalanallur,600072,TIRUVALLUR
Voyalur,601203,TIRUVALLUR
Vyasapuram,631210,TIRUVALLUR
A K Padavedu,606905,TIRUVANNAMALAI
Adaiyur,606604,TIRUVANNAMALAI
Adamangalam,606901,TIRUVANNAMALAI
Adanur,632317,TIRUVANNAMALAI
Adiannamalai,606604,TIRUVANNAMALAI
Adiyanur,604403,TIRUVANNAMALAI
Agraharapalayam,632314,TIRUVANNAMALAI
Akkur (Tiruvannamalai),631701,TIRUVANNAMALAI
Alathur,604408,TIRUVANNAMALAI
Alathur,606702,TIRUVANNAMALAI
Alividaithangi,604402,TIRUVANNAMALAI
Allialamangalam,606904,TIRUVANNAMALAI
Allikondapattu,606753,TIRUVANNAMALAI
Alliyandal,604503,TIRUVANNAMALAI
Ammapalayam,632315,TIRUVANNAMALAI
Ammayapattu,604408,TIRUVANNAMALAI
Amudur,604405,TIRUVANNAMALAI
Ananthapuram,632315,TIRUVANNAMALAI
Anapathur,604401,TIRUVANNAMALAI
Andampallam,606804,TIRUVANNAMALAI
Andipattu,606703,TIRUVANNAMALAI
Anmarudai,604504,TIRUVANNAMALAI
Anukkavoor,604401,TIRUVANNAMALAI
Aradapattu,606808,TIRUVANNAMALAI
Arasampattu,606807,TIRUVANNAMALAI
Arasanipalai,631702,TIRUVANNAMALAI
Arasankanni,606703,TIRUVANNAMALAI
Arasur,604408,TIRUVANNAMALAI
Arattavadi,606709,TIRUVANNAMALAI
Arayalam,632326,TIRUVANNAMALAI
Ariyapadi,632314,TIRUVANNAMALAI
Arjunapuram,606905,TIRUVANNAMALAI
Arni,632301,TIRUVANNAMALAI
Arni Fort,632301,TIRUVANNAMALAI
Arpakkam,606752,TIRUVANNAMALAI
Arudirapattu,606806,TIRUVANNAMALAI
Arugavur,604407,TIRUVANNAMALAI
Arunagirichatram,632301,TIRUVANNAMALAI
Arunthodu,604501,TIRUVANNAMALAI
Athimoor Tindivanam,606803,TIRUVANNAMALAI
Athipadi,606708,TIRUVANNAMALAI
Athipattu(T),635703,TIRUVANNAMALAI
Athurai,606902,TIRUVANNAMALAI
Athuvambadi,606907,TIRUVANNAMALAI
Attiyanur,635703,TIRUVANNAMALAI
Avaniapuram,604504,TIRUVANNAMALAI
Avur,606755,TIRUVANNAMALAI
Ayalpadi,604505,TIRUVANNAMALAI
Ayyampalayam,632315,TIRUVANNAMALAI
Ayyampalayam,606603,TIRUVANNAMALAI
Ayyankulam,606601,TIRUVANNAMALAI
Badur,604403,TIRUVANNAMALAI
Banambattu,606908,TIRUVANNAMALAI
Bhimarapatti,606708,TIRUVANNAMALAI
Brammadesam,632511,TIRUVANNAMALAI
Budamangalam,606902,TIRUVANNAMALAI
C Nammiandal,606702,TIRUVANNAMALAI
Chellankuppam,606755,TIRUVANNAMALAI
Chengam,606701,TIRUVANNAMALAI
Chennasamudram,606701,TIRUVANNAMALAI
Chettupattu Polur,606801,TIRUVANNAMALAI
Chevur,632316,TIRUVANNAMALAI
Cheyyar,604407,TIRUVANNAMALAI
Cheyyaturvendran,604401,TIRUVANNAMALAI
Chinnaelacheri,631702,TIRUVANNAMALAI
Chinnaimpettai,606708,TIRUVANNAMALAI
Chinnakallapadi,606806,TIRUVANNAMALAI
Chithathur,604410,TIRUVANNAMALAI
Chitragavur Pudur,604501,TIRUVANNAMALAI
Desur,604501,TIRUVANNAMALAI
Devanampattu,606802,TIRUVANNAMALAI
Devanur,606806,TIRUVANNAMALAI
Devikapuram,606902,TIRUVANNAMALAI
Dusi,631702,TIRUVANNAMALAI
Echur,604404,TIRUVANNAMALAI
Edathanur,606707,TIRUVANNAMALAI
Elaneerkundram,604401,TIRUVANNAMALAI
Elangadu,604408,TIRUVANNAMALAI
Elangunni,606703,TIRUVANNAMALAI
Elathur,606906,TIRUVANNAMALAI
Elayankanni,606753,TIRUVANNAMALAI
Embalam,604406,TIRUVANNAMALAI
Endal,604502,TIRUVANNAMALAI
Eraiyur,606704,TIRUVANNAMALAI
Erumaivetti,604401,TIRUVANNAMALAI
Erumbur,604404,TIRUVANNAMALAI
Erumpoondi,604601,TIRUVANNAMALAI
Esanyamadam,606604,TIRUVANNAMALAI
Ettivadi,606907,TIRUVANNAMALAI
Gangapattu,606804,TIRUVANNAMALAI
Gangavaram,606901,TIRUVANNAMALAI
Gudalur,606755,TIRUVANNAMALAI
Gudalur,606907,TIRUVANNAMALAI
Gunikanthur,635703,TIRUVANNAMALAI
Hasanamapettai,604402,TIRUVANNAMALAI
Inamkariyandal,606604,TIRUVANNAMALAI
Indiravanam,632313,TIRUVANNAMALAI
Injimedu,604503,TIRUVANNAMALAI
Irumbedu,604403,TIRUVANNAMALAI
Irumbedu,632317,TIRUVANNAMALAI
Isukkalikatteri,606804,TIRUVANNAMALAI
Jamanamarathur,635703,TIRUVANNAMALAI
Japthikarani,604406,TIRUVANNAMALAI
Japthikariandal,606702,TIRUVANNAMALAI
Kadagaman,606804,TIRUVANNAMALAI
Kadaladi (Tiruvannamalai),606908,TIRUVANNAMALAI
Kadambai,604502,TIRUVANNAMALAI
Kaduganur,604503,TIRUVANNAMALAI
Kaganam,604410,TIRUVANNAMALAI
Kalambur,606903,TIRUVANNAMALAI
Kalasamudram,632311,TIRUVANNAMALAI
Kalasapakkam,606751,TIRUVANNAMALAI
Kalasthambadi,606805,TIRUVANNAMALAI
Kaliyur,604407,TIRUVANNAMALAI
Kallarai Padi,606702,TIRUVANNAMALAI
Kallathur,606710,TIRUVANNAMALAI
Kallayee Sorathur,606754,TIRUVANNAMALAI
Kalnagar,606601,TIRUVANNAMALAI
Kalur,606751,TIRUVANNAMALAI
Kalvasal,606903,TIRUVANNAMALAI
Kamakkur,606903,TIRUVANNAMALAI
Kanalapadi,606611,TIRUVANNAMALAI
Kandavaratti,604502,TIRUVANNAMALAI
Kangeyanur,606803,TIRUVANNAMALAI
Kanji,606702,TIRUVANNAMALAI
Kannamangalam,632311,TIRUVANNAMALAI
Kannamangalam Bazaar,632311,TIRUVANNAMALAI
Kanthapalayam,606901,TIRUVANNAMALAI
Kappalur,606751,TIRUVANNAMALAI
Karapattu,606705,TIRUVANNAMALAI
Karapundi,606803,TIRUVANNAMALAI
Kariamangalam,606709,TIRUVANNAMALAI
Karkonam,606751,TIRUVANNAMALAI
Karungalikuppam,604601,TIRUVANNAMALAI
Kasthambadi,606903,TIRUVANNAMALAI
Kattampoondi,606808,TIRUVANNAMALAI
Kattukanur,632312,TIRUVANNAMALAI
Kattumalayanur,606804,TIRUVANNAMALAI
Kayambattu,606701,TIRUVANNAMALAI
Kelur,606907,TIRUVANNAMALAI
Kesavapuram,606905,TIRUVANNAMALAI
Kettavarampalayam,606901,TIRUVANNAMALAI
Kidampalayam,606901,TIRUVANNAMALAI
Kikkalur,604601,TIRUVANNAMALAI
Kilaiyur,606710,TIRUVANNAMALAI
Kiliyapattu,606604,TIRUVANNAMALAI
Kilkarippur,606755,TIRUVANNAMALAI
Kilkodungalur,604403,TIRUVANNAMALAI
Kilkovalavedu,604404,TIRUVANNAMALAI
Kilkuppam,606705,TIRUVANNAMALAI
Kilnachipattu,606611,TIRUVANNAMALAI
Kilnamandi,604501,TIRUVANNAMALAI
Kilnarma,604403,TIRUVANNAMALAI
Kilnathur,606601,TIRUVANNAMALAI
Kilpaliyapattu,606704,TIRUVANNAMALAI
Kilpalur,606908,TIRUVANNAMALAI
Kilpennathur,604601,TIRUVANNAMALAI
Kilputhur,604501,TIRUVANNAMALAI
Kilsathamangalam,604408,TIRUVANNAMALAI
Kilsirupakkam,606707,TIRUVANNAMALAI
Kilvanakkambadi,606707,TIRUVANNAMALAI
Kilvillivalam,604408,TIRUVANNAMALAI
Kodanagar,604407,TIRUVANNAMALAI
Kodanallur,604405,TIRUVANNAMALAI
Kodiyalam,604406,TIRUVANNAMALAI
Kolakkaravadi,606805,TIRUVANNAMALAI
Kolakudi,606808,TIRUVANNAMALAI
Kolappalur (Tiruvannamalai),632313,TIRUVANNAMALAI
Kolundampattu,606706,TIRUVANNAMALAI
Konalur,606755,TIRUVANNAMALAI
Korakkai,604409,TIRUVANNAMALAI
Kothandavadi,606752,TIRUVANNAMALAI
Kottai,604403,TIRUVANNAMALAI
Kovilur,604404,TIRUVANNAMALAI
Kovilur,635703,TIRUVANNAMALAI
Krishnapuram,606905,TIRUVANNAMALAI
Kulathur,606755,TIRUVANNAMALAI
Kulathur,632311,TIRUVANNAMALAI
Kunnakampoondi,604501,TIRUVANNAMALAI
Kunnathur,604402,TIRUVANNAMALAI
Kunnathur Arni,632314,TIRUVANNAMALAI
Kuppam,632311,TIRUVANNAMALAI
Kuppanatham,606710,TIRUVANNAMALAI
Kuruvimalai,606751,TIRUVANNAMALAI
Kuthanur,604402,TIRUVANNAMALAI
Kuttakarai,635703,TIRUVANNAMALAI
Kuttar,606708,TIRUVANNAMALAI
Kuttathur,635703,TIRUVANNAMALAI
Kuvalai,604403,TIRUVANNAMALAI
Kuyilam,606710,TIRUVANNAMALAI
Ladavaram,606751,TIRUVANNAMALAI
Madipakkam,631701,TIRUVANNAMALAI
Madurampattu,606804,TIRUVANNAMALAI
Mahamayee Tirumani,604501,TIRUVANNAMALAI
Malamanjanur,606708,TIRUVANNAMALAI
Malappambadi,606611,TIRUVANNAMALAI
Malayur,604502,TIRUVANNAMALAI
Maligaipattu,604409,TIRUVANNAMALAI
Mallavadi,606805,TIRUVANNAMALAI
Mamandur,632317,TIRUVANNAMALAI
Mamandur Kanchipuram,631702,TIRUVANNAMALAI
Mambattu,606803,TIRUVANNAMALAI
Mandakolathur,606904,TIRUVANNAMALAI
Mandaparai,635703,TIRUVANNAMALAI
Mangalam (Tiruvannamalai),606752,TIRUVANNAMALAI
Manganallur,604408,TIRUVANNAMALAI
Mansurabad,606902,TIRUVANNAMALAI
Marudadu,604405,TIRUVANNAMALAI
Maruthuvambadi,606802,TIRUVANNAMALAI
Maruthuvambadi,606801,TIRUVANNAMALAI
Matam,604502,TIRUVANNAMALAI
Mathur,631701,TIRUVANNAMALAI
Mavalavadi,604406,TIRUVANNAMALAI
Mekkalur,604601,TIRUVANNAMALAI
Melachery,604502,TIRUVANNAMALAI
Melarvandavadi,606703,TIRUVANNAMALAI
Melathangal,606807,TIRUVANNAMALAI
Melchengam,606703,TIRUVANNAMALAI
Melma,604408,TIRUVANNAMALAI
Melmattaivinnamangalam,604503,TIRUVANNAMALAI
Melmudiyanur,606704,TIRUVANNAMALAI
Melnachipattu,606704,TIRUVANNAMALAI
Melnagar,632315,TIRUVANNAMALAI
Melnemili,604505,TIRUVANNAMALAI
Melpadur,606702,TIRUVANNAMALAI
Melpallipattu,606703,TIRUVANNAMALAI
Melpathi,604505,TIRUVANNAMALAI
Melpattu (T),635703,TIRUVANNAMALAI
Melpennathur,606704,TIRUVANNAMALAI
Melpuludiyur,606709,TIRUVANNAMALAI
Melsilambadi,635703,TIRUVANNAMALAI
Melsishamangalam,604504,TIRUVANNAMALAI
Melsolankuppam,606901,TIRUVANNAMALAI
Melvanakakambadi,606703,TIRUVANNAMALAI
Menalur,631702,TIRUVANNAMALAI
Meyyur,632317,TIRUVANNAMALAI
Meyyur,606753,TIRUVANNAMALAI
Modaiyur,606902,TIRUVANNAMALAI
Molugampoondi,632317,TIRUVANNAMALAI
Moongilthuraipattu,605702,TIRUVANNAMALAI
Morakaniyanur,606801,TIRUVANNAMALAI
Moranam,604407,TIRUVANNAMALAI
Mosavadi,604503,TIRUVANNAMALAI
Mottakkal,606708,TIRUVANNAMALAI
Mukkur,604409,TIRUVANNAMALAI
Mukkurumbai,606903,TIRUVANNAMALAI
Mullandrum,632512,TIRUVANNAMALAI
Mullipattu,632316,TIRUVANNAMALAI
Munnurmangalam,606705,TIRUVANNAMALAI
Munugapattu,604504,TIRUVANNAMALAI
Murugapadi,606803,TIRUVANNAMALAI
Murukattampundi,604407,TIRUVANNAMALAI
Nachamalai,635703,TIRUVANNAMALAI
Nachipattu,606709,TIRUVANNAMALAI
Nadukuppam,606903,TIRUVANNAMALAI
Nallavanpalayam,606603,TIRUVANNAMALAI
Nallur,604406,TIRUVANNAMALAI
Namandi,604410,TIRUVANNAMALAI
Namathodu,632313,TIRUVANNAMALAI
Nambedu,606902,TIRUVANNAMALAI
Nambedu,604505,TIRUVANNAMALAI
Naraiyur,606754,TIRUVANNAMALAI
Narasingapuram,606902,TIRUVANNAMALAI
Narayanakuppam,606708,TIRUVANNAMALAI
Narayanamangalam,632313,TIRUVANNAMALAI
Nariyapattu,606753,TIRUVANNAMALAI
Natteri,632511,TIRUVANNAMALAI
Navalpakkam,604503,TIRUVANNAMALAI
Nayudumangalam,606802,TIRUVANNAMALAI
Nedumbarai,604407,TIRUVANNAMALAI
Nedungunam,606807,TIRUVANNAMALAI
Neepathurai,606703,TIRUVANNAMALAI
Neivanatham,606754,TIRUVANNAMALAI
Nelliyankulam,604405,TIRUVANNAMALAI
Nerkunam,604406,TIRUVANNAMALAI
Nesal,632316,TIRUVANNAMALAI
Nookambadi,606752,TIRUVANNAMALAI
Northampoondi,606802,TIRUVANNAMALAI
Odalavadi,632326,TIRUVANNAMALAI
Olaipadi,606754,TIRUVANNAMALAI
Onnupuram,632315,TIRUVANNAMALAI
Oorgoundanur,606710,TIRUVANNAMALAI
Osur,604405,TIRUVANNAMALAI
P Quilam,606708,TIRUVANNAMALAI
Pachal (Tiruvannamalai),606704,TIRUVANNAMALAI
Padagam,606904,TIRUVANNAMALAI
Padiagraharam,606705,TIRUVANNAMALAI
Paiyur,632317,TIRUVANNAMALAI
Pakkiripalayam,606709,TIRUVANNAMALAI
Palamarathur,635703,TIRUVANNAMALAI
Palampettai,606801,TIRUVANNAMALAI
Palanandal,606752,TIRUVANNAMALAI
Palankoil,606751,TIRUVANNAMALAI
Palavalam,606754,TIRUVANNAMALAI
Palayanur,606753,TIRUVANNAMALAI
Palli,604407,TIRUVANNAMALAI
Pallikondapattu,606611,TIRUVANNAMALAI
Pandithapattu,606603,TIRUVANNAMALAI
Pappanthangal,604407,TIRUVANNAMALAI
Paramanandal,606710,TIRUVANNAMALAI
Parasur,604409,TIRUVANNAMALAI
Parayampattu,606808,TIRUVANNAMALAI
Pathiyavadi,606751,TIRUVANNAMALAI
Pattaraikadu,635703,TIRUVANNAMALAI
Pavithiram,606806,TIRUVANNAMALAI
Pelasur,606803,TIRUVANNAMALAI
Pennattagaram,604406,TIRUVANNAMALAI
Periagaram,606803,TIRUVANNAMALAI
Periyakilambadi,606802,TIRUVANNAMALAI
Periyakolapadi,606704,TIRUVANNAMALAI
Pernamallur,604503,TIRUVANNAMALAI
Perumanam,606806,TIRUVANNAMALAI
Perumbalai,604401,TIRUVANNAMALAI
Perungulathur,604407,TIRUVANNAMALAI
Perunkolathur,606708,TIRUVANNAMALAI
Perunthuraipattu,606753,TIRUVANNAMALAI
Pillanthangal,604410,TIRUVANNAMALAI
Pinjur,606709,TIRUVANNAMALAI
Polur (Tiruvannamalai),606803,TIRUVANNAMALAI
Polur Town,606803,TIRUVANNAMALAI
Ponnur,604408,TIRUVANNAMALAI
Poosimalaikuppam,632512,TIRUVANNAMALAI
Porkunam,606802,TIRUVANNAMALAI
Potharai,606803,TIRUVANNAMALAI
Pudupalayam,631702,TIRUVANNAMALAI
Pudupalayam (Tiruvannamalai),606705,TIRUVANNAMALAI
Pudupattu,606710,TIRUVANNAMALAI
Pudur Chekkadi,606708,TIRUVANNAMALAI
Pudur Chengam,606705,TIRUVANNAMALAI
Pulavanpadi,606903,TIRUVANNAMALAI
Pulivalam- Sunaipattu,632511,TIRUVANNAMALAI
Pulivanandal,606904,TIRUVANNAMALAI
Puliyampatti,606703,TIRUVANNAMALAI
Puliyur (T),635703,TIRUVANNAMALAI
Pundi Polur,606751,TIRUVANNAMALAI
Pungambadi,606903,TIRUVANNAMALAI
Punnai,604405,TIRUVANNAMALAI
Purisai,604401,TIRUVANNAMALAI
Puthur,632315,TIRUVANNAMALAI
Puthur,632512,TIRUVANNAMALAI
R.Kunnathur,606803,TIRUVANNAMALAI
Radhapuram,606707,TIRUVANNAMALAI
Ragunathapuram,632316,TIRUVANNAMALAI
Ragunathasamudram,604503,TIRUVANNAMALAI
Rajapalayam,606755,TIRUVANNAMALAI
Ramakrishnapuram,604402,TIRUVANNAMALAI
Ramanathapuram,606905,TIRUVANNAMALAI
Randam,604407,TIRUVANNAMALAI
Rattinamangalam,632316,TIRUVANNAMALAI
Rayampettai,604601,TIRUVANNAMALAI
Rayandapuram,606708,TIRUVANNAMALAI
Reddiarpalayam,606708,TIRUVANNAMALAI
S Sorpanandal,606706,TIRUVANNAMALAI
Saduperipalayam,606907,TIRUVANNAMALAI
Saidapettai Arni,632301,TIRUVANNAMALAI
Salukkai,604408,TIRUVANNAMALAI
Salvedu,604403,TIRUVANNAMALAI
Sanikkavadi,606803,TIRUVANNAMALAI
Sanipundi,606755,TIRUVANNAMALAI
Santhavasal,606905,TIRUVANNAMALAI
Saron,606601,TIRUVANNAMALAI
Sathanur,606706,TIRUVANNAMALAI
Sathanurdam,606706,TIRUVANNAMALAI
Sathiyaviziyanagaram,632317,TIRUVANNAMALAI
Sattapundi,604501,TIRUVANNAMALAI
Sattuvanthangal,632511,TIRUVANNAMALAI
Sedarampattu,632315,TIRUVANNAMALAI
Semmambadi,632313,TIRUVANNAMALAI
Semmiyamangalam,606904,TIRUVANNAMALAI
Senal,604406,TIRUVANNAMALAI
Sengadu,604505,TIRUVANNAMALAI
Sengattankundil,604407,TIRUVANNAMALAI
Sengunam,606803,TIRUVANNAMALAI
Sennavaram,604408,TIRUVANNAMALAI
Serpapattu,606753,TIRUVANNAMALAI
Sevarapundi,606902,TIRUVANNAMALAI
Shro. Navalpakkam,604408,TIRUVANNAMALAI
Sirumur,632314,TIRUVANNAMALAI
Sirunathur,604601,TIRUVANNAMALAI
Siruvallur,606906,TIRUVANNAMALAI
Somasipadi,606611,TIRUVANNAMALAI
Sorakulathur,606802,TIRUVANNAMALAI
Sozhavaram,631701,TIRUVANNAMALAI
Srinivasaudayanavaram,632314,TIRUVANNAMALAI
Sriramanashramam,606603,TIRUVANNAMALAI
Su Valavetti,606806,TIRUVANNAMALAI
Su. Andapattu,606808,TIRUVANNAMALAI
Su. Pappambadi,606808,TIRUVANNAMALAI
Sumangali,604402,TIRUVANNAMALAI
Susainagar,632326,TIRUVANNAMALAI
Tandarai,606804,TIRUVANNAMALAI
Tandarampattu,606707,TIRUVANNAMALAI
Tanipadi,606708,TIRUVANNAMALAI
Taradapattu,606707,TIRUVANNAMALAI
Tellar,604406,TIRUVANNAMALAI
Tellur-Arni,632313,TIRUVANNAMALAI
Thachampattu,606811,TIRUVANNAMALAI
Thaiyar,604406,TIRUVANNAMALAI
Thatchambadi,606902,TIRUVANNAMALAI
Thatchur,632326,TIRUVANNAMALAI
Thenelapakkam,604408,TIRUVANNAMALAI
Thenkarimbalur,606753,TIRUVANNAMALAI
Thenmahadevamangalam,606908,TIRUVANNAMALAI
Thenmathur,606603,TIRUVANNAMALAI
Thenmudiyanur,606707,TIRUVANNAMALAI
Thennagaram,606802,TIRUVANNAMALAI
Thennampattu,632511,TIRUVANNAMALAI
Thennankur,604408,TIRUVANNAMALAI
Thennathur,604501,TIRUVANNAMALAI
Thenpallipattu,606751,TIRUVANNAMALAI
Thenthinnalur,604501,TIRUVANNAMALAI
Therasapuram,604406,TIRUVANNAMALAI
Thethurai,604408,TIRUVANNAMALAI
Thithandapattu,606701,TIRUVANNAMALAI
Thorapadi,606704,TIRUVANNAMALAI
Thozhupedu,604409,TIRUVANNAMALAI
Thukkapettai,606709,TIRUVANNAMALAI
Thumbakkadu,606803,TIRUVANNAMALAI
Thumbur,606902,TIRUVANNAMALAI
Tirumalai,606907,TIRUVANNAMALAI
Tirumani,604504,TIRUVANNAMALAI
Tirumpundi,604404,TIRUVANNAMALAI
Tiruppanangadu,604410,TIRUVANNAMALAI
Tirusur,606803,TIRUVANNAMALAI
Tiruvadathanur,606708,TIRUVANNAMALAI
Tiruvannamalai,606601,TIRUVANNAMALAI
Tiruvannamalai Bazaar,606601,TIRUVANNAMALAI
Tiruvannamalai RS,606601,TIRUVANNAMALAI
Tiruvettipuram,604407,TIRUVANNAMALAI
Tiruvettipuram Cutcherry,604407,TIRUVANNAMALAI
Turinjapuram,606805,TIRUVANNAMALAI
Ukkal,631701,TIRUVANNAMALAI
Ulagampattu,606801,TIRUVANNAMALAI
Ulundai,604403,TIRUVANNAMALAI
Vadailluppai,632511,TIRUVANNAMALAI
Vadakalpakkam,631702,TIRUVANNAMALAI
Vadamadimangalam,606907,TIRUVANNAMALAI
Vadamanapakkam,604402,TIRUVANNAMALAI
Vadamathur,606702,TIRUVANNAMALAI
Vadathinallur,604409,TIRUVANNAMALAI
Vadavanakkambadi,604505,TIRUVANNAMALAI
Vadugasathu,632316,TIRUVANNAMALAI
Vaipur,606754,TIRUVANNAMALAI
Valavachanur,606753,TIRUVANNAMALAI
Valayampattu,606701,TIRUVANNAMALAI
Valkadai,604409,TIRUVANNAMALAI
Vallivagai,606752,TIRUVANNAMALAI
Valudalangunam,604601,TIRUVANNAMALAI
Vanapuram,606753,TIRUVANNAMALAI
Vandavasi,604408,TIRUVANNAMALAI
Vannankulam,632315,TIRUVANNAMALAI
Varagur,606753,TIRUVANNAMALAI
Varagur Pudur,632319,TIRUVANNAMALAI
Vasudevampattu,606704,TIRUVANNAMALAI
Vasur,606803,TIRUVANNAMALAI
Vayalamoor,604406,TIRUVANNAMALAI
Vayalur,604501,TIRUVANNAMALAI
Vazhiyur,632315,TIRUVANNAMALAI
Vazhur,604405,TIRUVANNAMALAI
Vedal,604501,TIRUVANNAMALAI
Vedanatham,606611,TIRUVANNAMALAI
Vedandavadi,606752,TIRUVANNAMALAI
Veerambakkam-pudur,604408,TIRUVANNAMALAI
Veeranandal,606705,TIRUVANNAMALAI
Veerappanur,635703,TIRUVANNAMALAI
Velapadi-Arni,632317,TIRUVANNAMALAI
Velayampakkam,606753,TIRUVANNAMALAI
Velleri,632317,TIRUVANNAMALAI
Velliambakkam,604403,TIRUVANNAMALAI
Vellur,606905,TIRUVANNAMALAI
Veluganandal,606802,TIRUVANNAMALAI
Vembakkam,604410,TIRUVANNAMALAI
Vengalathur,604410,TIRUVANNAMALAI
Vengaram,604408,TIRUVANNAMALAI
Vengikkal,606604,TIRUVANNAMALAI
Veppambattu,606807,TIRUVANNAMALAI
Veppurchekkadi,606706,TIRUVANNAMALAI
Veraiyur,606806,TIRUVANNAMALAI
Vethajipuram,632507,TIRUVANNAMALAI
Vettavalam,606754,TIRUVANNAMALAI
Vettiyantholuvam,632314,TIRUVANNAMALAI
Vilapakkam,606904,TIRUVANNAMALAI
Vilvarani,606906,TIRUVANNAMALAI
Vinnamangalamarni,632316,TIRUVANNAMALAI
Vinnavadi,604407,TIRUVANNAMALAI
Viralur,606901,TIRUVANNAMALAI
Abivirthiswaram,613705,TIRUVARUR
Achuthamangalam,610105,TIRUVARUR
Adambar,610105,TIRUVARUR
Adangudi,614103,TIRUVARUR
Adanur(KVN),614403,TIRUVARUR
Adiakkamangalam,611101,TIRUVARUR
Adichamangalam,612804,TIRUVARUR
Adichapuram,614717,TIRUVARUR
Agaraohai,612601,TIRUVARUR
Agarathirumalam,609503,TIRUVARUR
Alangadu,614704,TIRUVARUR
Alangadu Uppur,614704,TIRUVARUR
Alangudi,609502,TIRUVARUR
Alangudi-NID,612801,TIRUVARUR
Alankottai,614018,TIRUVARUR
Alathambadi,610203,TIRUVARUR
Alathur,609405,TIRUVARUR
Alivalam,610106,TIRUVARUR
Ammanur,610201,TIRUVARUR
Ammayappan,613701,TIRUVARUR
Amur,610101,TIRUVARUR
Anaikuppam,610105,TIRUVARUR
Andankarai,610203,TIRUVARUR
Andankoil,612804,TIRUVARUR
Andipalayam,611101,TIRUVARUR
Arasavanangadu,612603,TIRUVARUR
Aravoor,614404,TIRUVARUR
Ariyalur,614702,TIRUVARUR
Asesham,614016,TIRUVARUR
Athisolamangalam,613701,TIRUVARUR
Attikkadai,613702,TIRUVARUR
Authur,610103,TIRUVARUR
Avalivanallur,612802,TIRUVARUR
Avoor,612701,TIRUVARUR
Barakadabad,613705,TIRUVARUR
Budamangalam,610102,TIRUVARUR
Chandrasekarapuram,612804,TIRUVARUR
Chettichatram,614403,TIRUVARUR
Chittamalli-nid,614404,TIRUVARUR
Dakshinamurthi Mutt,610001,TIRUVARUR
Devadanam,614702,TIRUVARUR
Devangudi,612803,TIRUVARUR
Divammapuram,614715,TIRUVARUR
Elavanur,614017,TIRUVARUR
ELVANGARGUDI,610104,TIRUVARUR
Erukattur,610102,TIRUVARUR
Ezhilur,614715,TIRUVARUR
Gopalasamudram,614001,TIRUVARUR
Govindakudi,612701,TIRUVARUR
Hanumanthapuram,613703,TIRUVARUR
Haridranathi,614001,TIRUVARUR
Haridwaramangalam,612802,TIRUVARUR
Harischandrapuram,610206,TIRUVARUR
Idaiyur,614702,TIRUVARUR
Idangankottai Keelaiyur,614013,TIRUVARUR
Idangankottai Melaiyur,614013,TIRUVARUR
Idumbavanam,614703,TIRUVARUR
Ilaiyur,613705,TIRUVARUR
Injikudi,609405,TIRUVARUR
Irulneeki,614708,TIRUVARUR
Jambavanodai,614738,TIRUVARUR
Kachanam,610201,TIRUVARUR
Kadalangudi,609501,TIRUVARUR
Kadiacheri,614715,TIRUVARUR
Kalacheri,612803,TIRUVARUR
Kalanjimodu,612803,TIRUVARUR
Kalathur,613703,TIRUVARUR
Kalavaikarai,614001,TIRUVARUR
Kaliyakudi,609403,TIRUVARUR
Kallikudi,611101,TIRUVARUR
Kalyanamahadevi,613704,TIRUVARUR
Kamalapuram (Tiruvarur),610102,TIRUVARUR
Kandithampettai,614018,TIRUVARUR
Kandodathavanitham,610102,TIRUVARUR
Kandramanickam,612604,TIRUVARUR
Karaikottai,614013,TIRUVARUR
Karpaganatharkulam,614703,TIRUVARUR
Karunavur,614014,TIRUVARUR
Karunavur,614705,TIRUVARUR
Karuppakilar,614708,TIRUVARUR
Karuvakurichi,614018,TIRUVARUR
Kattakudi,614013,TIRUVARUR
Kattimodu,614716,TIRUVARUR
Kattur,610104,TIRUVARUR
Keelapandi,614703,TIRUVARUR
Keerakalur,614715,TIRUVARUR
Keeralathur,610205,TIRUVARUR
Keeranur,609403,TIRUVARUR
Kekkarai,610003,TIRUVARUR
Kezhuvathur,614705,TIRUVARUR
Kidarankondan,610003,TIRUVARUR
Kilamanali,610103,TIRUVARUR
Kilanammankurichi,614704,TIRUVARUR
Kilapadugai,610109,TIRUVARUR
Kilapalaiyur,612610,TIRUVARUR
Kilapalam,614001,TIRUVARUR
Kilapanaiyur,614708,TIRUVARUR
Kilapattu,612803,TIRUVARUR
Kilaperumalai,614703,TIRUVARUR
Kilariam,613703,TIRUVARUR
Kodavasal,612601,TIRUVARUR
Kodikalpalayam,610001,TIRUVARUR
Kollapuram,609608,TIRUVARUR
Kollumangudi,609403,TIRUVARUR
Komal,610202,TIRUVARUR
Koopachikottai,614015,TIRUVARUR
Koothanallur,614101,TIRUVARUR
Koothanallur East,614101,TIRUVARUR
Koothanur,609503,TIRUVARUR
Koradacheri,613703,TIRUVARUR
Korukkai,614711,TIRUVARUR
Kothamangalam,614715,TIRUVARUR
Kothangudi,614101,TIRUVARUR
Kottugacheri,614101,TIRUVARUR
Kottur (Tiruvarur),614708,TIRUVARUR
Kovilur,614704,TIRUVARUR
Kovilvenni,614403,TIRUVARUR
Kovilvenni Bazaar,614403,TIRUVARUR
Kudithangicheri,614102,TIRUVARUR
Kulamanickam,614702,TIRUVARUR
Kulikarai,613704,TIRUVARUR
Kummattitidal,614706,TIRUVARUR
Kundalur,609501,TIRUVARUR
Kunnalur,614703,TIRUVARUR
Kunniyur,614717,TIRUVARUR
Kunnur,610203,TIRUVARUR
Kurungulam,609608,TIRUVARUR
Kuvalaiveli,612801,TIRUVARUR
Lakshmangudi,614102,TIRUVARUR
Madapuram,610001,TIRUVARUR
Mahadevapattinam,614018,TIRUVARUR
Manakkal Ayyampet,610104,TIRUVARUR
Manakkondu,614302,TIRUVARUR
Manali,610203,TIRUVARUR
Manandakudi,609503,TIRUVARUR
Mangudi,614710,TIRUVARUR
Mangudi,610103,TIRUVARUR
Manickamangalam,614404,TIRUVARUR
Manjakudi,612610,TIRUVARUR
Manjanavadi,614101,TIRUVARUR
Mannargudi,614001,TIRUVARUR
Mannargudi Bazaar,614001,TIRUVARUR
Mannargudi South,614001,TIRUVARUR
Mannargudi West,614001,TIRUVARUR
Mannukkumundan,614705,TIRUVARUR
Mappilaikuppam,610105,TIRUVARUR
Marudavanam,614710,TIRUVARUR
Maruduvancheri,609503,TIRUVARUR
Maruvathur,612802,TIRUVARUR
Mathur-NID,612801,TIRUVARUR
Mavattagudi,610206,TIRUVARUR
Mavoor (Tiruvarur),610202,TIRUVARUR
Meiporul Nagar,610001,TIRUVARUR
Melalavandaseri,612803,TIRUVARUR
Melamaravathy,612801,TIRUVARUR
Melamarudur,614716,TIRUVARUR
Melanammankurichi,614903,TIRUVARUR
Melanatham,614015,TIRUVARUR
Melanemmeli,614018,TIRUVARUR
Melapalayur,612601,TIRUVARUR
Melapanaiyur,614717,TIRUVARUR
Melaperumalai,614703,TIRUVARUR
Melavasal,614014,TIRUVARUR
Melavidayal Ramnagar,612804,TIRUVARUR
Menangudi,609608,TIRUVARUR
Mettupalayam,614715,TIRUVARUR
Moolangudi,612610,TIRUVARUR
Moongilkudi,610101,TIRUVARUR
Mudikondan,609502,TIRUVARUR
Mukkul.Am Sathanur,614018,TIRUVARUR
Mukundanur,613701,TIRUVARUR
Mullaivasal,614404,TIRUVARUR
Muniyur,612802,TIRUVARUR
Munnavalkottai,614403,TIRUVARUR
Mutupet,614704,TIRUVARUR
Muvanallur,614014,TIRUVARUR
Muvarkottai,614019,TIRUVARUR
Nadapur,610101,TIRUVARUR
Naduvakalappal,614710,TIRUVARUR
Nagai,614016,TIRUVARUR
Nahangudi,614101,TIRUVARUR
Nallikottai,614018,TIRUVARUR
Nallur,614208,TIRUVARUR
Nallur-TTP,614717,TIRUVARUR
Nannilam,610105,TIRUVARUR
Nannilam Cutchery,610105,TIRUVARUR
Narasingamangalam,614404,TIRUVARUR
Narthangudi,614404,TIRUVARUR
Naruvelikalappal,614710,TIRUVARUR
Nedumbalam,614703,TIRUVARUR
Nedungulam,609403,TIRUVARUR
Neduvakottai,614014,TIRUVARUR
Nemmeli,610105,TIRUVARUR
Nemmeli-MNG,614016,TIRUVARUR
New Street,610001,TIRUVARUR
Nidamangalam,614404,TIRUVARUR
Nidamangalam Bazaar,614404,TIRUVARUR
Olimidi,614404,TIRUVARUR
Oorgudi,613703,TIRUVARUR
Oothucadu,612701,TIRUVARUR
Ovarur,614703,TIRUVARUR
Padagacheri,612804,TIRUVARUR
Painganadu,614020,TIRUVARUR
Paingattur,614717,TIRUVARUR
Pakkamparuthiyur,610107,TIRUVARUR
Palaiyur,614705,TIRUVARUR
Palayakottai,614017,TIRUVARUR
Palayanur-ktn,614101,TIRUVARUR
Palayavalam,610101,TIRUVARUR
Pamani-MNG,614014,TIRUVARUR
Pamani-TTP,614711,TIRUVARUR
Panangudi,609504,TIRUVARUR
Paravakottai,614015,TIRUVARUR
Paruthiyur,612604,TIRUVARUR
Pathur,613703,TIRUVARUR
Pavattakudi,609403,TIRUVARUR
Peraiyur,614018,TIRUVARUR
Peralam,609405,TIRUVARUR
Perambur,614404,TIRUVARUR
Periyakuruvadi,610206,TIRUVARUR
Perumalagaram,613703,TIRUVARUR
Perumpannaiyur,612603,TIRUVARUR
Peruvazhandan,614705,TIRUVARUR
Pettai,614704,TIRUVARUR
Pichankottagam,614716,TIRUVARUR
Pillur,609403,TIRUVARUR
Pinnathur,614706,TIRUVARUR
Podakudi,614103,TIRUVARUR
Ponnirai,610203,TIRUVARUR
Pudukudi,612610,TIRUVARUR
Pudukudi,609501,TIRUVARUR
Pudupathur,610106,TIRUVARUR
Pulithikudi,614708,TIRUVARUR
Pulivalam (Tiruvarur),610109,TIRUVARUR
Pullamangalam,610206,TIRUVARUR
Pullavarayankudikadu,614013,TIRUVARUR
Punthottam,609503,TIRUVARUR
Puthagaram,614705,TIRUVARUR
Puvanur,612803,TIRUVARUR
Radhanarasimhapuram,614020,TIRUVARUR
Rajappayyanchavadi,612803,TIRUVARUR
Rayanallur,614715,TIRUVARUR
Rayapuram,612803,TIRUVARUR
Renganathapuram,614717,TIRUVARUR
Sadayarkoil,614019,TIRUVARUR
Salipperi,610105,TIRUVARUR
Sarabojirajapuram,609503,TIRUVARUR
Sarguneswarapuram,609501,TIRUVARUR
Sathanur(KTN),614101,TIRUVARUR
Sathanur-PSM,612801,TIRUVARUR
Savalakkaran,614014,TIRUVARUR
Segarai,614103,TIRUVARUR
Sellur (Tiruvarur),613705,TIRUVARUR
Selvapuram,610101,TIRUVARUR
Semangalam,611101,TIRUVARUR
Sembadavankadu,614704,TIRUVARUR
Sembangudi,612603,TIRUVARUR
Sembiyanallur,609503,TIRUVARUR
Sendamangalam(TTP),614708,TIRUVARUR
Sendangudi,610206,TIRUVARUR
Sengalipuram,612604,TIRUVARUR
Senganur,610107,TIRUVARUR
Serangolam,614016,TIRUVARUR
Serukalathur,612604,TIRUVARUR
Serumangalam,614014,TIRUVARUR
Seruvamani,610205,TIRUVARUR
Sidakkamangalam,612604,TIRUVARUR
Simili,612603,TIRUVARUR
Sirupuliyur,609403,TIRUVARUR
Sithadi,612604,TIRUVARUR
Sithamalli,614705,TIRUVARUR
Sithanvalur,612804,TIRUVARUR
Sokkanavur,614017,TIRUVARUR
Solachery,613701,TIRUVARUR
Solapandi,614016,TIRUVARUR
Srivanjiam,610107,TIRUVARUR
Sundarakottai,614016,TIRUVARUR
Suranur,610101,TIRUVARUR
Talayamangalam(MNG),614016,TIRUVARUR
Tanneerkunnam,614101,TIRUVARUR
Tenparai,614020,TIRUVARUR
Terkunanallur,614710,TIRUVARUR
Terkupattam,612802,TIRUVARUR
Thalikottai,614018,TIRUVARUR
Thandalai,610004,TIRUVARUR
Thappalampuliyur,610106,TIRUVARUR
Thazhakudi,613701,TIRUVARUR
Thillaivilagam,614706,TIRUVARUR
Thillaivilagam South,614706,TIRUVARUR
Thiruvanduthurai,614717,TIRUVARUR
Tholuvur,612804,TIRUVARUR
Thuthukudi,609504,TIRUVARUR
Tiruchirai,612605,TIRUVARUR
Tirukalar,614710,TIRUVARUR
Tirukannamangai,610104,TIRUVARUR
Tirukaravasal,610202,TIRUVARUR
Tirukottaram,609603,TIRUVARUR
Tirumakottai,614017,TIRUVARUR
Tirumeichur,609405,TIRUVARUR
Tirunattiyathankudi,610202,TIRUVARUR
Tiruneipair,610103,TIRUVARUR
Tirunellikaval,610205,TIRUVARUR
Tirupalakudi,614018,TIRUVARUR
Tiruturaipundi,614713,TIRUVARUR
Tiruturaipundi Bazaar,614713,TIRUVARUR
Tiruturaipundi R.S.,614713,TIRUVARUR
Tiruvarur,610001,TIRUVARUR
Tiruvarur Collectorate,610004,TIRUVARUR
Tiruvarur North,610001,TIRUVARUR
Tiruvidacherry,610107,TIRUVARUR
Tiruvizhimizhalai,609501,TIRUVARUR
Tondiakkadu,614703,TIRUVARUR
Ubayavedanthapuram,609608,TIRUVARUR
Udayamarthandapuram,614706,TIRUVARUR
Ullikottai,614018,TIRUVARUR
Vadagudi,610105,TIRUVARUR
Vadakarai Alathur,614302,TIRUVARUR
Vadakovanur,614102,TIRUVARUR
Vadamattam,612201,TIRUVARUR
Vadapathimangalam,610206,TIRUVARUR
Vadaver,612604,TIRUVARUR
Vadiakadu,614703,TIRUVARUR
Vaduvur,614019,TIRUVARUR
Vaduvur Thenpathi,614019,TIRUVARUR
Vaduvur Vadapathi,614019,TIRUVARUR
Vaipur,610101,TIRUVARUR
Valangaman,612804,TIRUVARUR
Valkkai,610105,TIRUVARUR
Vallur,614017,TIRUVARUR
Vanakkara Street,614001,TIRUVARUR
Vattar,614717,TIRUVARUR
Veedhividangan,610107,TIRUVARUR
Velangudi,609603,TIRUVARUR
Vellakulam,612601,TIRUVARUR
Vellur-ttp,614715,TIRUVARUR
Velukudi,610102,TIRUVARUR
Vennavasal,613703,TIRUVARUR
Veppancheri,614703,TIRUVARUR
Vidayalkaruppur,612605,TIRUVARUR
Vikkirapandiyam,610203,TIRUVARUR
Vikrapandiyam,610107,TIRUVARUR
Vilagam,609501,TIRUVARUR
Vilakudi,614715,TIRUVARUR
Vilamal,610004,TIRUVARUR
Vilathur,612802,TIRUVARUR
Visalur,610101,TIRUVARUR
Vishnupuram,609501,TIRUVARUR
Vittukatti,614715,TIRUVARUR
Achankulam,628718,TUTUCORIN
Adaikalapuram,628217,TUTUCORIN
Adanur,628712,TUTUCORIN
Agaram,628152,TUTUCORIN
Ahilandapuram,628714,TUTUCORIN
Akilandapuram,628401,TUTUCORIN
Akkanaickenpatti,628303,TUTUCORIN
Alagappapuram,628703,TUTUCORIN
Alagappapuram,628721,TUTUCORIN
Alagesapuram,628002,TUTUCORIN
Alampatti,628503,TUTUCORIN
Alankinar,628704,TUTUCORIN
Alanthalai,628206,TUTUCORIN
Alwarkarkulam,628619,TUTUCORIN
Alwarthope West,628612,TUTUCORIN
Alwartirunagari,628612,TUTUCORIN
Alwartirunagari West,628612,TUTUCORIN
Amalinagar,628215,TUTUCORIN
Ambalaseri,628701,TUTUCORIN
Ammanpuram,628201,TUTUCORIN
Anaiyur,628210,TUTUCORIN
Anandapuram (Tuticorin),628701,TUTUCORIN
Anavaradanallur,628809,TUTUCORIN
Anbinnagaram,628702,TUTUCORIN
Aniaparanallur,628851,TUTUCORIN
Appankoil,628612,TUTUCORIN
Arampannai,628619,TUTUCORIN
Ariyanayagipuram,628621,TUTUCORIN
Ariyanayagipuram,628901,TUTUCORIN
Arockiapuram,628002,TUTUCORIN
Arumugamangalam,628802,TUTUCORIN
Arumuganeri,628202,TUTUCORIN
Arungulam,628712,TUTUCORIN
Asirvathapuram,628613,TUTUCORIN
Athalikulam,628621,TUTUCORIN
Athichanallur,628621,TUTUCORIN
Athikulam,628952,TUTUCORIN
Athimarapatti,628005,TUTUCORIN
Attankarai,628904,TUTUCORIN
Autoor,628151,TUTUCORIN
Avalnatham,628502,TUTUCORIN
Ayyanaruthu,628952,TUTUCORIN
Bommiahpuram,628907,TUTUCORIN
Boothalapuram,628905,TUTUCORIN
C.G.S. Colony,628003,TUTUCORIN
Campbellabad,628614,TUTUCORIN
Cherakulam,628622,TUTUCORIN
Chettikulam,628701,TUTUCORIN
Chettikurichi,628552,TUTUCORIN
Chidambaranagar,628008,TUTUCORIN
Chinnamadankudiyiruppu,628617,TUTUCORIN
Chinnamalaikundru,628902,TUTUCORIN
Chockalingapuram,628104,TUTUCORIN
Cruz Fernandespuram,628001,TUTUCORIN
Dalavaipuram,628301,TUTUCORIN
Duraisamypuram,628105,TUTUCORIN
Duraisamypuram,628904,TUTUCORIN
East Pandavarmangalam,628502,TUTUCORIN
Ellanaickenpatti,628851,TUTUCORIN
Eluvaraimukki,628617,TUTUCORIN
Eppodumvendran,628712,TUTUCORIN
Eral,628801,TUTUCORIN
Ettaiyapuram,628902,TUTUCORIN
Guruvarpatti,628904,TUTUCORIN
Heavy Water Project Colony,628007,TUTUCORIN
Idaichivilai,628656,TUTUCORIN
Idaiseval,628716,TUTUCORIN
Idaiyanvilai,628211,TUTUCORIN
Idaiyarkadu,628802,TUTUCORIN
Ilambuvanam,628902,TUTUCORIN
Ilanganathapuram,628210,TUTUCORIN
Ilavelangal,628714,TUTUCORIN
Illupaiyurani,628502,TUTUCORIN
Irachi,628720,TUTUCORIN
Iruvappapuram,628251,TUTUCORIN
Jambulingapuram,628402,TUTUCORIN
Jerusalempatnam,628218,TUTUCORIN
K.Duraisamypuram,628712,TUTUCORIN
K.R.Nagar,628503,TUTUCORIN
K.Sivagnanapuram,628716,TUTUCORIN
Kadakulam,628656,TUTUCORIN
Kadalai,628902,TUTUCORIN
Kadalkudi,628907,TUTUCORIN
Kadambur (Tuticorin),628714,TUTUCORIN
Kadashapuram,628702,TUTUCORIN
Kadayanodaiai,628614,TUTUCORIN
Kailasapuram (Tuticorin),628301,TUTUCORIN
Kalangaraipatti,628721,TUTUCORIN
Kalankudiyiruppu,628203,TUTUCORIN
Kalinguvilai,628704,TUTUCORIN
Kaliyavoor,628252,TUTUCORIN
Kallamozhi,628206,TUTUCORIN
Kalugachalapuram,628902,TUTUCORIN
Kalugumalai,628552,TUTUCORIN
Kalvilai,628210,TUTUCORIN
Kalvoy,628622,TUTUCORIN
Kamanaickanpatti,628720,TUTUCORIN
Kanam,628201,TUTUCORIN
Kandasamypuram,628301,TUTUCORIN
Kandasamypuram,628905,TUTUCORIN
Kandasamypuram,628202,TUTUCORIN
Kappulingampatti,628714,TUTUCORIN
Karadikulam,628552,TUTUCORIN
Karisalkulam,628907,TUTUCORIN
Karungulam,628615,TUTUCORIN
Karunkadal,628613,TUTUCORIN
Karuppur,626205,TUTUCORIN
Karuvelampadu,628701,TUTUCORIN
Katchanavilai,628618,TUTUCORIN
Katcheri Dhalavaipuram,628401,TUTUCORIN
Kattalangulam,628251,TUTUCORIN
Kattalankulam,628721,TUTUCORIN
Kattarimangalam,628613,TUTUCORIN
Kayalpatnam,628204,TUTUCORIN
Kayalpatnam Bazaar,628204,TUTUCORIN
Kayamozhi,628205,TUTUCORIN
Kayathar,628952,TUTUCORIN
Keelashanmugapuram,628002,TUTUCORIN
Keelatattaparai,628304,TUTUCORIN
Keeranur,628151,TUTUCORIN
Kilaarunachalapuram,628905,TUTUCORIN
Kilairal,628908,TUTUCORIN
Kilakarandai,628904,TUTUCORIN
Kilamudiman,628401,TUTUCORIN
Kilaramasamypuram,628210,TUTUCORIN
Kilavaippar,628903,TUTUCORIN
Kilavilathikulam,628907,TUTUCORIN
Kollampirambu-dalavaipuram,628104,TUTUCORIN
Kollankinar,628302,TUTUCORIN
Kolunthuthattu,628653,TUTUCORIN
Kombankulam,628704,TUTUCORIN
Kommadikottai,628653,TUTUCORIN
Kongarayankurichi,628619,TUTUCORIN
Kootampuli,628103,TUTUCORIN
Kootankadu,628203,TUTUCORIN
Koppampatti,628720,TUTUCORIN
Korampollam,628101,TUTUCORIN
Korkai,628801,TUTUCORIN
Kothalarivilai,628251,TUTUCORIN
Kottali,628714,TUTUCORIN
Kottarakurichi,628802,TUTUCORIN
Kovankadu,628152,TUTUCORIN
Kovilpatti,628501,TUTUCORIN
Kovilpatti Indl.Estate,628502,TUTUCORIN
Kovilpatti North,628502,TUTUCORIN
Kovilpatti R.S,628502,TUTUCORIN
Kovilpatti Town,628501,TUTUCORIN
Kulasekaranallur,628401,TUTUCORIN
Kulasekarapatnam,628206,TUTUCORIN
Kulasekarapatnam South,628206,TUTUCORIN
Kulathur (TVL),628903,TUTUCORIN
Kulayankarisal,628103,TUTUCORIN
Kuppanapuram,628714,TUTUCORIN
Kurangani,628623,TUTUCORIN
Kurippankulam,628617,TUTUCORIN
Kurukattur,628623,TUTUCORIN
Kurukkuchalai,628722,TUTUCORIN
Kurumalai,628714,TUTUCORIN
Kurumbur,628207,TUTUCORIN
Kuthiraimozhi,628213,TUTUCORIN
L.Venkateswarapuram,628905,TUTUCORIN
Lakshmimanagaram,628202,TUTUCORIN
Lakshmipuram,628210,TUTUCORIN
Lakshmipuram (Tuticorin),628502,TUTUCORIN
Levingipuram,628008,TUTUCORIN
Lingampatti,628502,TUTUCORIN
Madathur,628008,TUTUCORIN
Madavankurichi,628206,TUTUCORIN
Manaduthandapathu,628208,TUTUCORIN
Manakad,628205,TUTUCORIN
Manakarai,628619,TUTUCORIN
Manapad,628209,TUTUCORIN
Mangalagiri,628103,TUTUCORIN
Maniyac R.S.,628302,TUTUCORIN
Maniyakaranpatti,628905,TUTUCORIN
Mannanvilai,628218,TUTUCORIN
Manthithope,628502,TUTUCORIN
Mappillaiyurani,628002,TUTUCORIN
Maramangalam,628802,TUTUCORIN
Maravanmadam,628101,TUTUCORIN
Marudanvalvoo,628303,TUTUCORIN
Masarpatti,626202,TUTUCORIN
Meenakshipuram,628718,TUTUCORIN
Meenakshipuram,628907,TUTUCORIN
Megnanapuram,628210,TUTUCORIN
Mela Autoor,628151,TUTUCORIN
Mela Tiruchendur,628205,TUTUCORIN
Melaarasadi,628002,TUTUCORIN
Melakootudankadu,628103,TUTUCORIN
Melaputhukudi,628201,TUTUCORIN
Melaseithalai,628722,TUTUCORIN
Melatattaparai,628304,TUTUCORIN
Melmandai,628901,TUTUCORIN
Melur Tuticorin,628002,TUTUCORIN
Mettilpatti,628905,TUTUCORIN
Meyoor,628203,TUTUCORIN
Milavittan R S,628002,TUTUCORIN
Millerpuram,628008,TUTUCORIN
Mirankulam,628613,TUTUCORIN
Moolakarai,628201,TUTUCORIN
Moortheeswaram,628952,TUTUCORIN
Mudalur,628702,TUTUCORIN
Mudittanendal,628102,TUTUCORIN
Mudittanendal Pudur,628102,TUTUCORIN
Mudukkalankulam,628720,TUTUCORIN
Mukkani,628151,TUTUCORIN
Mukuperi,628616,TUTUCORIN
Mullaakadu,628005,TUTUCORIN
Muramban,628302,TUTUCORIN
Murappanad,628252,TUTUCORIN
Muthiahpuram,628005,TUTUCORIN
Muthulapuram,628902,TUTUCORIN
Nachiyarpuram,628721,TUTUCORIN
Nadunallumoolaikinar,628213,TUTUCORIN
Naduvakurichi,628251,TUTUCORIN
Naduvakurichi,628653,TUTUCORIN
Nagalapuram (Tuticorin),628904,TUTUCORIN
Nagampatti,628718,TUTUCORIN
Naickerpatti,628552,TUTUCORIN
Nainapuram,628402,TUTUCORIN
Nalatinputhur,628716,TUTUCORIN
Nallur,628207,TUTUCORIN
Nallur-kommadikottai,628653,TUTUCORIN
Nalumavadi,628211,TUTUCORIN
Nambipuram,628902,TUTUCORIN
Naraikinar,628303,TUTUCORIN
Nathankinar,628205,TUTUCORIN
Nattathi,628751,TUTUCORIN
Nazareth,628617,TUTUCORIN
Nazareth R S,628616,TUTUCORIN
Nedungulam,628704,TUTUCORIN
Neivilai,628618,TUTUCORIN
New Colony (Tuticorin),628003,TUTUCORIN
Omarikadu,628151,TUTUCORIN
Otapidaram,628401,TUTUCORIN
Ottanatham,628302,TUTUCORIN
Oyyangudi,628616,TUTUCORIN
Padanthapuli,628902,TUTUCORIN
Padanthapuli 2,628503,TUTUCORIN
Padmanabamangalam,628619,TUTUCORIN
Padukkapathu,628703,TUTUCORIN
Palaniappapuram,628613,TUTUCORIN
Palankulam,628701,TUTUCORIN
Pallakurichi,628703,TUTUCORIN
Pallipathu,628218,TUTUCORIN
Pandarapuram,628704,TUTUCORIN
Pandaravilai,628751,TUTUCORIN
Panickanadarkudiyiruppu,628212,TUTUCORIN
Pannaivilai,628751,TUTUCORIN
Pannamparai,628704,TUTUCORIN
Pannikulam,628952,TUTUCORIN
Paraikuttam,628301,TUTUCORIN
Parakkiramapandi,628620,TUTUCORIN
Paramankurichi,628213,TUTUCORIN
Parivillikottai,628714,TUTUCORIN
Pasuvandanai,628718,TUTUCORIN
Patemanagaram,628620,TUTUCORIN
Pattakarai,628618,TUTUCORIN
Pazhaiyalkayal,628152,TUTUCORIN
Perilovanpatti,628902,TUTUCORIN
Periyanayagipuram,628101,TUTUCORIN
Periyasamipuram,628906,TUTUCORIN
Periyathalai,628703,TUTUCORIN
Perungulam (Tuticorin),628752,TUTUCORIN
Perur,628620,TUTUCORIN
Peyanvilai,628202,TUTUCORIN
Pillaiyanmanai,628617,TUTUCORIN
Pillaiyarnatham,628902,TUTUCORIN
Pillaiyarnatham,628721,TUTUCORIN
Pitchivilai,628703,TUTUCORIN
Pitchivilai,628219,TUTUCORIN
Polayarpuram,628653,TUTUCORIN
Polenaickenpettai,628002,TUTUCORIN
Pothakalanvilai,628702,TUTUCORIN
Pottalurani,628851,TUTUCORIN
Puchikadu,628653,TUTUCORIN
Pudiyamputhur,628402,TUTUCORIN
Pudukottai,628103,TUTUCORIN
Pudukulam,628704,TUTUCORIN
Pudumanai,628203,TUTUCORIN
Pudupatcheri,628402,TUTUCORIN
Pudupatti,628851,TUTUCORIN
Pudur,628905,TUTUCORIN
Pudurpandiapuram,628002,TUTUCORIN
Pugavarnatham,628908,TUTUCORIN
Puliankulam,628613,TUTUCORIN
Puliyampatti,628303,TUTUCORIN
Punnakayal,628151,TUTUCORIN
Punniahpuram,627855,TUTUCORIN
Puraiyur,628207,TUTUCORIN
Puthantharuvai,628656,TUTUCORIN
Puthukudi,628621,TUTUCORIN
Puthukudi 3rd Mile,628008,TUTUCORIN
Puvani,628303,TUTUCORIN
Rajamaniapuram,628202,TUTUCORIN
Ramachandrapuram,628907,TUTUCORIN
Ramanujampudur,628622,TUTUCORIN
Sahupuram,628229,TUTUCORIN
Sakkammalpuram,628712,TUTUCORIN
Sambakulam,628552,TUTUCORIN
Sankaralingapuram,628904,TUTUCORIN
Sankarankudiyiruppu,628704,TUTUCORIN
Sankaraperi,628002,TUTUCORIN
Satankulam,628704,TUTUCORIN
Savalaperi,628303,TUTUCORIN
Savariarpuram,628613,TUTUCORIN
Savarimangalam,628301,TUTUCORIN
Sawyerpuram,628251,TUTUCORIN
Sebathiahpuram,628251,TUTUCORIN
Seerkatchi,628208,TUTUCORIN
Seerudaiyarpuram,628213,TUTUCORIN
Sekkarakudi,628104,TUTUCORIN
Semmapudur,628720,TUTUCORIN
Semmarikulam,628210,TUTUCORIN
Sendamangalam,628151,TUTUCORIN
Sennamareddipatti,628905,TUTUCORIN
Servaikaranmadam,628103,TUTUCORIN
Sethukuvaithan,628207,TUTUCORIN
Settiapathu,628203,TUTUCORIN
Seydunganallur,628809,TUTUCORIN
Sholpuram,628908,TUTUCORIN
Sillankulam,628718,TUTUCORIN
Siluvaipatti,628002,TUTUCORIN
Sindalakarai,628902,TUTUCORIN
Singathakurichi,628851,TUTUCORIN
Sippikulam,628903,TUTUCORIN
Sirunadarkudiyiruppu,628206,TUTUCORIN
Siruthondanallur,628802,TUTUCORIN
Sivagalai,628753,TUTUCORIN
Sivagnanapuram,628712,TUTUCORIN
Sivalarpatti,628905,TUTUCORIN
Sokkankudiyiruppu,628653,TUTUCORIN
Solaikudiyiruppu,628210,TUTUCORIN
Sonaganvilai,628201,TUTUCORIN
Srimoolakarai,628620,TUTUCORIN
Sriparangusanallur,628621,TUTUCORIN
Srivaikuntam,628601,TUTUCORIN
Subbarayapuram,628702,TUTUCORIN
Subramaniapuram,628251,TUTUCORIN
Subramaniapuram,628702,TUTUCORIN
Subramaniapuram,628205,TUTUCORIN
Suganthalai,628207,TUTUCORIN
Sundankottai,628703,TUTUCORIN
Surangudi,628901,TUTUCORIN
Swaminatham,628402,TUTUCORIN
Taruvaikulam,628105,TUTUCORIN
Tattaneri,628901,TUTUCORIN
Tattaparai,628304,TUTUCORIN
Tattarmadam,628653,TUTUCORIN
Tennampatti,628714,TUTUCORIN
Terikudiyiruppu,628205,TUTUCORIN
Thailapuram,628617,TUTUCORIN
Thalaikattupuram,628902,TUTUCORIN
Thandavankadu,628206,TUTUCORIN
Thatchanvilai,628656,TUTUCORIN
Thathankulam,628622,TUTUCORIN
Thenthiruperai,628623,TUTUCORIN
Therikudiyiruppu,628205,TUTUCORIN
Theripanai,628701,TUTUCORIN
Therkankulam,628613,TUTUCORIN
Therkkuilandaikulam,628952,TUTUCORIN
Therku Autoor,628151,TUTUCORIN
Therkusilukkanpatti,628103,TUTUCORIN
Therkuvirapandiapuram,628002,TUTUCORIN
Thermal Nagagr,628006,TUTUCORIN
Thimmarajapuraam,628102,TUTUCORIN
Thoppuvalam,628702,TUTUCORIN
Tiruchendur,628215,TUTUCORIN
Tiruchendur Devasthanam,628215,TUTUCORIN
Tirukkalur,628612,TUTUCORIN
Tirupuliyangudi,628621,TUTUCORIN
Toovipuram,628002,TUTUCORIN
Tt. Thermal Power Plant,628004,TUTUCORIN
Turaiyur,628720,TUTUCORIN
Tuticorin,628001,TUTUCORIN
Tuticorin Cathedral,628001,TUTUCORIN
Tuticorin Central Bus Stand,628002,TUTUCORIN
Tuticorin courts,628003,TUTUCORIN
Tuticorin Harbour Estate,628004,TUTUCORIN
Tuticorin Keelur,628001,TUTUCORIN
Udangudi Christianagaram,628203,TUTUCORIN
Udayarkulam,628617,TUTUCORIN
Umarikottai,628301,TUTUCORIN
Uthiramadankudiyiruppu,628203,TUTUCORIN
Uthupatti,628502,TUTUCORIN
Uyarathukudiyiruppu,628703,TUTUCORIN
V.Vedapatti,628907,TUTUCORIN
Vadakkukariseri,628851,TUTUCORIN
Vadakkur Tuticorin,628001,TUTUCORIN
Vadakkuvandanam,628714,TUTUCORIN
Vadamalaisamudram,628907,TUTUCORIN
Vaippar,628903,TUTUCORIN
Valasakaran Vilai,628251,TUTUCORIN
Vallakulam,628622,TUTUCORIN
Vallanad,628252,TUTUCORIN
Vallavallan,628801,TUTUCORIN
Vallivilai,628218,TUTUCORIN
Vanaramutti,628721,TUTUCORIN
Varandiavel,628207,TUTUCORIN
Varthagareddipatti,628102,TUTUCORIN
Vasavappapuram,628252,TUTUCORIN
Vedakottaivilai,628203,TUTUCORIN
Vedanatham,628722,TUTUCORIN
Vedapatti,628904,TUTUCORIN
Velayuthapuram,628552,TUTUCORIN
Vellalankottai,628952,TUTUCORIN
Vellalanvilai,628219,TUTUCORIN
Vellamadam,628617,TUTUCORIN
Vellanaikottai,627758,TUTUCORIN
Vellaram,628401,TUTUCORIN
Velur,628621,TUTUCORIN
Vembar,628906,TUTUCORIN
Vembur,628905,TUTUCORIN
Venkatesawarapuram,628552,TUTUCORIN
Veppalodai,628903,TUTUCORIN
Vetrivelpuram,628001,TUTUCORIN
Victoria Extension Road,628002,TUTUCORIN
Vijayapuri,628502,TUTUCORIN
Vijayaramapuram,628704,TUTUCORIN
Vilathikulam,628907,TUTUCORIN
Viramanickam,628212,TUTUCORIN
Virapandianpatanam,628216,TUTUCORIN
Vittilapuram,628809,TUTUCORIN
Vowalthothi,628904,TUTUCORIN
Zamindevarkulam,628721,TUTUCORIN
A Kattupadi,632011,VELLORE
Abdullapuram,632010,VELLORE
Achamangalam,635651,VELLORE
Adiyur,635602,VELLORE
Agaram,635804,VELLORE
Agaram,632506,VELLORE
Agaram(TPT),635653,VELLORE
Agaramcherry,635804,VELLORE
Agraharam,632604,VELLORE
Agraharam,635651,VELLORE
Akkachikuppam,632510,VELLORE
Alangayam,635701,VELLORE
Alankuppam,635814,VELLORE
Alapakkam,632508,VELLORE
Alasandapuram,635801,VELLORE
Alleri,632101,VELLORE
Ambalur,635801,VELLORE
Ambur,635802,VELLORE
Ambur Bazaar,635802,VELLORE
Amirdhi,632102,VELLORE
Ammanur,631002,VELLORE
Ammoor,632501,VELLORE
Ammundi,632519,VELLORE
Ampuram,632009,VELLORE
Anaikkattu,632101,VELLORE
Anaimallur,632507,VELLORE
Anaipakkam,631003,VELLORE
Anandhalai,632513,VELLORE
Ananganallore,635806,VELLORE
Ananthangal,632511,VELLORE
Andiappanur,635702,VELLORE
Anganathavalasai,635652,VELLORE
Angarankuppam,632204,VELLORE
Annangudi,632202,VELLORE
Anvardhikhanpet,632502,VELLORE
Appukal,632101,VELLORE
Arakkonam,631001,VELLORE
Arangaldurgam,635811,VELLORE
Arapakkam,632517,VELLORE
Aravatla,635810,VELLORE
Arcot,632503,VELLORE
Arcot Bazaar,632503,VELLORE
Arcot West,632503,VELLORE
Arigilapadi,631151,VELLORE
Arimalai,632107,VELLORE
Ariyur (Vellore),632055,VELLORE
Ariyur Spinning Mills,632055,VELLORE
Arumbakkam,632202,VELLORE
Arumbakkam,632506,VELLORE
Arumparuthi,632106,VELLORE
Arungundram,632509,VELLORE
Asamandhur,632502,VELLORE
Asanamabattu,632107,VELLORE
Ashoknagar (Vellore),631001,VELLORE
Asiriyar Nagar,635601,VELLORE
Athiperumanur,635852,VELLORE
Athipet,635703,VELLORE
Athurkuppam,635815,VELLORE
Attupakkam,631051,VELLORE
Avarankuppam,635801,VELLORE
Ayal,632505,VELLORE
Ayarpadi,632531,VELLORE
Ayilam,632509,VELLORE
Ayipedu,631102,VELLORE
Bagayam,632002,VELLORE
Bakiyath,632004,VELLORE
Banavaram,632505,VELLORE
Bandarapalli,635854,VELLORE
Bheemakulam,635701,VELLORE
Bhel Ranipet,632406,VELLORE
Bhuvaneswaripet,632602,VELLORE
Bn Palayam,632202,VELLORE
Bommikuppam,635653,VELLORE
Bramhapuram,632014,VELLORE
Budur,632105,VELLORE
Chandrapuram,635651,VELLORE
Chendathur,635805,VELLORE
Chengalnatham,632520,VELLORE
Chennankuppam,632209,VELLORE
Chennasamudram,632506,VELLORE
Chettiappanur,635751,VELLORE
Chettikuppam,635806,VELLORE
Chikkanankuppam,635801,VELLORE
Chinnadamalcheruvu,635810,VELLORE
Chinnakandili,635901,VELLORE
Chinnakarumbur,635811,VELLORE
Chinnapalampakkam,632113,VELLORE
Chinnapallikuppam,635754,VELLORE
Chinnapallikuppam,632107,VELLORE
Chinnasamudram,635653,VELLORE
Chinnathottalam,635813,VELLORE
Chinnavarikam,635811,VELLORE
Chinnavattanur,635655,VELLORE
Chitteri,632002,VELLORE
Chitteri,631003,VELLORE
Chittoor,635655,VELLORE
Cholavaram,632113,VELLORE
Christianpet,632059,VELLORE
Christukula Ashram,635602,VELLORE
CMC (Vellore),632002,VELLORE
CMC H,632004,VELLORE
Dakshinapathapalyaam,632603,VELLORE
Damalerimuthur,635853,VELLORE
Damarapakkam,632504,VELLORE
Devalapuram,635802,VELLORE
Devarishikuppam,632209,VELLORE
Devasthanam,635751,VELLORE
Devichettikuppam,632107,VELLORE
Dharanampet,632601,VELLORE
Durgam,632512,VELLORE
Eachangal,635801,VELLORE
East Badanavadi,635901,VELLORE
Edayansathu,632002,VELLORE
Ekambaranallur,632405,VELLORE
Ekhunagar,631004,VELLORE
Elagiri,635853,VELLORE
Elavambadi,632105,VELLORE
Elavampatti,635602,VELLORE
Eranthangal,632519,VELLORE
Erayangadu,632104,VELLORE
Erikutti,635810,VELLORE
Eripudhur,632101,VELLORE
Eriyur,632103,VELLORE
Eriyur Amirdhi,632102,VELLORE
Erthangal,632604,VELLORE
Erukkambattu,635810,VELLORE
Esayanur,632511,VELLORE
Federation Buildings,632509,VELLORE
G.B.Nagar,632506,VELLORE
Ganapathipuram,631051,VELLORE
Gandhinagar (Vellore),632006,VELLORE
Gandhinagar East,632006,VELLORE
Gandhinagar West,632006,VELLORE
Gandhipet - TPT,635601,VELLORE
Gandhiroad,632004,VELLORE
Ganganallur,632101,VELLORE
Gangapuram,635802,VELLORE
Girisamudram,635751,VELLORE
Gollamangalam,635809,VELLORE
Govindacherrykuppam,632505,VELLORE
Govindapuram,635751,VELLORE
Govindareddipalayam,632105,VELLORE
Gudalur,632510,VELLORE
Gudanagaram,635806,VELLORE
Gudimallur,632513,VELLORE
Gudiyattam,632602,VELLORE
Gudiyattam Cutcherry,632602,VELLORE
Gudiyattam RS,635803,VELLORE
Gudiyattam South,632602,VELLORE
Gugainallore,632515,VELLORE
Gummidigampatti,635901,VELLORE
Gundaleri,632512,VELLORE
Guruvarajapalayam,632107,VELLORE
Guruvarajpet,631101,VELLORE
Hakeemnagar,632509,VELLORE
Ichiputhur,631003,VELLORE
Ilayanagaram,635754,VELLORE
Iluppaithandalam,631151,VELLORE
Ins Rajali,631006,VELLORE
Irunapattu,635702,VELLORE
Irungur,604407,VELLORE
Jaffarabad,635754,VELLORE
Jaffarapettai,632006,VELLORE
Jagirthandalam,631052,VELLORE
Jagirvalavanur,632511,VELLORE
Jambukulam,631102,VELLORE
Jamnapudur,635652,VELLORE
Jangalapuram,635852,VELLORE
Jawaharpuram,632503,VELLORE
Jayapuram,635651,VELLORE
Jolarpettai,635851,VELLORE
Jordhankollai,632113,VELLORE
Jothinagar,631003,VELLORE
Ka Farm,632007,VELLORE
Kadambainallore,631151,VELLORE
Kadaperi,632508,VELLORE
Kadhavalam,635811,VELLORE
Kadirimangalam,635602,VELLORE
Kagithapattarai,632012,VELLORE
Kainoor,631003,VELLORE
Kakangarai R.S.,635654,VELLORE
Kalambattu,632202,VELLORE
Kalathur,632531,VELLORE
Kalavai,632506,VELLORE
Kalendira,635751,VELLORE
Kallapadi,632601,VELLORE
Kalmelkuppam,632501,VELLORE
Kamalapuram,635810,VELLORE
Kambugudi,635655,VELLORE
Kammasamudram,632319,VELLORE
Kammavanpettai,632319,VELLORE
Kandaneri,635809,VELLORE
Kandhipedu,632106,VELLORE
Kandili,635901,VELLORE
Kangeyanallur,632006,VELLORE
Kanguppam,632209,VELLORE
Kaniyambadi,632102,VELLORE
Kaniyanur,632506,VELLORE
Karai,632404,VELLORE
Karapattu,635811,VELLORE
Karasamangalam,632202,VELLORE
Karigiri,632106,VELLORE
Karikkal,631102,VELLORE
Karikkanthangal,632506,VELLORE
Karnambut,632519,VELLORE
Karnavur,631052,VELLORE
Karugambathur,632013,VELLORE
Karungali,635804,VELLORE
Karuppanur,635602,VELLORE
Kasba (Vellore),632001,VELLORE
Kathari,635852,VELLORE
Katpadi,632007,VELLORE
Katpadi North,632007,VELLORE
Katrambakkam,632501,VELLORE
Kattazhambattu,632312,VELLORE
Kattipattu,632103,VELLORE
Kattupakkam,632502,VELLORE
Kattuputhur,632058,VELLORE
Kavalur,635701,VELLORE
Kavanur,631004,VELLORE
Kavanur,632507,VELLORE
Kavasampattu,632204,VELLORE
Kaveripak,632508,VELLORE
Keerasathu,632514,VELLORE
Kesavanankuppam,631102,VELLORE
Kethandapatti,635815,VELLORE
Kethandapatti Sugar Mills,635815,VELLORE
Khaderpet,635751,VELLORE
Kilalathur,635803,VELLORE
Kilandur,631003,VELLORE
Kilandurai,631002,VELLORE
Kilanur,635655,VELLORE
Kilarasampattu,632312,VELLORE
Kilkothur,632103,VELLORE
Kilkuppam,631004,VELLORE
Kilminnal,632517,VELLORE
Kilmurungai,635812,VELLORE
Kilmuttukur,632204,VELLORE
Kilpakkam,631003,VELLORE
Kilpatti,635805,VELLORE
Kilsaranakuppam,632102,VELLORE
Kilur,635655,VELLORE
Kilvayathinankuppam,632201,VELLORE
Kilveedhi,632502,VELLORE
Kilveeranam,632505,VELLORE
Kilvenkatapuram,631051,VELLORE
Kilvisharam,632509,VELLORE
Kizhavanam,631101,VELLORE
Kodakkal,631102,VELLORE
Kodayanchi,635801,VELLORE
Kodiyur,635851,VELLORE
Kodumampalli,635653,VELLORE
Kokkalur,635810,VELLORE
Kokkeri,632520,VELLORE
Kombai,635655,VELLORE
Konavattam,632013,VELLORE
Kondakuppam,632520,VELLORE
Kondapalayam,631102,VELLORE
Koranthangal,632106,VELLORE
Koratti,635602,VELLORE
Kosapet (Vellore),632001,VELLORE
Kosavanpudur,635803,VELLORE
Kothakottai,635752,VELLORE
Kothamangalam,632104,VELLORE
Kothur,635854,VELLORE
Kottaiyur,635853,VELLORE
Kottamitta,632601,VELLORE
Kottur,635808,VELLORE
Kovilandur,632102,VELLORE
Krishnanagar (Vellore),632001,VELLORE
Kumaramangalam,635802,VELLORE
Kumpinipet,631003,VELLORE
Kunnathur,632510,VELLORE
Kuppireddithangal,632516,VELLORE
Kurumbakeri,635653,VELLORE
Kurumberi,635652,VELLORE
Kurusilapattu,635702,VELLORE
Ladavaram,632503,VELLORE
Lakkinaickenpatti,635654,VELLORE
Lalapettai,635710,VELLORE
Latteri,632202,VELLORE
Machanur,632209,VELLORE
Madanancherry,635754,VELLORE
Madanur,635804,VELLORE
Madavalam,635653,VELLORE
Mahendravadi,632502,VELLORE
Mahimandalam,632516,VELLORE
Mailpatti,635805,VELLORE
Malaiyandipatti,635655,VELLORE
Mallagunta,635852,VELLORE
Mallapalli,635854,VELLORE
Mambakkam,632318,VELLORE
Manamadurai,632502,VELLORE
Mandalanayanagunda,635901,VELLORE
Mandalavadi,635851,VELLORE
Mandarakuttai,635701,VELLORE
Mangalam,635853,VELLORE
Mangattucherry,631151,VELLORE
Manthangal,632404,VELLORE
Marimanikuppam,635710,VELLORE
Marudhalam,632501,VELLORE
Maruthavallipalayam,632104,VELLORE
Masigam,635810,VELLORE
Matrapalli,635652,VELLORE
Mazharyur,632506,VELLORE
Mecheri,632506,VELLORE
Melakuppam,632517,VELLORE
Melalathur,635806,VELLORE
Melapudupakkam,632318,VELLORE
Melapulam,631052,VELLORE
Melarasambattu,632103,VELLORE
Meleri,632502,VELLORE
Melkalathur,632502,VELLORE
Melkavanur,632209,VELLORE
Melkuppachinna,632102,VELLORE
Melmankuppam,632203,VELLORE
Melmayil,632203,VELLORE
Melmonavur,632010,VELLORE
Melmuttukur,635806,VELLORE
Melnathambakkam,632506,VELLORE
Melpadi,632520,VELLORE
Melpattu,635655,VELLORE
Melvayathinankuppam,635805,VELLORE
Melvisharam,632509,VELLORE
Minnal,632510,VELLORE
Minnur,635807,VELLORE
Mittalam,635811,VELLORE
Mittapettai,631101,VELLORE
Mittur,635710,VELLORE
Modikuppam,632601,VELLORE
Mohamedpet,632512,VELLORE
Morasapalli,635810,VELLORE
Mordhana,632604,VELLORE
Mosur,631004,VELLORE
Mottakkal,632319,VELLORE
Mudinampattu,632204,VELLORE
Mudur,631003,VELLORE
Mukkanur,635651,VELLORE
Mukundarayapuram,632405,VELLORE
Munjurpattu,632057,VELLORE
Muppathuvetti,632503,VELLORE
Mutharasikuppam,632106,VELLORE
Nachiarkuppam,635710,VELLORE
Nadanur,632102,VELLORE
Nadukuppam,635655,VELLORE
Nagalur,632102,VELLORE
Naganadhi,632113,VELLORE
Nagavedu,631002,VELLORE
Naickaneri,635802,VELLORE
Naickanur,635701,VELLORE
Namali,631051,VELLORE
Nambarai,632512,VELLORE
Nammiyambattu,632102,VELLORE
Nandiveduthangal,631101,VELLORE
Nandiyalam,632517,VELLORE
Nanjukondapuram,632312,VELLORE
Narasingapuram,635701,VELLORE
Nariyambattu,635808,VELLORE
Nariyaneri,635901,VELLORE
Natham,635654,VELLORE
Natrampalli,635852,VELLORE
Navalpur,632401,VELLORE
Nayakkanur,635652,VELLORE
Nayanacheruvu,635852,VELLORE
Neelakandarayanpattai,632501,VELLORE
Nellipattu,635655,VELLORE
Nellivasalnadu,635655,VELLORE
Nelvoy,632011,VELLORE
"Nemandhapura,m",632103,VELLORE
Newtown Vaniyambadi,635752,VELLORE
Nilavur,635853,VELLORE
Nimmiyambattu,635752,VELLORE
Ocheri,632531,VELLORE
Odiyathur,635809,VELLORE
Odugathur,632103,VELLORE
Old District Board Buildings,632001,VELLORE
Old Town (Vellore),632001,VELLORE
Ongapadi,632101,VELLORE
Oomerabad,635808,VELLORE
Ozhughur,632501,VELLORE
Pachal,635602,VELLORE
Pachur,635854,VELLORE
Pagaveli,632508,VELLORE
Pakkampalayam,632107,VELLORE
Pakkamvenkatapuram,632601,VELLORE
Pakkirithakka,635853,VELLORE
Palamathi,632002,VELLORE
Palambattu,632102,VELLORE
Palanipet,631002,VELLORE
Palaparambattu,632102,VELLORE
Palayakrishnapuram,632209,VELLORE
Palayamangadu,632503,VELLORE
Palayanur,632512,VELLORE
Palayapalayam,635655,VELLORE
Palayapalayamottur,632505,VELLORE
Pallalakuppam,635805,VELLORE
Pallathur,635901,VELLORE
Pallavalli,635702,VELLORE
Pallikonda,635809,VELLORE
Pallikonda Bazaar,635809,VELLORE
Pallikuppam,632007,VELLORE
Pallur,631051,VELLORE
Palur,635804,VELLORE
Panaiyur,632518,VELLORE
Panamadangi,632202,VELLORE
Panapakkam,631052,VELLORE
Pandianallore,631102,VELLORE
Paniyandapalli,635651,VELLORE
Paradarami,632603,VELLORE
Paradarami,632512,VELLORE
Parandapalli,635651,VELLORE
Paranji,632510,VELLORE
Paravathur,632510,VELLORE
Parithiputhur,631002,VELLORE
Pasumathur,635803,VELLORE
Peddur,635701,VELLORE
Peenjamandai,632103,VELLORE
Pennagar,632518,VELLORE
Pennathur,632058,VELLORE
Perambattu,635652,VELLORE
Periagaram,635901,VELLORE
Periamittoor,632516,VELLORE
Periasengadu,632501,VELLORE
Periyakannalapatti,635654,VELLORE
Periyakasinaickenpatti,635901,VELLORE
Periyakonapattu,635651,VELLORE
Periyakunichi,635602,VELLORE
Periyankuppam,635814,VELLORE
Periyapet,635751,VELLORE
Periyapudhur,632059,VELLORE
Pernambut,635810,VELLORE
Perumalkuppam,632520,VELLORE
Perumalpet,635751,VELLORE
Perumankuppam,632201,VELLORE
Perumapattu,635702,VELLORE
Perumbulipakkam,632531,VELLORE
Perumpalli,635655,VELLORE
Perumuchi,631002,VELLORE
Perumugai,632009,VELLORE
Perungalathur,631003,VELLORE
Perunkanchi,631102,VELLORE
Peruvalayam,631052,VELLORE
Pillaipakkam,631052,VELLORE
Pinnathurai,632103,VELLORE
Pogalur,635813,VELLORE
Poigai,632114,VELLORE
Poigaimottur,632114,VELLORE
Polipakkam,632505,VELLORE
Ponnai,632514,VELLORE
Ponneri,635851,VELLORE
Poondi,632513,VELLORE
Poongulam,635710,VELLORE
Pudukottai,635602,VELLORE
Pudupadi,632503,VELLORE
Pudupettai,635651,VELLORE
Pudur Nadu,635655,VELLORE
Pudur Vaniyambadi,635751,VELLORE
Pudur- Kaniyanur,632506,VELLORE
Pulimedu,632105,VELLORE
Pulivalam,632505,VELLORE
Puliyamangalam,631004,VELLORE
Puliyankannu,632404,VELLORE
Puliyur Tpt,635655,VELLORE
Pullaneri,635851,VELLORE
Punganur,632507,VELLORE
Puthagaram,635651,VELLORE
Puttavaripalli,632603,VELLORE
Puttuthakku,632517,VELLORE
R N Palayam,632001,VELLORE
Rachamangalam,635653,VELLORE
Rajakkal,635805,VELLORE
Rajakuppam,635806,VELLORE
Rajapalayam,635653,VELLORE
Ramalai,632601,VELLORE
Ramanaickenpettai,635801,VELLORE
Ramanayanikuppam,632107,VELLORE
Rangapuram,632009,VELLORE
Ranipet,632401,VELLORE
Ranipet Bazar,632401,VELLORE
Ranipet Industrial Estate,632403,VELLORE
Ratnagiri Kilminnal,632517,VELLORE
Reddivalam,631052,VELLORE
Reddiyur,635851,VELLORE
Rendadi,631102,VELLORE
Rottukadai,632508,VELLORE
Ruhsa Campus,632209,VELLORE
Saduperi,632002,VELLORE
Sagayathottam,631151,VELLORE
Saidapet (Vellore),632012,VELLORE
Sainathapuram,632001,VELLORE
Sakkaramallur,632511,VELLORE
Sambasivapuram,632507,VELLORE
Sankaranpalayam,632001,VELLORE
Sathambakkam,632513,VELLORE
Sathambakkam,635808,VELLORE
Sathugudi,635810,VELLORE
Sathupalayam,632113,VELLORE
Sathuvacahri Extension,632009,VELLORE
Sathuvachari,632009,VELLORE
Sathyamangalam (Vellore),632114,VELLORE
Sattur,632521,VELLORE
Sayanavaram,631051,VELLORE
Sedhuvalai,632104,VELLORE
Sedukarai,635803,VELLORE
Seekarajapuram,632515,VELLORE
Sekkanur,632105,VELLORE
Selandampalli,635653,VELLORE
Sembarayanallur,632519,VELLORE
Sembedu,635813,VELLORE
Sembedu,632002,VELLORE
Sempalli,632604,VELLORE
Sendamangalam,631051,VELLORE
Senganavaram,632518,VELLORE
Sengundram,632601,VELLORE
Senji,632202,VELLORE
Senur,632006,VELLORE
Seri,632508,VELLORE
Serkadu,632106,VELLORE
Serpadi,632103,VELLORE
Sethubandai,635803,VELLORE
Sevathur,635654,VELLORE
Sevur,632601,VELLORE
Sevur,632106,VELLORE
Seyyoor,631004,VELLORE
Shanankuppam,635814,VELLORE
Shenbakkam,632008,VELLORE
Sholingur,631102,VELLORE
Sholingur Bazaar,631102,VELLORE
Simnapudur,635652,VELLORE
Sirukarumbur,632531,VELLORE
Sirunamalli,631002,VELLORE
Sivanathapuram,632105,VELLORE
Slr Sanatorium,632106,VELLORE
Somalapuram,635802,VELLORE
Somanaickenpatti,635851,VELLORE
Somasamudram,631102,VELLORE
Soraiyur,632318,VELLORE
Sorakayalnatham,635854,VELLORE
Sozhamur,632202,VELLORE
Sullivanpet,632001,VELLORE
Sumaithangi,632508,VELLORE
Sundarampalli,635654,VELLORE
Surai,632505,VELLORE
Suraksha Cisf Campus,631152,VELLORE
Tajpura,632521,VELLORE
Takkolam,631151,VELLORE
Talikkal,631102,VELLORE
TB Sanatorium,632011,VELLORE
TEL,632059,VELLORE
Tellai,632113,VELLORE
Tellur,632105,VELLORE
Tempalle,632515,VELLORE
Thagarakuppam,635655,VELLORE
Thalangai,632501,VELLORE
Thandalam Krishnapuram,632006,VELLORE
Thanigaipolur,631003,VELLORE
Thathireddipalle,632516,VELLORE
Thattaparai,632601,VELLORE
Thattimanapalli,632601,VELLORE
Thekkupattu,635801,VELLORE
Thengal,632404,VELLORE
Thengal,632514,VELLORE
Thenkadapanthangal,632513,VELLORE
Thennambattu,635802,VELLORE
Thimmampet,635801,VELLORE
Thimmanamuthur,635653,VELLORE
Thirumalaicheryy,632513,VELLORE
Thiruparkadal,632508,VELLORE
Thiruvalluvar University,632115,VELLORE
Thokkiyam,635901,VELLORE
Thollapalli,635804,VELLORE
Thondanthualsi,632202,VELLORE
Thongumalai,632103,VELLORE
Thoppukhana,632503,VELLORE
Thorapadi,632002,VELLORE
Thornampathy,635602,VELLORE
Thottalam,635804,VELLORE
Thottithuraimottur,635810,VELLORE
Thumberi,635754,VELLORE
Thuraiperumbakkam,632508,VELLORE
Thuthikkadu,632113,VELLORE
Thuthipattu,632011,VELLORE
Thuthipattu,635811,VELLORE
Timiri,632512,VELLORE
Tippasamudram,635809,VELLORE
Tiriyalam,635851,VELLORE
Tirumalpur,631051,VELLORE
Tirumani,632202,VELLORE
Tirupattur,635601,VELLORE
Tirupattur Bazaar,635602,VELLORE
Tirupattur Fort,635602,VELLORE
Tirupattur TNHB,635601,VELLORE
Tiruvalam,632515,VELLORE
Udayamuthur,635652,VELLORE
Udayendiram,635754,VELLORE
Ulianallore,631052,VELLORE
Ulli,635813,VELLORE
Unai,632101,VELLORE
Unai Vaniyambadi,632101,VELLORE
Unaipalathur,632101,VELLORE
Uppupettai,632521,VELLORE
Uriyur,631151,VELLORE
Ussoor,632105,VELLORE
Vadacheri,635754,VELLORE
Vadakkathipatti,635804,VELLORE
Vadakkupattu,635801,VELLORE
Vadamambakkam,631003,VELLORE
Vadapudupet,635812,VELLORE
Vaduganthangal,632204,VELLORE
Vakkanampatti,635851,VELLORE
Valaikulam,631003,VELLORE
Valapandal,632318,VELLORE
Valathoor,635813,VELLORE
Valayalkarapatti,635804,VELLORE
Valayambattu,635751,VELLORE
Valayathur,632504,VELLORE
Vallam Arni,604505,VELLORE
Vallam Kannamangalam,632311,VELLORE
Vallandramam,632104,VELLORE
Vallimalai,632520,VELLORE
Vallipattu,635752,VELLORE
Valluvambakkam,632513,VELLORE
Vanapadi,632404,VELLORE
Vandranthangal,632059,VELLORE
Vangupattu,631102,VELLORE
Vangur,632501,VELLORE
Vaniyambadi,635751,VELLORE
Vaniyambadi R.S,635751,VELLORE
Vannanthangal,632103,VELLORE
Vannivedu,632513,VELLORE
Varadalambattu,632101,VELLORE
Varadareddipalli,632603,VELLORE
Varagur,632507,VELLORE
Vasanthapuram,635701,VELLORE
Vasur,632514,VELLORE
Veerichettipalli,632603,VELLORE
Velakalnatham,635854,VELLORE
Velam,632501,VELLORE
Velangadu,632101,VELLORE
Velapadi,632001,VELLORE
Vellakuttai,635752,VELLORE
Vellambi,632506,VELLORE
Vellore,632001,VELLORE
Vellore Bazaar,632004,VELLORE
Vellore Cantonment,632001,VELLORE
Vellore Collectorate,632004,VELLORE
Vellore Collectorate,632009,VELLORE
Vellore Fort,632004,VELLORE
Vellore Institute Of Technolog,632014,VELLORE
Vellore Market,632004,VELLORE
Vellore South,632001,VELLORE
Vellore Sugar Mills,632519,VELLORE
Velur- Kalavai,632506,VELLORE
Vembi,632518,VELLORE
Vengalapuram,635653,VELLORE
Vengili,635812,VELLORE
Venkatapuram,632507,VELLORE
Venkatasamudram,635811,VELLORE
Vennampalle,632516,VELLORE
Veppalai,632520,VELLORE
Veppalnatham,635651,VELLORE
Veppampattu,632113,VELLORE
Veppankuppam,632107,VELLORE
Veppur,635803,VELLORE
Vettapattu,635852,VELLORE
Vettuvanam,635809,VELLORE
Vilapakkam,632521,VELLORE
Viludonpalayam,632603,VELLORE
Vinnamangalam,635807,VELLORE
Virnjipuram,632104,VELLORE
Virudhambattu,632006,VELLORE
Virupakshipuram,632002,VELLORE
Vishamangalam,635652,VELLORE
Voorhees College,632001,VELLORE
Walajapet,632513,VELLORE
Walajapet Bazaar,632513,VELLORE
Winterpet,631005,VELLORE
Yelagiri Hills,635853,VELLORE
Vilandai,605756,VILLUPURAM
Villupuram,605602,VILLUPURAM
Villupuram Collectorate,605602,VILLUPURAM
Villupuram East,605602,VILLUPURAM
Villupuram West,605602,VILLUPURAM
Vilukkam,604206,VILLUPURAM
Viramur,605402,VILLUPURAM
Viranam,605106,VILLUPURAM
Viranamur,604203,VILLUPURAM
Virapandi,605758,VILLUPURAM
Viriyur,606402,VILLUPURAM
Virugavur,606203,VILLUPURAM
Vellimalai,606209,VILLUPURAM
Vellimeudpettai,604207,VILLUPURAM
Velur,606102,VILLUPURAM
Velur (SA),604154,VILLUPURAM
Vembi,605203,VILLUPURAM
Vengaivadi,606206,VILLUPURAM
Vengamur,605701,VILLUPURAM
Vengandur,605402,VILLUPURAM
Vengandur,604306,VILLUPURAM
Vengodu,606401,VILLUPURAM
Vengur,605751,VILLUPURAM
Venkatadri Agaram,605105,VILLUPURAM
Venkatampettai,606207,VILLUPURAM
Vettiperumalagaram,606201,VILLUPURAM
Vidur,605652,VILLUPURAM
Vidur Dam,605652,VILLUPURAM
Vikravandi,605652,VILLUPURAM
Vikravandi R.S.,605652,VILLUPURAM
Vilakkur,606206,VILLUPURAM
Vilambar,606213,VILLUPURAM
Vaidapakkam,604301,VILLUPURAM
Vairapuram,604207,VILLUPURAM
Vakkur,605501,VILLUPURAM
Valathi,604208,VILLUPURAM
Valavanur,605108,VILLUPURAM
Valayampattu,607107,VILLUPURAM
Vallam,604206,VILLUPURAM
Valudareddy,605401,VILLUPURAM
Valudavur,605502,VILLUPURAM
Vanampattu,607204,VILLUPURAM
Vanjikuli,606401,VILLUPURAM
Vanur,605109,VILLUPURAM
Varanjaram,606203,VILLUPURAM
Vasanthakrishnapuram,605758,VILLUPURAM
Vazhapadi,606209,VILLUPURAM
Veeracholapuram,606206,VILLUPURAM
Velanthangal,604152,VILLUPURAM
Veliyanur,604304,VILLUPURAM
Vellaiyur,606107,VILLUPURAM
Vellarikadu,606401,VILLUPURAM
Ural,604307,VILLUPURAM
V Alambalam,606301,VILLUPURAM
V Mamandur,606301,VILLUPURAM
V . Puthur,605752,VILLUPURAM
V.Budur,605108,VILLUPURAM
V.Marudur,605602,VILLUPURAM
V.Mathur,605107,VILLUPURAM
V.Mathur,605201,VILLUPURAM
V.Nallalam,605651,VILLUPURAM
V.Nerkunam,605501,VILLUPURAM
V.Parangani,605109,VILLUPURAM
V.Salai,605652,VILLUPURAM
V.Sathanur,605652,VILLUPURAM
Vadakaraithayanur,605752,VILLUPURAM
Vadakkanandal,606207,VILLUPURAM
Vadamarudur,605803,VILLUPURAM
Vadanerkunam,604301,VILLUPURAM
Vadapalai,604204,VILLUPURAM
Vadaponparappi,605702,VILLUPURAM
Vadathorasalur,606206,VILLUPURAM
Tindivanam,604001,VILLUPURAM
Tindivanam Bazaar,604001,VILLUPURAM
Tindivanam East,604001,VILLUPURAM
Tindivanam West,604001,VILLUPURAM
Tiruchitambalam,605111,VILLUPURAM
Tirukkoyilur,605757,VILLUPURAM
Tirukkoyilur Bazaar,605757,VILLUPURAM
Tirumangalam,605501,VILLUPURAM
Tirunavalur,607204,VILLUPURAM
Tirupachanur,605103,VILLUPURAM
Tiruppalapandal,605766,VILLUPURAM
Tiruppayar,606305,VILLUPURAM
Tiruvarangam,605802,VILLUPURAM
Tiruvennainallur,607203,VILLUPURAM
Tivanur,604206,VILLUPURAM
Tiyagadrug,606206,VILLUPURAM
Tiyagai,606206,VILLUPURAM
Ulundurpet,606107,VILLUPURAM
Ulundurpet Busstand,606107,VILLUPURAM
Uppur,606209,VILLUPURAM
Thenkeeranur,606213,VILLUPURAM
Thenkodipakkam,604102,VILLUPURAM
Thenpalai,604151,VILLUPURAM
Thenpasiyar,604302,VILLUPURAM
Thenputhur,604306,VILLUPURAM
Thensiruvalur,604102,VILLUPURAM
Thensiruvalur,606204,VILLUPURAM
Thenthorasalur,606204,VILLUPURAM
Theppirampattu,604204,VILLUPURAM
Thiruvamathr,605402,VILLUPURAM
Thiruvampattu,604205,VILLUPURAM
Thiruvathikunnam,604205,VILLUPURAM
Thiurvakkarai,604304,VILLUPURAM
Tholuvanthangal,605801,VILLUPURAM
Thorapadi,604204,VILLUPURAM
Thoravi,605601,VILLUPURAM
Thottapadi,606301,VILLUPURAM
Thottiyam,606201,VILLUPURAM
Throadipattu,606209,VILLUPURAM
Timmalai,606206,VILLUPURAM
Teli,605302,VILLUPURAM
Thachur,606213,VILLUPURAM
Thadagam,604152,VILLUPURAM
Thaduthatkondur,607203,VILLUPURAM
Thagadi,605766,VILLUPURAM
Thailapuram,604102,VILLUPURAM
Thaiyur,604205,VILLUPURAM
Thalangadu,604303,VILLUPURAM
Thalangunam,604201,VILLUPURAM
Thalavanur,604205,VILLUPURAM
Thaludali,604304,VILLUPURAM
Thamanur,604210,VILLUPURAM
Thandalai,606213,VILLUPURAM
Thandavasamudram,604151,VILLUPURAM
Thaniyal,604207,VILLUPURAM
Thapovanam,605756,VILLUPURAM
Thayanur,604204,VILLUPURAM
Thekkampattu,606401,VILLUPURAM
Thengiyanatham,606201,VILLUPURAM
Thenkalavoy,604302,VILLUPURAM
Siruvangur,606213,VILLUPURAM
Siruvathur,606201,VILLUPURAM
Sithalingamadam,605803,VILLUPURAM
Sithalur,606206,VILLUPURAM
Sithanangur,607107,VILLUPURAM
Sithani,605652,VILLUPURAM
Sithathur,605701,VILLUPURAM
Sokuppam,604153,VILLUPURAM
Somandargudi,606213,VILLUPURAM
Somasipalayam,607101,VILLUPURAM
Soundaravallipalayam,606401,VILLUPURAM
Sulankurichi,606206,VILLUPURAM
T . Edayar,607203,VILLUPURAM
T . Kolathur,607209,VILLUPURAM
T . Kunnathur,605803,VILLUPURAM
T . Pudupalayam,605803,VILLUPURAM
T Athipakkam,605766,VILLUPURAM
T.Mavidanthal,606305,VILLUPURAM
T.Mettupalayam,605601,VILLUPURAM
T.Pudupalayam,605652,VILLUPURAM
Semmedu,604153,VILLUPURAM
Sendamangalam,607204,VILLUPURAM
Sendanadu,607204,VILLUPURAM
Senkurichi,606115,VILLUPURAM
Sennakunam,605755,VILLUPURAM
Sepettai,604152,VILLUPURAM
Serapattu,606401,VILLUPURAM
Serndanur,605103,VILLUPURAM
Seshangur,605501,VILLUPURAM
Sethuvarayankuppam,606203,VILLUPURAM
Sevalapuri,604202,VILLUPURAM
Sholangunam,604210,VILLUPURAM
Sikkadu,606205,VILLUPURAM
Singanur,604302,VILLUPURAM
Sirpadanallur,605802,VILLUPURAM
Sirpanandal,605802,VILLUPURAM
Sirumadurai,607203,VILLUPURAM
Siruthalaipoondi,604204,VILLUPURAM
Siruvadi,604301,VILLUPURAM
Siruvalai,605402,VILLUPURAM
S.Kolathur,606402,VILLUPURAM
Salamedu,605401,VILLUPURAM
Salayampalayam,605108,VILLUPURAM
Sangeethamangalam,605202,VILLUPURAM
Sangiyam,605754,VILLUPURAM
Sankarapuram (Villupuram),606401,VILLUPURAM
Santhanagopalapuram,605602,VILLUPURAM
Santhapettai,605766,VILLUPURAM
Saram ( Tindivanam ),604307,VILLUPURAM
Saravanapakkam,607209,VILLUPURAM
Sathambadi,604204,VILLUPURAM
Sathaputhur,606205,VILLUPURAM
Sathiyakandanur,605755,VILLUPURAM
Sathyamagalam,604153,VILLUPURAM
Se.Kunnatur,605651,VILLUPURAM
Seedevi,606205,VILLUPURAM
Semangalam,605109,VILLUPURAM
Sembiamadevi,607202,VILLUPURAM
Semmanangur,606107,VILLUPURAM
Semmar,607107,VILLUPURAM
Pu.Mambakkam,606107,VILLUPURAM
Pudu Uchimedu,606203,VILLUPURAM
Pudupakkam,604303,VILLUPURAM
Pudupalapattu,606401,VILLUPURAM
Pudupattu,606402,VILLUPURAM
Pugaipatti,607202,VILLUPURAM
Pukkiravari,606204,VILLUPURAM
Pulichapllam,605109,VILLUPURAM
Puliyur,606107,VILLUPURAM
Puthirampattu,606402,VILLUPURAM
Radhhapuram,605501,VILLUPURAM
Rampakkam,605105,VILLUPURAM
Rangappanur,606402,VILLUPURAM
Ravathanallur,606402,VILLUPURAM
Rayapudupakkam,605111,VILLUPURAM
Rettanai,604306,VILLUPURAM
Rishivandiyam,606205,VILLUPURAM
S. Naraiyur,606301,VILLUPURAM
S. Ohaiyur,606204,VILLUPURAM
S.Kodungal,605755,VILLUPURAM
Pidaripattu,605651,VILLUPURAM
Pillur,605103,VILLUPURAM
Pilrampattu,605701,VILLUPURAM
Pinnalavadi,607202,VILLUPURAM
Pombur,605652,VILLUPURAM
Ponnankuppam,605201,VILLUPURAM
Pootai,606401,VILLUPURAM
Poothurai,605111,VILLUPURAM
Poovarasankuppam,605105,VILLUPURAM
Porasakurichi,606203,VILLUPURAM
Porasapattu,605702,VILLUPURAM
Porur,605202,VILLUPURAM
Pottiyam,606207,VILLUPURAM
Pounjipattu,605702,VILLUPURAM
Poykunam,606401,VILLUPURAM
Poyyapakkam,605103,VILLUPURAM
Prithivimangalam,606206,VILLUPURAM
Pu-killanur,606107,VILLUPURAM
Pu-konalavadi,606107,VILLUPURAM
Pu-malayanur,607202,VILLUPURAM
Perani,605651,VILLUPURAM
Periyababusamudram,605102,VILLUPURAM
Periyakolliyur,605801,VILLUPURAM
Periyakuppam,607204,VILLUPURAM
Periyakurukkai,607201,VILLUPURAM
Periyamampattu,606206,VILLUPURAM
Periyanmur,604151,VILLUPURAM
Periyanolambai,604204,VILLUPURAM
Periyasevalai,607209,VILLUPURAM
Periyathatchur,605651,VILLUPURAM
Perumangalam,606204,VILLUPURAM
Perumbakkam,604304,VILLUPURAM
Perumbakkam,607204,VILLUPURAM
Perumbakkam,605301,VILLUPURAM
Perumbur,606401,VILLUPURAM
Perumukkal,604301,VILLUPURAM
Perungappur,604151,VILLUPURAM
Peruvalur,604208,VILLUPURAM
Pethanur,606201,VILLUPURAM
Pidagam,605401,VILLUPURAM
Pallineliyanur,605107,VILLUPURAM
Pallithennal,605102,VILLUPURAM
Panamalai,605201,VILLUPURAM
Panampattu,605103,VILLUPURAM
Panayapuram,605601,VILLUPURAM
Panchalam,604307,VILLUPURAM
Pandalam (Villupuram),606402,VILLUPURAM
Pandiyankuppam,606201,VILLUPURAM
Pandur,606102,VILLUPURAM
Pankolathur,604101,VILLUPURAM
Paranur,605755,VILLUPURAM
Parikkal,607204,VILLUPURAM
Parindal,606305,VILLUPURAM
Pasar,606205,VILLUPURAM
Pavandur,607209,VILLUPURAM
Pazhangur,605751,VILLUPURAM
Peelamedu,606206,VILLUPURAM
Pennangar,604210,VILLUPURAM
Peramandur,604302,VILLUPURAM
Perangiyur,607107,VILLUPURAM
P.Villiyanur,605105,VILLUPURAM
Padipallam,604151,VILLUPURAM
Padirapuliyur,604304,VILLUPURAM
Padiyandal,605751,VILLUPURAM
Padur,606115,VILLUPURAM
Paithanthurai,606201,VILLUPURAM
Paiyur,607203,VILLUPURAM
Pakkam,605801,VILLUPURAM
Pakkam,604153,VILLUPURAM
Pakkampadi,606301,VILLUPURAM
Palakollai,606115,VILLUPURAM
Palakuppam,604302,VILLUPURAM
Palapadi,604153,VILLUPURAM
Palapattu,604205,VILLUPURAM
Palayam,605107,VILLUPURAM
Palayasiruvangur,606206,VILLUPURAM
Pallagacherry,606206,VILLUPURAM
Pallavadi,607201,VILLUPURAM
Palliandur,605402,VILLUPURAM
Pallikulam,604203,VILLUPURAM
Nemur,605203,VILLUPURAM
Ninnaiyur,606305,VILLUPURAM
Nochalur,604201,VILLUPURAM
Nochimedu,606209,VILLUPURAM
Nolambur,604307,VILLUPURAM
Nurolai,606205,VILLUPURAM
Odappankuppam,607805,VILLUPURAM
Oddampattu,605758,VILLUPURAM
Odiyathur,605701,VILLUPURAM
Olagankathan,606213,VILLUPURAM
Olagapuram,604154,VILLUPURAM
Olagiyanallur,606204,VILLUPURAM
Olakkur,604305,VILLUPURAM
Olundiapet,605109,VILLUPURAM
Omandur,604102,VILLUPURAM
Omipper,604301,VILLUPURAM
Ongur,604307,VILLUPURAM
Orathur,606102,VILLUPURAM
Orathur,605601,VILLUPURAM
Orukodi,605301,VILLUPURAM
Nagalur,606203,VILLUPURAM
Nagar,604301,VILLUPURAM
Nainarpalayam,606301,VILLUPURAM
Nallanpillaipetral,604152,VILLUPURAM
Nallapalayam,605701,VILLUPURAM
Nallathur,606213,VILLUPURAM
Nallathur,604307,VILLUPURAM
Nallavur,604154,VILLUPURAM
Nangathur,605202,VILLUPURAM
Nannaram,606102,VILLUPURAM
Nanndu,605301,VILLUPURAM
Naraiyur,605108,VILLUPURAM
Naranamangalam,604201,VILLUPURAM
Nathamur,606102,VILLUPURAM
Nayambadi,604151,VILLUPURAM
Nedimoliyanur,604306,VILLUPURAM
Nedumanur,606208,VILLUPURAM
Neelamangalam,606213,VILLUPURAM
Negandur,605651,VILLUPURAM
Neganur,604202,VILLUPURAM
Mokshakulam,605105,VILLUPURAM
Molasur,604102,VILLUPURAM
Mookanur,606402,VILLUPURAM
Moolasamudram,606107,VILLUPURAM
Moongilpadi,606201,VILLUPURAM
Morattandi,605101,VILLUPURAM
Mottampatti,606401,VILLUPURAM
Mudiyanur,606203,VILLUPURAM
Mukhasaparur,606104,VILLUPURAM
Mundiyambakkam,605601,VILLUPURAM
Mundiyur,606209,VILLUPURAM
Munivalai,606205,VILLUPURAM
Munnur,604301,VILLUPURAM
Muppuli,604302,VILLUPURAM
Murarbad,606208,VILLUPURAM
Murukkambadi,605754,VILLUPURAM
Mutrampattu,605501,VILLUPURAM
Muttathur,605203,VILLUPURAM
Nadukuppam,604303,VILLUPURAM
Naduvanthangal,604207,VILLUPURAM
Melmalayanur,604204,VILLUPURAM
Melmannur,604208,VILLUPURAM
Melnariyappanur,606201,VILLUPURAM
Melolakkur,604203,VILLUPURAM
Melpathi,605103,VILLUPURAM
Melpettai,604307,VILLUPURAM
Melsevalambadi,604204,VILLUPURAM
Melsevur,604306,VILLUPURAM
Melsiruvallur,605702,VILLUPURAM
Melsithamur,604206,VILLUPURAM
Melthaniyalampattu,607101,VILLUPURAM
Melur,606201,VILLUPURAM
Melvailamur,604201,VILLUPURAM
Melvalai,605701,VILLUPURAM
Memalur,605751,VILLUPURAM
Mettupalayam,605105,VILLUPURAM
Michaelpuram,605702,VILLUPURAM
Minambur,604205,VILLUPURAM
Modaiyur,604206,VILLUPURAM
Mogaiyur,605755,VILLUPURAM
Manampoondi,605759,VILLUPURAM
Manandal,604204,VILLUPURAM
Mandagapadi,606205,VILLUPURAM
Mandagapet,605106,VILLUPURAM
Mandava,604303,VILLUPURAM
Mangalam (SA),606104,VILLUPURAM
Maniyampalayam,606209,VILLUPURAM
Manjaputhur,606208,VILLUPURAM
Manmalai,606207,VILLUPURAM
Maragadhapuram,605401,VILLUPURAM
Marangiyur,607203,VILLUPURAM
Markanum,604303,VILLUPURAM
Markonam,604208,VILLUPURAM
Mathur,606207,VILLUPURAM
Mattaparai,606207,VILLUPURAM
Melacheri,604202,VILLUPURAM
Melakondai,605652,VILLUPURAM
Melathipakkam,604207,VILLUPURAM
Meledayalam,604202,VILLUPURAM
Melkaranai,605202,VILLUPURAM
Ma-kunnathur,606102,VILLUPURAM
Madam,605766,VILLUPURAM
Madapattu,607204,VILLUPURAM
Madavacherry,606207,VILLUPURAM
Madhur,606209,VILLUPURAM
Madiyanur,606107,VILLUPURAM
Madur,606206,VILLUPURAM
Madurapakkam,605501,VILLUPURAM
Mahadevimangalam,604210,VILLUPURAM
Maharajapuam,605602,VILLUPURAM
Mailam,604304,VILLUPURAM
Maiyanur,605801,VILLUPURAM
Malaikottalam,606203,VILLUPURAM
Malavanthangal,605701,VILLUPURAM
Maligaimedu,606204,VILLUPURAM
Malliyapadi,606207,VILLUPURAM
Mambazhapattu,605302,VILLUPURAM
Manakuppam,607209,VILLUPURAM
Manalapadi,604151,VILLUPURAM
Manalurpet,605754,VILLUPURAM
Kottapoondi,604201,VILLUPURAM
Kottapudur,606209,VILLUPURAM
Kottayampoondi,605203,VILLUPURAM
Kovilporaiyur,604201,VILLUPURAM
Kudiraichandal,606213,VILLUPURAM
Kugaiyur,606301,VILLUPURAM
Kuladeepamangalam,605756,VILLUPURAM
Kumarakuppam,605108,VILLUPURAM
Kumulam,605107,VILLUPURAM
Kundalapuliyur,605203,VILLUPURAM
Kunimedu,604303,VILLUPURAM
Kunnapakkam,604101,VILLUPURAM
Kurunjipai,604205,VILLUPURAM
Kutteripattu,604302,VILLUPURAM
Kuvadu,607201,VILLUPURAM
Kuvagam,606102,VILLUPURAM
Kuvanur,605766,VILLUPURAM
La- Gudalur,606205,VILLUPURAM
Lakkinayakkanpatti,606402,VILLUPURAM
Lingareddpalayam,605107,VILLUPURAM
Kizakkumarudur,607204,VILLUPURAM
Kodiyam,604207,VILLUPURAM
Kodukkur,605501,VILLUPURAM
Kodumathi,606209,VILLUPURAM
Kolathur,604301,VILLUPURAM
Koliyanur,605103,VILLUPURAM
Kollar,604206,VILLUPURAM
Komalur,606205,VILLUPURAM
Konai,604205,VILLUPURAM
Konalur,605201,VILLUPURAM
Kondangi,605301,VILLUPURAM
Kongarapattu,604306,VILLUPURAM
Kongarayanur,607203,VILLUPURAM
Kongarayapalayam,606203,VILLUPURAM
Konur,605301,VILLUPURAM
Koo-kallakurichi,606115,VILLUPURAM
Koothakudi,606305,VILLUPURAM
Korakeni,605501,VILLUPURAM
Kosapadi,606401,VILLUPURAM
Kottamarudur,605756,VILLUPURAM
Kattupaiyur,605766,VILLUPURAM
Kattusiviri,604207,VILLUPURAM
Kaveripakkam,604001,VILLUPURAM
Kazhumalam,605754,VILLUPURAM
Kedar,605402,VILLUPURAM
Keelathalanur,605766,VILLUPURAM
Kiladanur,604307,VILLUPURAM
Kilakkadu,606401,VILLUPURAM
Kilapattu,606208,VILLUPURAM
Kiledayalam,604302,VILLUPURAM
Kilinjikuppam,605110,VILLUPURAM
Kiliyanur (Villupuram),604102,VILLUPURAM
Kiliyur,606102,VILLUPURAM
Kilmambattu,605651,VILLUPURAM
Kilmavilangai,604207,VILLUPURAM
Kilperumbakkam,605602,VILLUPURAM
Kilpudupattu,605014,VILLUPURAM
Kilsevur,604101,VILLUPURAM
Kilsirivi,604301,VILLUPURAM
Kirumambakkam,607403,VILLUPURAM
Kaniyamur,606201,VILLUPURAM
Kanjanur,605203,VILLUPURAM
Kannarampattu,607203,VILLUPURAM
Kappai,604205,VILLUPURAM
Kappalampadi,604201,VILLUPURAM
Kappiyampuliyur,605601,VILLUPURAM
Kappur,605301,VILLUPURAM
Karadi,605766,VILLUPURAM
Karadichittur,606207,VILLUPURAM
Karai,605201,VILLUPURAM
Karanai,605755,VILLUPURAM
Karattai,604154,VILLUPURAM
Kariyalur,606209,VILLUPURAM
Karnavur,604302,VILLUPURAM
Karunthalakurichi,606301,VILLUPURAM
Karuvakshi,605201,VILLUPURAM
Karuvampakkam,604207,VILLUPURAM
Katrambakkam,605109,VILLUPURAM
Kattalai,604307,VILLUPURAM
Kattu Edaiyur,605751,VILLUPURAM
Kalayampoondi,605202,VILLUPURAM
Kallakurichi,606202,VILLUPURAM
Kallakurichi South,606213,VILLUPURAM
Kallapattu,605108,VILLUPURAM
Kallapuliyur,604208,VILLUPURAM
Kalleri,604151,VILLUPURAM
Kallipattu,605105,VILLUPURAM
Kalpattu,605302,VILLUPURAM
Kaluperumbakkam,605014,VILLUPURAM
Kamala Nagar (Villupuram),605602,VILLUPURAM
Kanai,605301,VILLUPURAM
Kanaiyar,606107,VILLUPURAM
Kanakkankuppam,604151,VILLUPURAM
Kandachipuram,605701,VILLUPURAM
Kandadu,604303,VILLUPURAM
Kandamangalam,605102,VILLUPURAM
Kandambakkam,605401,VILLUPURAM
Kandnamanadi,605401,VILLUPURAM
Kangeyanur,605754,VILLUPURAM
Kangiyanur,605302,VILLUPURAM
Illodu,604210,VILLUPURAM
Innadu,606209,VILLUPURAM
Iriyur,606204,VILLUPURAM
Irudayampattu,605702,VILLUPURAM
Irulakurichi,606115,VILLUPURAM
Irumbai,605111,VILLUPURAM
Irundai,607204,VILLUPURAM
Jambai,605754,VILLUPURAM
Jayankondam,604202,VILLUPURAM
K.Alambalam,606213,VILLUPURAM
Kachirapalayam,606207,VILLUPURAM
Kadaganur,605755,VILLUPURAM
Kadali,604210,VILLUPURAM
Kadambur,604206,VILLUPURAM
Kadambur (Villupuram),605802,VILLUPURAM
Kadaperikuppam,605502,VILLUPURAM
Kaduvanur,605801,VILLUPURAM
Kakkanur,605402,VILLUPURAM
Kalaiyur,604206,VILLUPURAM
Kalamarudur,606102,VILLUPURAM
Endal,605801,VILLUPURAM
Endiyur,604307,VILLUPURAM
Eraiyanur,604102,VILLUPURAM
Eraiyur,604304,VILLUPURAM
Eraiyur (Villupuram),607201,VILLUPURAM
Eranji,606305,VILLUPURAM
Eruvaipattinam,606207,VILLUPURAM
Eruvelipattu,607107,VILLUPURAM
Eswarakandanallur,607204,VILLUPURAM
Eyyakunam,604204,VILLUPURAM
Eyyal,604204,VILLUPURAM
Eyyanur,606204,VILLUPURAM
Gengarampalayam,605108,VILLUPURAM
Gingee,604202,VILLUPURAM
Gingee Bazaar,604202,VILLUPURAM
Gramam,607203,VILLUPURAM
Guduvampoondi,604208,VILLUPURAM
Gurupeedapuram,606305,VILLUPURAM
Hemerjickx Cente,605111,VILLUPURAM
Idapattu,604201,VILLUPURAM
Cholavandipuram,605751,VILLUPURAM
Dadapuram,604207,VILLUPURAM
Dagamtheerthapuram,606201,VILLUPURAM
Devadanampettai,604151,VILLUPURAM
Devandavadi,604208,VILLUPURAM
Devanur,604208,VILLUPURAM
Devanur,605752,VILLUPURAM
Devaradiyarkuppam,605754,VILLUPURAM
Deviagaram,605766,VILLUPURAM
Eachur,604203,VILLUPURAM
Edaikkal,606107,VILLUPURAM
Edapalayam,605803,VILLUPURAM
Eduthanur,605802,VILLUPURAM
Eduthavainatham,606207,VILLUPURAM
Elavanasur,607202,VILLUPURAM
Elayanarkuppam,605802,VILLUPURAM
Ellaigramam,607201,VILLUPURAM
Elrampattu,605803,VILLUPURAM
Emappur,607203,VILLUPURAM
Enathimangalam,607107,VILLUPURAM
Avalurpet,604201,VILLUPURAM
Avanipur,604101,VILLUPURAM
Avarapakkam,604001,VILLUPURAM
Aviyur,604203,VILLUPURAM
Ayandur,605755,VILLUPURAM
Ayyanthoppu,604307,VILLUPURAM
Ayyur Agaram,605601,VILLUPURAM
B. Arulambadi,605702,VILLUPURAM
Brahmadesam,605203,VILLUPURAM
Brahmadesam (Villupuram),604301,VILLUPURAM
Brammakundam,605702,VILLUPURAM
C Meyyur,605803,VILLUPURAM
Chellampattu,606207,VILLUPURAM
Chellapiratti,604210,VILLUPURAM
Chendur,604302,VILLUPURAM
Chinnababusamudram,605102,VILLUPURAM
Chinnanerkunam,604302,VILLUPURAM
Chinnasalem,606201,VILLUPURAM
Chinthamani,605601,VILLUPURAM
Cholampattu,606208,VILLUPURAM
Arpisampalayam,605108,VILLUPURAM
Arugavur,604203,VILLUPURAM
Arulavadi,605755,VILLUPURAM
Arumpattu,607107,VILLUPURAM
Arunkurukkai,605803,VILLUPURAM
Arur,606402,VILLUPURAM
Aruthangudi,605766,VILLUPURAM
Asakalathur,606204,VILLUPURAM
Asanur,606305,VILLUPURAM
Asokapuri,605203,VILLUPURAM
Asur,605652,VILLUPURAM
Athipakkam,604207,VILLUPURAM
Athipattu,604152,VILLUPURAM
Athiyur,605201,VILLUPURAM
Athiyur Thirukkai,605701,VILLUPURAM
Athiyur Thiruvadi,605401,VILLUPURAM
Attur,606102,VILLUPURAM
Attur,604307,VILLUPURAM
Auroville,605101,VILLUPURAM
Avadayarpattu,605652,VILLUPURAM
Anangur,604203,VILLUPURAM
Ananthapuram,605201,VILLUPURAM
Anathur,604202,VILLUPURAM
Anathur,607101,VILLUPURAM
Andapattu,604101,VILLUPURAM
Andrayanur,605803,VILLUPURAM
Anganur,606107,VILLUPURAM
Anilady,605651,VILLUPURAM
Annamangalam,604210,VILLUPURAM
Anniyur,605202,VILLUPURAM
Anumanandal,606301,VILLUPURAM
Anumandai,604303,VILLUPURAM
Arakandanallur,605752,VILLUPURAM
Arampoondi,606209,VILLUPURAM
Arasampattu,606401,VILLUPURAM
Arasur,607107,VILLUPURAM
Arcadu,605755,VILLUPURAM
Ariyalur (Villupuram),605801,VILLUPURAM
Ariyalur Tirukkai,605402,VILLUPURAM
Ariyur (Villupuram),605751,VILLUPURAM
Adaiyur,607201,VILLUPURAM
Adanur,605402,VILLUPURAM
Adavallikuthan,604301,VILLUPURAM
Adhanur,606102,VILLUPURAM
Adichanur,605758,VILLUPURAM
Agarakottalam,606213,VILLUPURAM
Akkur,604207,VILLUPURAM
Akshipakkam,604101,VILLUPURAM
Aladi,606115,VILLUPURAM
Alagrammam,604302,VILLUPURAM
Alambadi,605701,VILLUPURAM
Alampoondi,604151,VILLUPURAM
Alankuppam,604301,VILLUPURAM
Alathur,604303,VILLUPURAM
Alathur,606208,VILLUPURAM
Ammaiagaram,606201,VILLUPURAM
Ammakalathur,606204,VILLUPURAM
Amur,607209,VILLUPURAM
Anaiyeri,605201,VILLUPURAM
Anangur,605103,VILLUPURAM
A.Ramalingapuram,626203,VIRUDHUNAGAR
Achankulam,626141,VIRUDHUNAGAR
Achanthavirthan,626137,VIRUDHUNAGAR
Aladipatti,626129,VIRUDHUNAGAR
Alagapuri,626607,VIRUDHUNAGAR
Alagianallur,626109,VIRUDHUNAGAR
Alamarathupatti,626130,VIRUDHUNAGAR
Alangulam,626127,VIRUDHUNAGAR
Allalaperi,626106,VIRUDHUNAGAR
Amanakkunatham,626112,VIRUDHUNAGAR
Amathur,626005,VIRUDHUNAGAR
Anaikulam,626129,VIRUDHUNAGAR
Anaikuttam,626130,VIRUDHUNAGAR
Anaiyur,626124,VIRUDHUNAGAR
Anuppankulam,626189,VIRUDHUNAGAR
Appayanaickenpatti,626141,VIRUDHUNAGAR
Appayanaickenpatti,626127,VIRUDHUNAGAR
Appayanaickenpatti,626204,VIRUDHUNAGAR
Aruppukottai,626101,VIRUDHUNAGAR
Aruppukottai Bazzar,626101,VIRUDHUNAGAR
Aruppukottai Court,626101,VIRUDHUNAGAR
Aruppukottai East,626101,VIRUDHUNAGAR
Aruppukottai Nehru Maidanam,626101,VIRUDHUNAGAR
Aruppukottai West,626101,VIRUDHUNAGAR
Athikulam,626135,VIRUDHUNAGAR
Aviyur,626115,VIRUDHUNAGAR
Avudayapuram,626204,VIRUDHUNAGAR
Ayanathampatti,626138,VIRUDHUNAGAR
Ayankollangondan,626142,VIRUDHUNAGAR
Boovanathapuram,626124,VIRUDHUNAGAR
Chatrapatti (Virudhunagar),626102,VIRUDHUNAGAR
Chatrapuliyankulam,626106,VIRUDHUNAGAR
Chatrareddiapatti,626002,VIRUDHUNAGAR
Chettikurichi,626134,VIRUDHUNAGAR
Chidambarapuram,626134,VIRUDHUNAGAR
Chithunundradaippu,626106,VIRUDHUNAGAR
Chockalingapuram,626108,VIRUDHUNAGAR
Chockalingapuram,626202,VIRUDHUNAGAR
Chockanathanpudur,626121,VIRUDHUNAGAR
Cholapuram South,626139,VIRUDHUNAGAR
Devadanam,626121,VIRUDHUNAGAR
Dhalavaipuram,626188,VIRUDHUNAGAR
Dharmam,626612,VIRUDHUNAGAR
Edirkottai,626131,VIRUDHUNAGAR
Elayirampannai,626201,VIRUDHUNAGAR
Erichanatham,626103,VIRUDHUNAGAR
Gollapatti,626203,VIRUDHUNAGAR
Gopalapuram,626136,VIRUDHUNAGAR
Guhanparai,626140,VIRUDHUNAGAR
Ilandaikulam,626149,VIRUDHUNAGAR
Iluppaiyur,626129,VIRUDHUNAGAR
Inamkarisalkulam,626125,VIRUDHUNAGAR
Inamreddiapatti,626003,VIRUDHUNAGAR
Injar,626124,VIRUDHUNAGAR
Irukkangaudi,626202,VIRUDHUNAGAR
Irunjirai,626612,VIRUDHUNAGAR
Isali,626607,VIRUDHUNAGAR
K.Chettikulam,626114,VIRUDHUNAGAR
Kadaneri,626149,VIRUDHUNAGAR
Kakkivadanpatti,626124,VIRUDHUNAGAR
Kalayar Karisalkulam,626105,VIRUDHUNAGAR
Kalkurichi,626104,VIRUDHUNAGAR
Kallamanaickenpatti,626131,VIRUDHUNAGAR
Kallurani,626105,VIRUDHUNAGAR
Kamaraj Nagar,626001,VIRUDHUNAGAR
Kambigudi,626115,VIRUDHUNAGAR
Kangarseval,626131,VIRUDHUNAGAR
Kansapuram,626133,VIRUDHUNAGAR
Karendal,626129,VIRUDHUNAGAR
Kariapatti,626106,VIRUDHUNAGAR
Karisalkulam,626149,VIRUDHUNAGAR
Karisalpatti,626201,VIRUDHUNAGAR
Kattangudi,626107,VIRUDHUNAGAR
Kilarajakularaman,626136,VIRUDHUNAGAR
Kilavikulam,626139,VIRUDHUNAGAR
Kilgudi,626114,VIRUDHUNAGAR
Kokkalanjeri,626002,VIRUDHUNAGAR
Kooraikundu,626001,VIRUDHUNAGAR
Koppusithampatti,626113,VIRUDHUNAGAR
Kosugundu,626202,VIRUDHUNAGAR
Kottaiyur,626149,VIRUDHUNAGAR
Kotthiyur Gurusamykoil,626204,VIRUDHUNAGAR
Kovilangulam,626107,VIRUDHUNAGAR
Krishnapuram,626142,VIRUDHUNAGAR
Kuchampatti,626129,VIRUDHUNAGAR
Kullursandai,626004,VIRUDHUNAGAR
Kumarasamy Raja Nagar,626108,VIRUDHUNAGAR
Kummapatti,626133,VIRUDHUNAGAR
Kundayiruppu,626131,VIRUDHUNAGAR
Kunnur,626138,VIRUDHUNAGAR
Kunnur South,626126,VIRUDHUNAGAR
Kurandi,626115,VIRUDHUNAGAR
Kurundamadam,626112,VIRUDHUNAGAR
Lakshmipuram,626127,VIRUDHUNAGAR
M.Pudupatti,626130,VIRUDHUNAGAR
M.Reddiapatti,626118,VIRUDHUNAGAR
Madavar Vilagam,626125,VIRUDHUNAGAR
Maharajapuram,626149,VIRUDHUNAGAR
Malaipatti,626004,VIRUDHUNAGAR
Mallanginar,626109,VIRUDHUNAGAR
Malli,626141,VIRUDHUNAGAR
Mallipudur,626141,VIRUDHUNAGAR
Mamsapuram,626124,VIRUDHUNAGAR
Mandapasalai,626118,VIRUDHUNAGAR
Mangalam,626138,VIRUDHUNAGAR
Manthoppu,626104,VIRUDHUNAGAR
Maraikulam,626607,VIRUDHUNAGAR
Maraneri,626124,VIRUDHUNAGAR
Maravarperungudi,626118,VIRUDHUNAGAR
Mavilpatti,626202,VIRUDHUNAGAR
Meenakshipuram,626125,VIRUDHUNAGAR
Meenakshipuram,626111,VIRUDHUNAGAR
Meenampatti,626189,VIRUDHUNAGAR
Meesalur,626003,VIRUDHUNAGAR
Melanmarainadu,626127,VIRUDHUNAGAR
Melapattamkarisalkulam,626110,VIRUDHUNAGAR
Melathulukkankulam,626109,VIRUDHUNAGAR
Mepco.Engg.College,626005,VIRUDHUNAGAR
Mettamalai,626203,VIRUDHUNAGAR
Mettugundu,626004,VIRUDHUNAGAR
Mohamed Sahibpuram,626110,VIRUDHUNAGAR
Moovaraivendran,626138,VIRUDHUNAGAR
Mudalipatti,626189,VIRUDHUNAGAR
Mudukkankulam,626106,VIRUDHUNAGAR
Muhavur,626111,VIRUDHUNAGAR
Mullipatti,626005,VIRUDHUNAGAR
Mulliseval,626205,VIRUDHUNAGAR
Musttakurichi,626106,VIRUDHUNAGAR
Muthulapuram,626119,VIRUDHUNAGAR
N.Subbiahpuram,626205,VIRUDHUNAGAR
Nachiyarkoil,626135,VIRUDHUNAGAR
Naduvapatti,626203,VIRUDHUNAGAR
Nallamanaickenpatti,626102,VIRUDHUNAGAR
Nalli,626205,VIRUDHUNAGAR
Nalur,626607,VIRUDHUNAGAR
Naranapuram,626189,VIRUDHUNAGAR
Narikudi,626607,VIRUDHUNAGAR
Nathampatti,626102,VIRUDHUNAGAR
Nathathupatti,626202,VIRUDHUNAGAR
Nathikudi,626137,VIRUDHUNAGAR
Nedungulam,626138,VIRUDHUNAGAR
Nenmeni,626202,VIRUDHUNAGAR
Odaipatti,626205,VIRUDHUNAGAR
Othayal Mettupatti,626203,VIRUDHUNAGAR
P Thottiankulam,626129,VIRUDHUNAGAR
P.Ramachandrapuram,626137,VIRUDHUNAGAR
P.Sallipatti,626138,VIRUDHUNAGAR
Padanthal,626203,VIRUDHUNAGAR
Palavantham,626004,VIRUDHUNAGAR
Palayampatti,626112,VIRUDHUNAGAR
Pampatti,626106,VIRUDHUNAGAR
Panaiyur,626129,VIRUDHUNAGAR
Panayadipatti,626201,VIRUDHUNAGAR
Pandalgudi,626113,VIRUDHUNAGAR
Pappakudi,626134,VIRUDHUNAGAR
Paralachi,626114,VIRUDHUNAGAR
Pattampudur,626003,VIRUDHUNAGAR
Pavali,626103,VIRUDHUNAGAR
Periaperali,626109,VIRUDHUNAGAR
Periavallikulam,626004,VIRUDHUNAGAR
Perunjalai Pudupatti,626104,VIRUDHUNAGAR
Pervelangudi,626612,VIRUDHUNAGAR
Pilavakkaldam,626133,VIRUDHUNAGAR
Pillayarkulam,626137,VIRUDHUNAGAR
Pillayarnatham,626125,VIRUDHUNAGAR
Poolangal,626114,VIRUDHUNAGAR
Pottalpatti,626111,VIRUDHUNAGAR
Pudukottai,626103,VIRUDHUNAGAR
Pudupalayam (Virudhunagar),626117,VIRUDHUNAGAR
Pudupatti,626204,VIRUDHUNAGAR
Puliyuran,626105,VIRUDHUNAGAR
Pungamarathupatti,626118,VIRUDHUNAGAR
Puthur,626111,VIRUDHUNAGAR
R.Kallumadam,626118,VIRUDHUNAGAR
R.Reddiapatti,626136,VIRUDHUNAGAR
Rajapalayam,626117,VIRUDHUNAGAR
Rajapalayam Ambalapuli Bazzar,626117,VIRUDHUNAGAR
Rajapalayam Bazzar,626117,VIRUDHUNAGAR
Rajapalayam Bus Stand,626117,VIRUDHUNAGAR
Ramalingapuram,626102,VIRUDHUNAGAR
Ramasamy Nagar,626105,VIRUDHUNAGAR
Ramasamy Raja Nagar,626204,VIRUDHUNAGAR
S.Ramachandrapuram,626126,VIRUDHUNAGAR
Salvarpatti,626128,VIRUDHUNAGAR
Samsigapuram,626102,VIRUDHUNAGAR
Sankaralingapuram,626119,VIRUDHUNAGAR
Sankarapandiapuram,626201,VIRUDHUNAGAR
Sattur,626203,VIRUDHUNAGAR
Sattur West,626203,VIRUDHUNAGAR
Seithur,626121,VIRUDHUNAGAR
Sembatti,626105,VIRUDHUNAGAR
Sengamalanachiapuram,626130,VIRUDHUNAGAR
Sengulam,626114,VIRUDHUNAGAR
Sengundrapuram,626103,VIRUDHUNAGAR
Sennelgudi,626004,VIRUDHUNAGAR
Sennilaikudi,626129,VIRUDHUNAGAR
Seshapuram,626116,VIRUDHUNAGAR
Sethu Institute of Technology,626115,VIRUDHUNAGAR
Sethunarayanapuram,626132,VIRUDHUNAGAR
Settiyarpatti,626122,VIRUDHUNAGAR
Settudayanpatti,626203,VIRUDHUNAGAR
Sevalpatti,626140,VIRUDHUNAGAR
Sinnakamanpatti,626189,VIRUDHUNAGAR
Siruvanur,626607,VIRUDHUNAGAR
Sithurajapuram,626189,VIRUDHUNAGAR
Sivakasi,626123,VIRUDHUNAGAR
Sivakasi Bazzar,626123,VIRUDHUNAGAR
Sivakasi Bus Stand,626123,VIRUDHUNAGAR
Sivakasi East,626189,VIRUDHUNAGAR
Sivakasi R S,626123,VIRUDHUNAGAR
Sivakasi West,626124,VIRUDHUNAGAR
Sivalingapuram,626136,VIRUDHUNAGAR
Solapuram,626139,VIRUDHUNAGAR
Soolakkarai,626003,VIRUDHUNAGAR
Srivilliputhur,626125,VIRUDHUNAGAR
Srivilliputhur Court Complexe,626135,VIRUDHUNAGAR
Srivilliputhur North,626125,VIRUDHUNAGAR
Subramaniapuram,626128,VIRUDHUNAGAR
Sudhamadam,626114,VIRUDHUNAGAR
Sukkilanatham,626112,VIRUDHUNAGAR
Sundaranachiarpuram,626142,VIRUDHUNAGAR
Sundarapandiam,626126,VIRUDHUNAGAR
Sundararajapuram,626142,VIRUDHUNAGAR
Surangudi,626203,VIRUDHUNAGAR
T.Managaseri,626141,VIRUDHUNAGAR
T.Meenakshipuram,626112,VIRUDHUNAGAR
T.Sedapatti,626204,VIRUDHUNAGAR
Tamilnadu Cements Alangulam,626127,VIRUDHUNAGAR
Tamilpadi,626129,VIRUDHUNAGAR
Terkuvenganllur,626142,VIRUDHUNAGAR
Thailapuram,626149,VIRUDHUNAGAR
Thayilpatti,626128,VIRUDHUNAGAR
Thombakulam,626136,VIRUDHUNAGAR
Thoppalakarai,626114,VIRUDHUNAGAR
Thulukkapatti,626204,VIRUDHUNAGAR
Thulukkapatti R.S.,626204,VIRUDHUNAGAR
Thummusinnampatti,626118,VIRUDHUNAGAR
Thungareddiapatti,626203,VIRUDHUNAGAR
Tiruchuli,626129,VIRUDHUNAGAR
Tiruthangal,626130,VIRUDHUNAGAR
Ulagudi,626607,VIRUDHUNAGAR
Uppathur,626205,VIRUDHUNAGAR
V.Muthulingapuram,626119,VIRUDHUNAGAR
Vadakarai,626136,VIRUDHUNAGAR
Vadakkunatham,626114,VIRUDHUNAGAR
Vadamalaikurichi,626002,VIRUDHUNAGAR
Vadamalapuram,626130,VIRUDHUNAGAR
Vadhuvarpatti,626134,VIRUDHUNAGAR
Vairavanangoor,626106,VIRUDHUNAGAR
Vaithilingapuram,626125,VIRUDHUNAGAR
Vakkanangundu,626104,VIRUDHUNAGAR
Valayapatti,626127,VIRUDHUNAGAR
Valliyur,626005,VIRUDHUNAGAR
Varaganur,626140,VIRUDHUNAGAR
Vedanatham,626118,VIRUDHUNAGAR
Vellayapuram,626112,VIRUDHUNAGAR
Vellur,626005,VIRUDHUNAGAR
Vembakottai,626131,VIRUDHUNAGAR
Venkatachalapuram,626203,VIRUDHUNAGAR
Vetrilaiyurani,626128,VIRUDHUNAGAR
Vijayakarisalkulam,626131,VIRUDHUNAGAR
Vilampatti,626124,VIRUDHUNAGAR
Villipathiri,626109,VIRUDHUNAGAR
Villupanur,626138,VIRUDHUNAGAR
Viracholan,626612,VIRUDHUNAGAR
Virudhunagar,626001,VIRUDHUNAGAR
Virudhunagar Bazaar,626001,VIRUDHUNAGAR
Virudhunagar Bus Stand,626001,VIRUDHUNAGAR
Virudhunagar Collectorate,626002,VIRUDHUNAGAR
Virudhunagar Extension,626001,VIRUDHUNAGAR
Virudhunagar Housing Unit Colo,626001,VIRUDHUNAGAR
Virudhunagar Industrial Estate,626003,VIRUDHUNAGAR
Virudhunagar North,626001,VIRUDHUNAGAR
Virudhunagar Town,626001,VIRUDHUNAGAR
Viswanatham,626189,VIRUDHUNAGAR
W Pudupatti,626116,VIRUDHUNAGAR
Watrap,626132,VIRUDHUNAGAR
Zaminkollangondan,626142,VIRUDHUNAGAR
